Territorio,Año,Mes,Victimas,EdadVictima,EdadAgresor,VM.AG.Relación,VM.AG.Conviviencia,Denuncia
España,2003,4,0,Total,Total,Expareja,No,Había denuncia
España,2003,4,0,Total,Total,Expareja,No,No consta denuncia
España,2003,4,0,Total,Total,Expareja,No,No había denuncia
España,2003,4,0,Total,Total,Expareja,No contesta,Había denuncia
España,2003,4,0,Total,Total,Expareja,No contesta,No consta denuncia
España,2003,4,0,Total,Total,Expareja,No contesta,No había denuncia
España,2003,4,0,Total,Total,Expareja,Sí,Había denuncia
España,2003,4,0,Total,Total,Expareja,Sí,No consta denuncia
España,2003,4,0,Total,Total,Expareja,Sí,No había denuncia
España,2003,4,0,Total,Total,Pareja,No,Había denuncia
España,2003,4,0,Total,Total,Pareja,No,No consta denuncia
España,2003,4,0,Total,Total,Pareja,No,No había denuncia
España,2003,4,0,Total,Total,Pareja,No contesta,Había denuncia
España,2003,4,0,Total,Total,Pareja,No contesta,No consta denuncia
España,2003,4,0,Total,Total,Pareja,No contesta,No había denuncia
España,2003,4,0,Total,Total,Pareja,Sí,Había denuncia
España,2003,4,5,Total,Total,Pareja,Sí,No consta denuncia
España,2003,4,0,Total,Total,Pareja,Sí,No había denuncia
España,2003,8,0,Total,Total,Expareja,No,Había denuncia
España,2003,8,2,Total,Total,Expareja,No,No consta denuncia
España,2003,8,0,Total,Total,Expareja,No,No había denuncia
España,2003,8,0,Total,Total,Expareja,No contesta,Había denuncia
España,2003,8,0,Total,Total,Expareja,No contesta,No consta denuncia
España,2003,8,0,Total,Total,Expareja,No contesta,No había denuncia
España,2003,8,0,Total,Total,Expareja,Sí,Había denuncia
España,2003,8,0,Total,Total,Expareja,Sí,No consta denuncia
España,2003,8,0,Total,Total,Expareja,Sí,No había denuncia
España,2003,8,0,Total,Total,Pareja,No,Había denuncia
España,2003,8,0,Total,Total,Pareja,No,No consta denuncia
España,2003,8,0,Total,Total,Pareja,No,No había denuncia
España,2003,8,0,Total,Total,Pareja,No contesta,Había denuncia
España,2003,8,0,Total,Total,Pareja,No contesta,No consta denuncia
España,2003,8,0,Total,Total,Pareja,No contesta,No había denuncia
España,2003,8,0,Total,Total,Pareja,Sí,Había denuncia
España,2003,8,6,Total,Total,Pareja,Sí,No consta denuncia
España,2003,8,0,Total,Total,Pareja,Sí,No había denuncia
España,2003,12,0,Total,Total,Expareja,No,Había denuncia
España,2003,12,1,Total,Total,Expareja,No,No consta denuncia
España,2003,12,0,Total,Total,Expareja,No,No había denuncia
España,2003,12,0,Total,Total,Expareja,No contesta,Había denuncia
España,2003,12,0,Total,Total,Expareja,No contesta,No consta denuncia
España,2003,12,0,Total,Total,Expareja,No contesta,No había denuncia
España,2003,12,0,Total,Total,Expareja,Sí,Había denuncia
España,2003,12,0,Total,Total,Expareja,Sí,No consta denuncia
España,2003,12,0,Total,Total,Expareja,Sí,No había denuncia
España,2003,12,0,Total,Total,Pareja,No,Había denuncia
España,2003,12,0,Total,Total,Pareja,No,No consta denuncia
España,2003,12,0,Total,Total,Pareja,No,No había denuncia
España,2003,12,0,Total,Total,Pareja,No contesta,Había denuncia
España,2003,12,0,Total,Total,Pareja,No contesta,No consta denuncia
España,2003,12,0,Total,Total,Pareja,No contesta,No había denuncia
España,2003,12,0,Total,Total,Pareja,Sí,Había denuncia
España,2003,12,2,Total,Total,Pareja,Sí,No consta denuncia
España,2003,12,0,Total,Total,Pareja,Sí,No había denuncia
España,2003,1,0,Total,Total,Expareja,No,Había denuncia
España,2003,1,1,Total,Total,Expareja,No,No consta denuncia
España,2003,1,0,Total,Total,Expareja,No,No había denuncia
España,2003,1,0,Total,Total,Expareja,No contesta,Había denuncia
España,2003,1,0,Total,Total,Expareja,No contesta,No consta denuncia
España,2003,1,0,Total,Total,Expareja,No contesta,No había denuncia
España,2003,1,0,Total,Total,Expareja,Sí,Había denuncia
España,2003,1,0,Total,Total,Expareja,Sí,No consta denuncia
España,2003,1,0,Total,Total,Expareja,Sí,No había denuncia
España,2003,1,0,Total,Total,Pareja,No,Había denuncia
España,2003,1,0,Total,Total,Pareja,No,No consta denuncia
España,2003,1,0,Total,Total,Pareja,No,No había denuncia
España,2003,1,0,Total,Total,Pareja,No contesta,Había denuncia
España,2003,1,0,Total,Total,Pareja,No contesta,No consta denuncia
España,2003,1,0,Total,Total,Pareja,No contesta,No había denuncia
España,2003,1,0,Total,Total,Pareja,Sí,Había denuncia
España,2003,1,7,Total,Total,Pareja,Sí,No consta denuncia
España,2003,1,0,Total,Total,Pareja,Sí,No había denuncia
España,2003,2,0,Total,Total,Expareja,No,Había denuncia
España,2003,2,1,Total,Total,Expareja,No,No consta denuncia
España,2003,2,0,Total,Total,Expareja,No,No había denuncia
España,2003,2,0,Total,Total,Expareja,No contesta,Había denuncia
España,2003,2,0,Total,Total,Expareja,No contesta,No consta denuncia
España,2003,2,0,Total,Total,Expareja,No contesta,No había denuncia
España,2003,2,0,Total,Total,Expareja,Sí,Había denuncia
España,2003,2,0,Total,Total,Expareja,Sí,No consta denuncia
España,2003,2,0,Total,Total,Expareja,Sí,No había denuncia
España,2003,2,0,Total,Total,Pareja,No,Había denuncia
España,2003,2,0,Total,Total,Pareja,No,No consta denuncia
España,2003,2,0,Total,Total,Pareja,No,No había denuncia
España,2003,2,0,Total,Total,Pareja,No contesta,Había denuncia
España,2003,2,0,Total,Total,Pareja,No contesta,No consta denuncia
España,2003,2,0,Total,Total,Pareja,No contesta,No había denuncia
España,2003,2,0,Total,Total,Pareja,Sí,Había denuncia
España,2003,2,3,Total,Total,Pareja,Sí,No consta denuncia
España,2003,2,0,Total,Total,Pareja,Sí,No había denuncia
España,2003,7,0,Total,Total,Expareja,No,Había denuncia
España,2003,7,1,Total,Total,Expareja,No,No consta denuncia
España,2003,7,0,Total,Total,Expareja,No,No había denuncia
España,2003,7,0,Total,Total,Expareja,No contesta,Había denuncia
España,2003,7,0,Total,Total,Expareja,No contesta,No consta denuncia
España,2003,7,0,Total,Total,Expareja,No contesta,No había denuncia
España,2003,7,0,Total,Total,Expareja,Sí,Había denuncia
España,2003,7,0,Total,Total,Expareja,Sí,No consta denuncia
España,2003,7,0,Total,Total,Expareja,Sí,No había denuncia
España,2003,7,0,Total,Total,Pareja,No,Había denuncia
España,2003,7,0,Total,Total,Pareja,No,No consta denuncia
España,2003,7,0,Total,Total,Pareja,No,No había denuncia
España,2003,7,0,Total,Total,Pareja,No contesta,Había denuncia
España,2003,7,0,Total,Total,Pareja,No contesta,No consta denuncia
España,2003,7,0,Total,Total,Pareja,No contesta,No había denuncia
España,2003,7,0,Total,Total,Pareja,Sí,Había denuncia
España,2003,7,7,Total,Total,Pareja,Sí,No consta denuncia
España,2003,7,0,Total,Total,Pareja,Sí,No había denuncia
España,2003,6,0,Total,Total,Expareja,No,Había denuncia
España,2003,6,2,Total,Total,Expareja,No,No consta denuncia
España,2003,6,0,Total,Total,Expareja,No,No había denuncia
España,2003,6,0,Total,Total,Expareja,No contesta,Había denuncia
España,2003,6,0,Total,Total,Expareja,No contesta,No consta denuncia
España,2003,6,0,Total,Total,Expareja,No contesta,No había denuncia
España,2003,6,0,Total,Total,Expareja,Sí,Había denuncia
España,2003,6,0,Total,Total,Expareja,Sí,No consta denuncia
España,2003,6,0,Total,Total,Expareja,Sí,No había denuncia
España,2003,6,0,Total,Total,Pareja,No,Había denuncia
España,2003,6,0,Total,Total,Pareja,No,No consta denuncia
España,2003,6,0,Total,Total,Pareja,No,No había denuncia
España,2003,6,0,Total,Total,Pareja,No contesta,Había denuncia
España,2003,6,0,Total,Total,Pareja,No contesta,No consta denuncia
España,2003,6,0,Total,Total,Pareja,No contesta,No había denuncia
España,2003,6,0,Total,Total,Pareja,Sí,Había denuncia
España,2003,6,5,Total,Total,Pareja,Sí,No consta denuncia
España,2003,6,0,Total,Total,Pareja,Sí,No había denuncia
España,2003,3,0,Total,Total,Expareja,No,Había denuncia
España,2003,3,2,Total,Total,Expareja,No,No consta denuncia
España,2003,3,0,Total,Total,Expareja,No,No había denuncia
España,2003,3,0,Total,Total,Expareja,No contesta,Había denuncia
España,2003,3,0,Total,Total,Expareja,No contesta,No consta denuncia
España,2003,3,0,Total,Total,Expareja,No contesta,No había denuncia
España,2003,3,0,Total,Total,Expareja,Sí,Había denuncia
España,2003,3,0,Total,Total,Expareja,Sí,No consta denuncia
España,2003,3,0,Total,Total,Expareja,Sí,No había denuncia
España,2003,3,0,Total,Total,Pareja,No,Había denuncia
España,2003,3,0,Total,Total,Pareja,No,No consta denuncia
España,2003,3,0,Total,Total,Pareja,No,No había denuncia
España,2003,3,0,Total,Total,Pareja,No contesta,Había denuncia
España,2003,3,0,Total,Total,Pareja,No contesta,No consta denuncia
España,2003,3,0,Total,Total,Pareja,No contesta,No había denuncia
España,2003,3,0,Total,Total,Pareja,Sí,Había denuncia
España,2003,3,4,Total,Total,Pareja,Sí,No consta denuncia
España,2003,3,0,Total,Total,Pareja,Sí,No había denuncia
España,2003,5,0,Total,Total,Expareja,No,Había denuncia
España,2003,5,1,Total,Total,Expareja,No,No consta denuncia
España,2003,5,0,Total,Total,Expareja,No,No había denuncia
España,2003,5,0,Total,Total,Expareja,No contesta,Había denuncia
España,2003,5,0,Total,Total,Expareja,No contesta,No consta denuncia
España,2003,5,0,Total,Total,Expareja,No contesta,No había denuncia
España,2003,5,0,Total,Total,Expareja,Sí,Había denuncia
España,2003,5,0,Total,Total,Expareja,Sí,No consta denuncia
España,2003,5,0,Total,Total,Expareja,Sí,No había denuncia
España,2003,5,0,Total,Total,Pareja,No,Había denuncia
España,2003,5,0,Total,Total,Pareja,No,No consta denuncia
España,2003,5,0,Total,Total,Pareja,No,No había denuncia
España,2003,5,0,Total,Total,Pareja,No contesta,Había denuncia
España,2003,5,0,Total,Total,Pareja,No contesta,No consta denuncia
España,2003,5,0,Total,Total,Pareja,No contesta,No había denuncia
España,2003,5,0,Total,Total,Pareja,Sí,Había denuncia
España,2003,5,6,Total,Total,Pareja,Sí,No consta denuncia
España,2003,5,0,Total,Total,Pareja,Sí,No había denuncia
España,2003,11,0,Total,Total,Expareja,No,Había denuncia
España,2003,11,3,Total,Total,Expareja,No,No consta denuncia
España,2003,11,0,Total,Total,Expareja,No,No había denuncia
España,2003,11,0,Total,Total,Expareja,No contesta,Había denuncia
España,2003,11,0,Total,Total,Expareja,No contesta,No consta denuncia
España,2003,11,0,Total,Total,Expareja,No contesta,No había denuncia
España,2003,11,0,Total,Total,Expareja,Sí,Había denuncia
España,2003,11,0,Total,Total,Expareja,Sí,No consta denuncia
España,2003,11,0,Total,Total,Expareja,Sí,No había denuncia
España,2003,11,0,Total,Total,Pareja,No,Había denuncia
España,2003,11,0,Total,Total,Pareja,No,No consta denuncia
España,2003,11,0,Total,Total,Pareja,No,No había denuncia
España,2003,11,0,Total,Total,Pareja,No contesta,Había denuncia
España,2003,11,0,Total,Total,Pareja,No contesta,No consta denuncia
España,2003,11,0,Total,Total,Pareja,No contesta,No había denuncia
España,2003,11,0,Total,Total,Pareja,Sí,Había denuncia
España,2003,11,6,Total,Total,Pareja,Sí,No consta denuncia
España,2003,11,0,Total,Total,Pareja,Sí,No había denuncia
España,2003,10,0,Total,Total,Expareja,No,Había denuncia
España,2003,10,0,Total,Total,Expareja,No,No consta denuncia
España,2003,10,0,Total,Total,Expareja,No,No había denuncia
España,2003,10,0,Total,Total,Expareja,No contesta,Había denuncia
España,2003,10,0,Total,Total,Expareja,No contesta,No consta denuncia
España,2003,10,0,Total,Total,Expareja,No contesta,No había denuncia
España,2003,10,0,Total,Total,Expareja,Sí,Había denuncia
España,2003,10,0,Total,Total,Expareja,Sí,No consta denuncia
España,2003,10,0,Total,Total,Expareja,Sí,No había denuncia
España,2003,10,0,Total,Total,Pareja,No,Había denuncia
España,2003,10,0,Total,Total,Pareja,No,No consta denuncia
España,2003,10,0,Total,Total,Pareja,No,No había denuncia
España,2003,10,0,Total,Total,Pareja,No contesta,Había denuncia
España,2003,10,0,Total,Total,Pareja,No contesta,No consta denuncia
España,2003,10,0,Total,Total,Pareja,No contesta,No había denuncia
España,2003,10,0,Total,Total,Pareja,Sí,Había denuncia
España,2003,10,2,Total,Total,Pareja,Sí,No consta denuncia
España,2003,10,0,Total,Total,Pareja,Sí,No había denuncia
España,2003,9,0,Total,Total,Expareja,No,Había denuncia
España,2003,9,2,Total,Total,Expareja,No,No consta denuncia
España,2003,9,0,Total,Total,Expareja,No,No había denuncia
España,2003,9,0,Total,Total,Expareja,No contesta,Había denuncia
España,2003,9,0,Total,Total,Expareja,No contesta,No consta denuncia
España,2003,9,0,Total,Total,Expareja,No contesta,No había denuncia
España,2003,9,0,Total,Total,Expareja,Sí,Había denuncia
España,2003,9,0,Total,Total,Expareja,Sí,No consta denuncia
España,2003,9,0,Total,Total,Expareja,Sí,No había denuncia
España,2003,9,0,Total,Total,Pareja,No,Había denuncia
España,2003,9,0,Total,Total,Pareja,No,No consta denuncia
España,2003,9,0,Total,Total,Pareja,No,No había denuncia
España,2003,9,0,Total,Total,Pareja,No contesta,Había denuncia
España,2003,9,0,Total,Total,Pareja,No contesta,No consta denuncia
España,2003,9,0,Total,Total,Pareja,No contesta,No había denuncia
España,2003,9,0,Total,Total,Pareja,Sí,Había denuncia
España,2003,9,2,Total,Total,Pareja,Sí,No consta denuncia
España,2003,9,0,Total,Total,Pareja,Sí,No había denuncia
España,2004,4,0,Total,Total,Expareja,No,Había denuncia
España,2004,4,1,Total,Total,Expareja,No,No consta denuncia
España,2004,4,0,Total,Total,Expareja,No,No había denuncia
España,2004,4,0,Total,Total,Expareja,No contesta,Había denuncia
España,2004,4,0,Total,Total,Expareja,No contesta,No consta denuncia
España,2004,4,0,Total,Total,Expareja,No contesta,No había denuncia
España,2004,4,0,Total,Total,Expareja,Sí,Había denuncia
España,2004,4,0,Total,Total,Expareja,Sí,No consta denuncia
España,2004,4,0,Total,Total,Expareja,Sí,No había denuncia
España,2004,4,0,Total,Total,Pareja,No,Había denuncia
España,2004,4,0,Total,Total,Pareja,No,No consta denuncia
España,2004,4,0,Total,Total,Pareja,No,No había denuncia
España,2004,4,0,Total,Total,Pareja,No contesta,Había denuncia
España,2004,4,0,Total,Total,Pareja,No contesta,No consta denuncia
España,2004,4,0,Total,Total,Pareja,No contesta,No había denuncia
España,2004,4,0,Total,Total,Pareja,Sí,Había denuncia
España,2004,4,5,Total,Total,Pareja,Sí,No consta denuncia
España,2004,4,0,Total,Total,Pareja,Sí,No había denuncia
España,2004,8,0,Total,Total,Expareja,No,Había denuncia
España,2004,8,2,Total,Total,Expareja,No,No consta denuncia
España,2004,8,0,Total,Total,Expareja,No,No había denuncia
España,2004,8,0,Total,Total,Expareja,No contesta,Había denuncia
España,2004,8,0,Total,Total,Expareja,No contesta,No consta denuncia
España,2004,8,0,Total,Total,Expareja,No contesta,No había denuncia
España,2004,8,0,Total,Total,Expareja,Sí,Había denuncia
España,2004,8,0,Total,Total,Expareja,Sí,No consta denuncia
España,2004,8,0,Total,Total,Expareja,Sí,No había denuncia
España,2004,8,0,Total,Total,Pareja,No,Había denuncia
España,2004,8,1,Total,Total,Pareja,No,No consta denuncia
España,2004,8,0,Total,Total,Pareja,No,No había denuncia
España,2004,8,0,Total,Total,Pareja,No contesta,Había denuncia
España,2004,8,0,Total,Total,Pareja,No contesta,No consta denuncia
España,2004,8,0,Total,Total,Pareja,No contesta,No había denuncia
España,2004,8,0,Total,Total,Pareja,Sí,Había denuncia
España,2004,8,3,Total,Total,Pareja,Sí,No consta denuncia
España,2004,8,0,Total,Total,Pareja,Sí,No había denuncia
España,2004,12,0,Total,Total,Expareja,No,Había denuncia
España,2004,12,0,Total,Total,Expareja,No,No consta denuncia
España,2004,12,0,Total,Total,Expareja,No,No había denuncia
España,2004,12,0,Total,Total,Expareja,No contesta,Había denuncia
España,2004,12,0,Total,Total,Expareja,No contesta,No consta denuncia
España,2004,12,0,Total,Total,Expareja,No contesta,No había denuncia
España,2004,12,0,Total,Total,Expareja,Sí,Había denuncia
España,2004,12,0,Total,Total,Expareja,Sí,No consta denuncia
España,2004,12,0,Total,Total,Expareja,Sí,No había denuncia
España,2004,12,0,Total,Total,Pareja,No,Había denuncia
España,2004,12,2,Total,Total,Pareja,No,No consta denuncia
España,2004,12,0,Total,Total,Pareja,No,No había denuncia
España,2004,12,0,Total,Total,Pareja,No contesta,Había denuncia
España,2004,12,0,Total,Total,Pareja,No contesta,No consta denuncia
España,2004,12,0,Total,Total,Pareja,No contesta,No había denuncia
España,2004,12,0,Total,Total,Pareja,Sí,Había denuncia
España,2004,12,6,Total,Total,Pareja,Sí,No consta denuncia
España,2004,12,0,Total,Total,Pareja,Sí,No había denuncia
España,2004,1,0,Total,Total,Expareja,No,Había denuncia
España,2004,1,1,Total,Total,Expareja,No,No consta denuncia
España,2004,1,0,Total,Total,Expareja,No,No había denuncia
España,2004,1,0,Total,Total,Expareja,No contesta,Había denuncia
España,2004,1,0,Total,Total,Expareja,No contesta,No consta denuncia
España,2004,1,0,Total,Total,Expareja,No contesta,No había denuncia
España,2004,1,0,Total,Total,Expareja,Sí,Había denuncia
España,2004,1,0,Total,Total,Expareja,Sí,No consta denuncia
España,2004,1,0,Total,Total,Expareja,Sí,No había denuncia
España,2004,1,0,Total,Total,Pareja,No,Había denuncia
España,2004,1,0,Total,Total,Pareja,No,No consta denuncia
España,2004,1,0,Total,Total,Pareja,No,No había denuncia
España,2004,1,0,Total,Total,Pareja,No contesta,Había denuncia
España,2004,1,0,Total,Total,Pareja,No contesta,No consta denuncia
España,2004,1,0,Total,Total,Pareja,No contesta,No había denuncia
España,2004,1,0,Total,Total,Pareja,Sí,Había denuncia
España,2004,1,1,Total,Total,Pareja,Sí,No consta denuncia
España,2004,1,0,Total,Total,Pareja,Sí,No había denuncia
España,2004,2,0,Total,Total,Expareja,No,Había denuncia
España,2004,2,0,Total,Total,Expareja,No,No consta denuncia
España,2004,2,0,Total,Total,Expareja,No,No había denuncia
España,2004,2,0,Total,Total,Expareja,No contesta,Había denuncia
España,2004,2,0,Total,Total,Expareja,No contesta,No consta denuncia
España,2004,2,0,Total,Total,Expareja,No contesta,No había denuncia
España,2004,2,0,Total,Total,Expareja,Sí,Había denuncia
España,2004,2,0,Total,Total,Expareja,Sí,No consta denuncia
España,2004,2,0,Total,Total,Expareja,Sí,No había denuncia
España,2004,2,0,Total,Total,Pareja,No,Había denuncia
España,2004,2,0,Total,Total,Pareja,No,No consta denuncia
España,2004,2,0,Total,Total,Pareja,No,No había denuncia
España,2004,2,0,Total,Total,Pareja,No contesta,Había denuncia
España,2004,2,0,Total,Total,Pareja,No contesta,No consta denuncia
España,2004,2,0,Total,Total,Pareja,No contesta,No había denuncia
España,2004,2,0,Total,Total,Pareja,Sí,Había denuncia
España,2004,2,5,Total,Total,Pareja,Sí,No consta denuncia
España,2004,2,0,Total,Total,Pareja,Sí,No había denuncia
España,2004,7,0,Total,Total,Expareja,No,Había denuncia
España,2004,7,2,Total,Total,Expareja,No,No consta denuncia
España,2004,7,0,Total,Total,Expareja,No,No había denuncia
España,2004,7,0,Total,Total,Expareja,No contesta,Había denuncia
España,2004,7,0,Total,Total,Expareja,No contesta,No consta denuncia
España,2004,7,0,Total,Total,Expareja,No contesta,No había denuncia
España,2004,7,0,Total,Total,Expareja,Sí,Había denuncia
España,2004,7,0,Total,Total,Expareja,Sí,No consta denuncia
España,2004,7,0,Total,Total,Expareja,Sí,No había denuncia
España,2004,7,0,Total,Total,Pareja,No,Había denuncia
España,2004,7,1,Total,Total,Pareja,No,No consta denuncia
España,2004,7,0,Total,Total,Pareja,No,No había denuncia
España,2004,7,0,Total,Total,Pareja,No contesta,Había denuncia
España,2004,7,0,Total,Total,Pareja,No contesta,No consta denuncia
España,2004,7,0,Total,Total,Pareja,No contesta,No había denuncia
España,2004,7,0,Total,Total,Pareja,Sí,Había denuncia
España,2004,7,4,Total,Total,Pareja,Sí,No consta denuncia
España,2004,7,0,Total,Total,Pareja,Sí,No había denuncia
España,2004,6,0,Total,Total,Expareja,No,Había denuncia
España,2004,6,2,Total,Total,Expareja,No,No consta denuncia
España,2004,6,0,Total,Total,Expareja,No,No había denuncia
España,2004,6,0,Total,Total,Expareja,No contesta,Había denuncia
España,2004,6,0,Total,Total,Expareja,No contesta,No consta denuncia
España,2004,6,0,Total,Total,Expareja,No contesta,No había denuncia
España,2004,6,0,Total,Total,Expareja,Sí,Había denuncia
España,2004,6,0,Total,Total,Expareja,Sí,No consta denuncia
España,2004,6,0,Total,Total,Expareja,Sí,No había denuncia
España,2004,6,0,Total,Total,Pareja,No,Había denuncia
España,2004,6,0,Total,Total,Pareja,No,No consta denuncia
España,2004,6,0,Total,Total,Pareja,No,No había denuncia
España,2004,6,0,Total,Total,Pareja,No contesta,Había denuncia
España,2004,6,0,Total,Total,Pareja,No contesta,No consta denuncia
España,2004,6,0,Total,Total,Pareja,No contesta,No había denuncia
España,2004,6,0,Total,Total,Pareja,Sí,Había denuncia
España,2004,6,4,Total,Total,Pareja,Sí,No consta denuncia
España,2004,6,0,Total,Total,Pareja,Sí,No había denuncia
España,2004,3,0,Total,Total,Expareja,No,Había denuncia
España,2004,3,1,Total,Total,Expareja,No,No consta denuncia
España,2004,3,0,Total,Total,Expareja,No,No había denuncia
España,2004,3,0,Total,Total,Expareja,No contesta,Había denuncia
España,2004,3,0,Total,Total,Expareja,No contesta,No consta denuncia
España,2004,3,0,Total,Total,Expareja,No contesta,No había denuncia
España,2004,3,0,Total,Total,Expareja,Sí,Había denuncia
España,2004,3,0,Total,Total,Expareja,Sí,No consta denuncia
España,2004,3,0,Total,Total,Expareja,Sí,No había denuncia
España,2004,3,0,Total,Total,Pareja,No,Había denuncia
España,2004,3,0,Total,Total,Pareja,No,No consta denuncia
España,2004,3,0,Total,Total,Pareja,No,No había denuncia
España,2004,3,0,Total,Total,Pareja,No contesta,Había denuncia
España,2004,3,0,Total,Total,Pareja,No contesta,No consta denuncia
España,2004,3,0,Total,Total,Pareja,No contesta,No había denuncia
España,2004,3,0,Total,Total,Pareja,Sí,Había denuncia
España,2004,3,5,Total,Total,Pareja,Sí,No consta denuncia
España,2004,3,0,Total,Total,Pareja,Sí,No había denuncia
España,2004,5,0,Total,Total,Expareja,No,Había denuncia
España,2004,5,1,Total,Total,Expareja,No,No consta denuncia
España,2004,5,0,Total,Total,Expareja,No,No había denuncia
España,2004,5,0,Total,Total,Expareja,No contesta,Había denuncia
España,2004,5,0,Total,Total,Expareja,No contesta,No consta denuncia
España,2004,5,0,Total,Total,Expareja,No contesta,No había denuncia
España,2004,5,0,Total,Total,Expareja,Sí,Había denuncia
España,2004,5,0,Total,Total,Expareja,Sí,No consta denuncia
España,2004,5,0,Total,Total,Expareja,Sí,No había denuncia
España,2004,5,0,Total,Total,Pareja,No,Había denuncia
España,2004,5,2,Total,Total,Pareja,No,No consta denuncia
España,2004,5,0,Total,Total,Pareja,No,No había denuncia
España,2004,5,0,Total,Total,Pareja,No contesta,Había denuncia
España,2004,5,0,Total,Total,Pareja,No contesta,No consta denuncia
España,2004,5,0,Total,Total,Pareja,No contesta,No había denuncia
España,2004,5,0,Total,Total,Pareja,Sí,Había denuncia
España,2004,5,5,Total,Total,Pareja,Sí,No consta denuncia
España,2004,5,0,Total,Total,Pareja,Sí,No había denuncia
España,2004,11,0,Total,Total,Expareja,No,Había denuncia
España,2004,11,2,Total,Total,Expareja,No,No consta denuncia
España,2004,11,0,Total,Total,Expareja,No,No había denuncia
España,2004,11,0,Total,Total,Expareja,No contesta,Había denuncia
España,2004,11,0,Total,Total,Expareja,No contesta,No consta denuncia
España,2004,11,0,Total,Total,Expareja,No contesta,No había denuncia
España,2004,11,0,Total,Total,Expareja,Sí,Había denuncia
España,2004,11,0,Total,Total,Expareja,Sí,No consta denuncia
España,2004,11,0,Total,Total,Expareja,Sí,No había denuncia
España,2004,11,0,Total,Total,Pareja,No,Había denuncia
España,2004,11,0,Total,Total,Pareja,No,No consta denuncia
España,2004,11,0,Total,Total,Pareja,No,No había denuncia
España,2004,11,0,Total,Total,Pareja,No contesta,Había denuncia
España,2004,11,0,Total,Total,Pareja,No contesta,No consta denuncia
España,2004,11,0,Total,Total,Pareja,No contesta,No había denuncia
España,2004,11,0,Total,Total,Pareja,Sí,Había denuncia
España,2004,11,2,Total,Total,Pareja,Sí,No consta denuncia
España,2004,11,0,Total,Total,Pareja,Sí,No había denuncia
España,2004,10,0,Total,Total,Expareja,No,Había denuncia
España,2004,10,1,Total,Total,Expareja,No,No consta denuncia
España,2004,10,0,Total,Total,Expareja,No,No había denuncia
España,2004,10,0,Total,Total,Expareja,No contesta,Había denuncia
España,2004,10,0,Total,Total,Expareja,No contesta,No consta denuncia
España,2004,10,0,Total,Total,Expareja,No contesta,No había denuncia
España,2004,10,0,Total,Total,Expareja,Sí,Había denuncia
España,2004,10,0,Total,Total,Expareja,Sí,No consta denuncia
España,2004,10,0,Total,Total,Expareja,Sí,No había denuncia
España,2004,10,0,Total,Total,Pareja,No,Había denuncia
España,2004,10,2,Total,Total,Pareja,No,No consta denuncia
España,2004,10,0,Total,Total,Pareja,No,No había denuncia
España,2004,10,0,Total,Total,Pareja,No contesta,Había denuncia
España,2004,10,0,Total,Total,Pareja,No contesta,No consta denuncia
España,2004,10,0,Total,Total,Pareja,No contesta,No había denuncia
España,2004,10,0,Total,Total,Pareja,Sí,Había denuncia
España,2004,10,4,Total,Total,Pareja,Sí,No consta denuncia
España,2004,10,0,Total,Total,Pareja,Sí,No había denuncia
España,2004,9,0,Total,Total,Expareja,No,Había denuncia
España,2004,9,3,Total,Total,Expareja,No,No consta denuncia
España,2004,9,0,Total,Total,Expareja,No,No había denuncia
España,2004,9,0,Total,Total,Expareja,No contesta,Había denuncia
España,2004,9,0,Total,Total,Expareja,No contesta,No consta denuncia
España,2004,9,0,Total,Total,Expareja,No contesta,No había denuncia
España,2004,9,0,Total,Total,Expareja,Sí,Había denuncia
España,2004,9,0,Total,Total,Expareja,Sí,No consta denuncia
España,2004,9,0,Total,Total,Expareja,Sí,No había denuncia
España,2004,9,0,Total,Total,Pareja,No,Había denuncia
España,2004,9,0,Total,Total,Pareja,No,No consta denuncia
España,2004,9,0,Total,Total,Pareja,No,No había denuncia
España,2004,9,0,Total,Total,Pareja,No contesta,Había denuncia
España,2004,9,0,Total,Total,Pareja,No contesta,No consta denuncia
España,2004,9,0,Total,Total,Pareja,No contesta,No había denuncia
España,2004,9,0,Total,Total,Pareja,Sí,Había denuncia
España,2004,9,4,Total,Total,Pareja,Sí,No consta denuncia
España,2004,9,0,Total,Total,Pareja,Sí,No había denuncia
España,2005,4,0,Total,Total,Expareja,No,Había denuncia
España,2005,4,0,Total,Total,Expareja,No,No consta denuncia
España,2005,4,0,Total,Total,Expareja,No,No había denuncia
España,2005,4,0,Total,Total,Expareja,No contesta,Había denuncia
España,2005,4,0,Total,Total,Expareja,No contesta,No consta denuncia
España,2005,4,0,Total,Total,Expareja,No contesta,No había denuncia
España,2005,4,0,Total,Total,Expareja,Sí,Había denuncia
España,2005,4,0,Total,Total,Expareja,Sí,No consta denuncia
España,2005,4,0,Total,Total,Expareja,Sí,No había denuncia
España,2005,4,0,Total,Total,Pareja,No,Había denuncia
España,2005,4,0,Total,Total,Pareja,No,No consta denuncia
España,2005,4,0,Total,Total,Pareja,No,No había denuncia
España,2005,4,0,Total,Total,Pareja,No contesta,Había denuncia
España,2005,4,0,Total,Total,Pareja,No contesta,No consta denuncia
España,2005,4,0,Total,Total,Pareja,No contesta,No había denuncia
España,2005,4,0,Total,Total,Pareja,Sí,Había denuncia
España,2005,4,4,Total,Total,Pareja,Sí,No consta denuncia
España,2005,4,0,Total,Total,Pareja,Sí,No había denuncia
España,2005,8,0,Total,Total,Expareja,No,Había denuncia
España,2005,8,0,Total,Total,Expareja,No,No consta denuncia
España,2005,8,0,Total,Total,Expareja,No,No había denuncia
España,2005,8,0,Total,Total,Expareja,No contesta,Había denuncia
España,2005,8,0,Total,Total,Expareja,No contesta,No consta denuncia
España,2005,8,0,Total,Total,Expareja,No contesta,No había denuncia
España,2005,8,0,Total,Total,Expareja,Sí,Había denuncia
España,2005,8,0,Total,Total,Expareja,Sí,No consta denuncia
España,2005,8,0,Total,Total,Expareja,Sí,No había denuncia
España,2005,8,0,Total,Total,Pareja,No,Había denuncia
España,2005,8,2,Total,Total,Pareja,No,No consta denuncia
España,2005,8,0,Total,Total,Pareja,No,No había denuncia
España,2005,8,0,Total,Total,Pareja,No contesta,Había denuncia
España,2005,8,0,Total,Total,Pareja,No contesta,No consta denuncia
España,2005,8,0,Total,Total,Pareja,No contesta,No había denuncia
España,2005,8,0,Total,Total,Pareja,Sí,Había denuncia
España,2005,8,4,Total,Total,Pareja,Sí,No consta denuncia
España,2005,8,0,Total,Total,Pareja,Sí,No había denuncia
España,2005,12,0,Total,Total,Expareja,No,Había denuncia
España,2005,12,0,Total,Total,Expareja,No,No consta denuncia
España,2005,12,0,Total,Total,Expareja,No,No había denuncia
España,2005,12,0,Total,Total,Expareja,No contesta,Había denuncia
España,2005,12,0,Total,Total,Expareja,No contesta,No consta denuncia
España,2005,12,0,Total,Total,Expareja,No contesta,No había denuncia
España,2005,12,0,Total,Total,Expareja,Sí,Había denuncia
España,2005,12,0,Total,Total,Expareja,Sí,No consta denuncia
España,2005,12,0,Total,Total,Expareja,Sí,No había denuncia
España,2005,12,0,Total,Total,Pareja,No,Había denuncia
España,2005,12,0,Total,Total,Pareja,No,No consta denuncia
España,2005,12,0,Total,Total,Pareja,No,No había denuncia
España,2005,12,0,Total,Total,Pareja,No contesta,Había denuncia
España,2005,12,0,Total,Total,Pareja,No contesta,No consta denuncia
España,2005,12,0,Total,Total,Pareja,No contesta,No había denuncia
España,2005,12,0,Total,Total,Pareja,Sí,Había denuncia
España,2005,12,3,Total,Total,Pareja,Sí,No consta denuncia
España,2005,12,0,Total,Total,Pareja,Sí,No había denuncia
España,2005,1,0,Total,Total,Expareja,No,Había denuncia
España,2005,1,3,Total,Total,Expareja,No,No consta denuncia
España,2005,1,0,Total,Total,Expareja,No,No había denuncia
España,2005,1,0,Total,Total,Expareja,No contesta,Había denuncia
España,2005,1,0,Total,Total,Expareja,No contesta,No consta denuncia
España,2005,1,0,Total,Total,Expareja,No contesta,No había denuncia
España,2005,1,0,Total,Total,Expareja,Sí,Había denuncia
España,2005,1,0,Total,Total,Expareja,Sí,No consta denuncia
España,2005,1,0,Total,Total,Expareja,Sí,No había denuncia
España,2005,1,0,Total,Total,Pareja,No,Había denuncia
España,2005,1,1,Total,Total,Pareja,No,No consta denuncia
España,2005,1,0,Total,Total,Pareja,No,No había denuncia
España,2005,1,0,Total,Total,Pareja,No contesta,Había denuncia
España,2005,1,0,Total,Total,Pareja,No contesta,No consta denuncia
España,2005,1,0,Total,Total,Pareja,No contesta,No había denuncia
España,2005,1,0,Total,Total,Pareja,Sí,Había denuncia
España,2005,1,2,Total,Total,Pareja,Sí,No consta denuncia
España,2005,1,0,Total,Total,Pareja,Sí,No había denuncia
España,2005,2,0,Total,Total,Expareja,No,Había denuncia
España,2005,2,3,Total,Total,Expareja,No,No consta denuncia
España,2005,2,0,Total,Total,Expareja,No,No había denuncia
España,2005,2,0,Total,Total,Expareja,No contesta,Había denuncia
España,2005,2,0,Total,Total,Expareja,No contesta,No consta denuncia
España,2005,2,0,Total,Total,Expareja,No contesta,No había denuncia
España,2005,2,0,Total,Total,Expareja,Sí,Había denuncia
España,2005,2,0,Total,Total,Expareja,Sí,No consta denuncia
España,2005,2,0,Total,Total,Expareja,Sí,No había denuncia
España,2005,2,0,Total,Total,Pareja,No,Había denuncia
España,2005,2,0,Total,Total,Pareja,No,No consta denuncia
España,2005,2,0,Total,Total,Pareja,No,No había denuncia
España,2005,2,0,Total,Total,Pareja,No contesta,Había denuncia
España,2005,2,0,Total,Total,Pareja,No contesta,No consta denuncia
España,2005,2,0,Total,Total,Pareja,No contesta,No había denuncia
España,2005,2,0,Total,Total,Pareja,Sí,Había denuncia
España,2005,2,3,Total,Total,Pareja,Sí,No consta denuncia
España,2005,2,0,Total,Total,Pareja,Sí,No había denuncia
España,2005,7,0,Total,Total,Expareja,No,Había denuncia
España,2005,7,1,Total,Total,Expareja,No,No consta denuncia
España,2005,7,0,Total,Total,Expareja,No,No había denuncia
España,2005,7,0,Total,Total,Expareja,No contesta,Había denuncia
España,2005,7,0,Total,Total,Expareja,No contesta,No consta denuncia
España,2005,7,0,Total,Total,Expareja,No contesta,No había denuncia
España,2005,7,0,Total,Total,Expareja,Sí,Había denuncia
España,2005,7,0,Total,Total,Expareja,Sí,No consta denuncia
España,2005,7,0,Total,Total,Expareja,Sí,No había denuncia
España,2005,7,0,Total,Total,Pareja,No,Había denuncia
España,2005,7,0,Total,Total,Pareja,No,No consta denuncia
España,2005,7,0,Total,Total,Pareja,No,No había denuncia
España,2005,7,0,Total,Total,Pareja,No contesta,Había denuncia
España,2005,7,0,Total,Total,Pareja,No contesta,No consta denuncia
España,2005,7,0,Total,Total,Pareja,No contesta,No había denuncia
España,2005,7,0,Total,Total,Pareja,Sí,Había denuncia
España,2005,7,3,Total,Total,Pareja,Sí,No consta denuncia
España,2005,7,0,Total,Total,Pareja,Sí,No había denuncia
España,2005,6,0,Total,Total,Expareja,No,Había denuncia
España,2005,6,0,Total,Total,Expareja,No,No consta denuncia
España,2005,6,0,Total,Total,Expareja,No,No había denuncia
España,2005,6,0,Total,Total,Expareja,No contesta,Había denuncia
España,2005,6,0,Total,Total,Expareja,No contesta,No consta denuncia
España,2005,6,0,Total,Total,Expareja,No contesta,No había denuncia
España,2005,6,0,Total,Total,Expareja,Sí,Había denuncia
España,2005,6,0,Total,Total,Expareja,Sí,No consta denuncia
España,2005,6,0,Total,Total,Expareja,Sí,No había denuncia
España,2005,6,0,Total,Total,Pareja,No,Había denuncia
España,2005,6,0,Total,Total,Pareja,No,No consta denuncia
España,2005,6,0,Total,Total,Pareja,No,No había denuncia
España,2005,6,0,Total,Total,Pareja,No contesta,Había denuncia
España,2005,6,0,Total,Total,Pareja,No contesta,No consta denuncia
España,2005,6,0,Total,Total,Pareja,No contesta,No había denuncia
España,2005,6,0,Total,Total,Pareja,Sí,Había denuncia
España,2005,6,6,Total,Total,Pareja,Sí,No consta denuncia
España,2005,6,0,Total,Total,Pareja,Sí,No había denuncia
España,2005,3,0,Total,Total,Expareja,No,Había denuncia
España,2005,3,0,Total,Total,Expareja,No,No consta denuncia
España,2005,3,0,Total,Total,Expareja,No,No había denuncia
España,2005,3,0,Total,Total,Expareja,No contesta,Había denuncia
España,2005,3,0,Total,Total,Expareja,No contesta,No consta denuncia
España,2005,3,0,Total,Total,Expareja,No contesta,No había denuncia
España,2005,3,0,Total,Total,Expareja,Sí,Había denuncia
España,2005,3,0,Total,Total,Expareja,Sí,No consta denuncia
España,2005,3,0,Total,Total,Expareja,Sí,No había denuncia
España,2005,3,0,Total,Total,Pareja,No,Había denuncia
España,2005,3,0,Total,Total,Pareja,No,No consta denuncia
España,2005,3,0,Total,Total,Pareja,No,No había denuncia
España,2005,3,0,Total,Total,Pareja,No contesta,Había denuncia
España,2005,3,0,Total,Total,Pareja,No contesta,No consta denuncia
España,2005,3,0,Total,Total,Pareja,No contesta,No había denuncia
España,2005,3,0,Total,Total,Pareja,Sí,Había denuncia
España,2005,3,3,Total,Total,Pareja,Sí,No consta denuncia
España,2005,3,0,Total,Total,Pareja,Sí,No había denuncia
España,2005,5,0,Total,Total,Expareja,No,Había denuncia
España,2005,5,2,Total,Total,Expareja,No,No consta denuncia
España,2005,5,0,Total,Total,Expareja,No,No había denuncia
España,2005,5,0,Total,Total,Expareja,No contesta,Había denuncia
España,2005,5,0,Total,Total,Expareja,No contesta,No consta denuncia
España,2005,5,0,Total,Total,Expareja,No contesta,No había denuncia
España,2005,5,0,Total,Total,Expareja,Sí,Había denuncia
España,2005,5,0,Total,Total,Expareja,Sí,No consta denuncia
España,2005,5,0,Total,Total,Expareja,Sí,No había denuncia
España,2005,5,0,Total,Total,Pareja,No,Había denuncia
España,2005,5,1,Total,Total,Pareja,No,No consta denuncia
España,2005,5,0,Total,Total,Pareja,No,No había denuncia
España,2005,5,0,Total,Total,Pareja,No contesta,Había denuncia
España,2005,5,0,Total,Total,Pareja,No contesta,No consta denuncia
España,2005,5,0,Total,Total,Pareja,No contesta,No había denuncia
España,2005,5,0,Total,Total,Pareja,Sí,Había denuncia
España,2005,5,1,Total,Total,Pareja,Sí,No consta denuncia
España,2005,5,0,Total,Total,Pareja,Sí,No había denuncia
España,2005,11,0,Total,Total,Expareja,No,Había denuncia
España,2005,11,1,Total,Total,Expareja,No,No consta denuncia
España,2005,11,0,Total,Total,Expareja,No,No había denuncia
España,2005,11,0,Total,Total,Expareja,No contesta,Había denuncia
España,2005,11,0,Total,Total,Expareja,No contesta,No consta denuncia
España,2005,11,0,Total,Total,Expareja,No contesta,No había denuncia
España,2005,11,0,Total,Total,Expareja,Sí,Había denuncia
España,2005,11,0,Total,Total,Expareja,Sí,No consta denuncia
España,2005,11,0,Total,Total,Expareja,Sí,No había denuncia
España,2005,11,0,Total,Total,Pareja,No,Había denuncia
España,2005,11,0,Total,Total,Pareja,No,No consta denuncia
España,2005,11,0,Total,Total,Pareja,No,No había denuncia
España,2005,11,0,Total,Total,Pareja,No contesta,Había denuncia
España,2005,11,0,Total,Total,Pareja,No contesta,No consta denuncia
España,2005,11,0,Total,Total,Pareja,No contesta,No había denuncia
España,2005,11,0,Total,Total,Pareja,Sí,Había denuncia
España,2005,11,5,Total,Total,Pareja,Sí,No consta denuncia
España,2005,11,0,Total,Total,Pareja,Sí,No había denuncia
España,2005,10,0,Total,Total,Expareja,No,Había denuncia
España,2005,10,4,Total,Total,Expareja,No,No consta denuncia
España,2005,10,0,Total,Total,Expareja,No,No había denuncia
España,2005,10,0,Total,Total,Expareja,No contesta,Había denuncia
España,2005,10,0,Total,Total,Expareja,No contesta,No consta denuncia
España,2005,10,0,Total,Total,Expareja,No contesta,No había denuncia
España,2005,10,0,Total,Total,Expareja,Sí,Había denuncia
España,2005,10,0,Total,Total,Expareja,Sí,No consta denuncia
España,2005,10,0,Total,Total,Expareja,Sí,No había denuncia
España,2005,10,0,Total,Total,Pareja,No,Había denuncia
España,2005,10,0,Total,Total,Pareja,No,No consta denuncia
España,2005,10,0,Total,Total,Pareja,No,No había denuncia
España,2005,10,0,Total,Total,Pareja,No contesta,Había denuncia
España,2005,10,0,Total,Total,Pareja,No contesta,No consta denuncia
España,2005,10,0,Total,Total,Pareja,No contesta,No había denuncia
España,2005,10,0,Total,Total,Pareja,Sí,Había denuncia
España,2005,10,1,Total,Total,Pareja,Sí,No consta denuncia
España,2005,10,0,Total,Total,Pareja,Sí,No había denuncia
España,2005,9,0,Total,Total,Expareja,No,Había denuncia
España,2005,9,1,Total,Total,Expareja,No,No consta denuncia
España,2005,9,0,Total,Total,Expareja,No,No había denuncia
España,2005,9,0,Total,Total,Expareja,No contesta,Había denuncia
España,2005,9,0,Total,Total,Expareja,No contesta,No consta denuncia
España,2005,9,0,Total,Total,Expareja,No contesta,No había denuncia
España,2005,9,0,Total,Total,Expareja,Sí,Había denuncia
España,2005,9,0,Total,Total,Expareja,Sí,No consta denuncia
España,2005,9,0,Total,Total,Expareja,Sí,No había denuncia
España,2005,9,0,Total,Total,Pareja,No,Había denuncia
España,2005,9,2,Total,Total,Pareja,No,No consta denuncia
España,2005,9,0,Total,Total,Pareja,No,No había denuncia
España,2005,9,0,Total,Total,Pareja,No contesta,Había denuncia
España,2005,9,0,Total,Total,Pareja,No contesta,No consta denuncia
España,2005,9,0,Total,Total,Pareja,No contesta,No había denuncia
España,2005,9,0,Total,Total,Pareja,Sí,Había denuncia
España,2005,9,1,Total,Total,Pareja,Sí,No consta denuncia
España,2005,9,0,Total,Total,Pareja,Sí,No había denuncia
España,2006,4,0,Total,Total,Expareja,No,Había denuncia
España,2006,4,0,Total,Total,Expareja,No,No consta denuncia
España,2006,4,1,Total,Total,Expareja,No,No había denuncia
España,2006,4,0,Total,Total,Expareja,No contesta,Había denuncia
España,2006,4,0,Total,Total,Expareja,No contesta,No consta denuncia
España,2006,4,0,Total,Total,Expareja,No contesta,No había denuncia
España,2006,4,0,Total,Total,Expareja,Sí,Había denuncia
España,2006,4,0,Total,Total,Expareja,Sí,No consta denuncia
España,2006,4,0,Total,Total,Expareja,Sí,No había denuncia
España,2006,4,0,Total,Total,Pareja,No,Había denuncia
España,2006,4,0,Total,Total,Pareja,No,No consta denuncia
España,2006,4,1,Total,Total,Pareja,No,No había denuncia
España,2006,4,0,Total,Total,Pareja,No contesta,Había denuncia
España,2006,4,0,Total,Total,Pareja,No contesta,No consta denuncia
España,2006,4,0,Total,Total,Pareja,No contesta,No había denuncia
España,2006,4,0,Total,Total,Pareja,Sí,Había denuncia
España,2006,4,0,Total,Total,Pareja,Sí,No consta denuncia
España,2006,4,3,Total,Total,Pareja,Sí,No había denuncia
España,2006,8,0,Total,Total,Expareja,No,Había denuncia
España,2006,8,0,Total,Total,Expareja,No,No consta denuncia
España,2006,8,2,Total,Total,Expareja,No,No había denuncia
España,2006,8,0,Total,Total,Expareja,No contesta,Había denuncia
España,2006,8,0,Total,Total,Expareja,No contesta,No consta denuncia
España,2006,8,0,Total,Total,Expareja,No contesta,No había denuncia
España,2006,8,0,Total,Total,Expareja,Sí,Había denuncia
España,2006,8,0,Total,Total,Expareja,Sí,No consta denuncia
España,2006,8,0,Total,Total,Expareja,Sí,No había denuncia
España,2006,8,0,Total,Total,Pareja,No,Había denuncia
España,2006,8,0,Total,Total,Pareja,No,No consta denuncia
España,2006,8,0,Total,Total,Pareja,No,No había denuncia
España,2006,8,0,Total,Total,Pareja,No contesta,Había denuncia
España,2006,8,0,Total,Total,Pareja,No contesta,No consta denuncia
España,2006,8,0,Total,Total,Pareja,No contesta,No había denuncia
España,2006,8,2,Total,Total,Pareja,Sí,Había denuncia
España,2006,8,0,Total,Total,Pareja,Sí,No consta denuncia
España,2006,8,5,Total,Total,Pareja,Sí,No había denuncia
España,2006,12,1,Total,Total,Expareja,No,Había denuncia
España,2006,12,0,Total,Total,Expareja,No,No consta denuncia
España,2006,12,0,Total,Total,Expareja,No,No había denuncia
España,2006,12,0,Total,Total,Expareja,No contesta,Había denuncia
España,2006,12,0,Total,Total,Expareja,No contesta,No consta denuncia
España,2006,12,0,Total,Total,Expareja,No contesta,No había denuncia
España,2006,12,0,Total,Total,Expareja,Sí,Había denuncia
España,2006,12,0,Total,Total,Expareja,Sí,No consta denuncia
España,2006,12,0,Total,Total,Expareja,Sí,No había denuncia
España,2006,12,0,Total,Total,Pareja,No,Había denuncia
España,2006,12,0,Total,Total,Pareja,No,No consta denuncia
España,2006,12,1,Total,Total,Pareja,No,No había denuncia
España,2006,12,0,Total,Total,Pareja,No contesta,Había denuncia
España,2006,12,0,Total,Total,Pareja,No contesta,No consta denuncia
España,2006,12,0,Total,Total,Pareja,No contesta,No había denuncia
España,2006,12,2,Total,Total,Pareja,Sí,Había denuncia
España,2006,12,0,Total,Total,Pareja,Sí,No consta denuncia
España,2006,12,2,Total,Total,Pareja,Sí,No había denuncia
España,2006,1,2,Total,Total,Expareja,No,Había denuncia
España,2006,1,0,Total,Total,Expareja,No,No consta denuncia
España,2006,1,3,Total,Total,Expareja,No,No había denuncia
España,2006,1,0,Total,Total,Expareja,No contesta,Había denuncia
España,2006,1,0,Total,Total,Expareja,No contesta,No consta denuncia
España,2006,1,0,Total,Total,Expareja,No contesta,No había denuncia
España,2006,1,0,Total,Total,Expareja,Sí,Había denuncia
España,2006,1,0,Total,Total,Expareja,Sí,No consta denuncia
España,2006,1,0,Total,Total,Expareja,Sí,No había denuncia
España,2006,1,0,Total,Total,Pareja,No,Había denuncia
España,2006,1,0,Total,Total,Pareja,No,No consta denuncia
España,2006,1,0,Total,Total,Pareja,No,No había denuncia
España,2006,1,0,Total,Total,Pareja,No contesta,Había denuncia
España,2006,1,0,Total,Total,Pareja,No contesta,No consta denuncia
España,2006,1,0,Total,Total,Pareja,No contesta,No había denuncia
España,2006,1,2,Total,Total,Pareja,Sí,Había denuncia
España,2006,1,0,Total,Total,Pareja,Sí,No consta denuncia
España,2006,1,2,Total,Total,Pareja,Sí,No había denuncia
España,2006,2,0,Total,Total,Expareja,No,Había denuncia
España,2006,2,0,Total,Total,Expareja,No,No consta denuncia
España,2006,2,1,Total,Total,Expareja,No,No había denuncia
España,2006,2,0,Total,Total,Expareja,No contesta,Había denuncia
España,2006,2,0,Total,Total,Expareja,No contesta,No consta denuncia
España,2006,2,0,Total,Total,Expareja,No contesta,No había denuncia
España,2006,2,0,Total,Total,Expareja,Sí,Había denuncia
España,2006,2,0,Total,Total,Expareja,Sí,No consta denuncia
España,2006,2,0,Total,Total,Expareja,Sí,No había denuncia
España,2006,2,0,Total,Total,Pareja,No,Había denuncia
España,2006,2,0,Total,Total,Pareja,No,No consta denuncia
España,2006,2,0,Total,Total,Pareja,No,No había denuncia
España,2006,2,0,Total,Total,Pareja,No contesta,Había denuncia
España,2006,2,0,Total,Total,Pareja,No contesta,No consta denuncia
España,2006,2,0,Total,Total,Pareja,No contesta,No había denuncia
España,2006,2,1,Total,Total,Pareja,Sí,Había denuncia
España,2006,2,0,Total,Total,Pareja,Sí,No consta denuncia
España,2006,2,2,Total,Total,Pareja,Sí,No había denuncia
España,2006,7,1,Total,Total,Expareja,No,Había denuncia
España,2006,7,0,Total,Total,Expareja,No,No consta denuncia
España,2006,7,1,Total,Total,Expareja,No,No había denuncia
España,2006,7,0,Total,Total,Expareja,No contesta,Había denuncia
España,2006,7,0,Total,Total,Expareja,No contesta,No consta denuncia
España,2006,7,0,Total,Total,Expareja,No contesta,No había denuncia
España,2006,7,0,Total,Total,Expareja,Sí,Había denuncia
España,2006,7,0,Total,Total,Expareja,Sí,No consta denuncia
España,2006,7,0,Total,Total,Expareja,Sí,No había denuncia
España,2006,7,0,Total,Total,Pareja,No,Había denuncia
España,2006,7,0,Total,Total,Pareja,No,No consta denuncia
España,2006,7,1,Total,Total,Pareja,No,No había denuncia
España,2006,7,0,Total,Total,Pareja,No contesta,Había denuncia
España,2006,7,0,Total,Total,Pareja,No contesta,No consta denuncia
España,2006,7,0,Total,Total,Pareja,No contesta,No había denuncia
España,2006,7,0,Total,Total,Pareja,Sí,Había denuncia
España,2006,7,0,Total,Total,Pareja,Sí,No consta denuncia
España,2006,7,5,Total,Total,Pareja,Sí,No había denuncia
España,2006,6,1,Total,Total,Expareja,No,Había denuncia
España,2006,6,0,Total,Total,Expareja,No,No consta denuncia
España,2006,6,0,Total,Total,Expareja,No,No había denuncia
España,2006,6,0,Total,Total,Expareja,No contesta,Había denuncia
España,2006,6,0,Total,Total,Expareja,No contesta,No consta denuncia
España,2006,6,0,Total,Total,Expareja,No contesta,No había denuncia
España,2006,6,0,Total,Total,Expareja,Sí,Había denuncia
España,2006,6,0,Total,Total,Expareja,Sí,No consta denuncia
España,2006,6,0,Total,Total,Expareja,Sí,No había denuncia
España,2006,6,0,Total,Total,Pareja,No,Había denuncia
España,2006,6,0,Total,Total,Pareja,No,No consta denuncia
España,2006,6,0,Total,Total,Pareja,No,No había denuncia
España,2006,6,0,Total,Total,Pareja,No contesta,Había denuncia
España,2006,6,0,Total,Total,Pareja,No contesta,No consta denuncia
España,2006,6,0,Total,Total,Pareja,No contesta,No había denuncia
España,2006,6,0,Total,Total,Pareja,Sí,Había denuncia
España,2006,6,0,Total,Total,Pareja,Sí,No consta denuncia
España,2006,6,1,Total,Total,Pareja,Sí,No había denuncia
España,2006,3,0,Total,Total,Expareja,No,Había denuncia
España,2006,3,0,Total,Total,Expareja,No,No consta denuncia
España,2006,3,2,Total,Total,Expareja,No,No había denuncia
España,2006,3,0,Total,Total,Expareja,No contesta,Había denuncia
España,2006,3,0,Total,Total,Expareja,No contesta,No consta denuncia
España,2006,3,0,Total,Total,Expareja,No contesta,No había denuncia
España,2006,3,0,Total,Total,Expareja,Sí,Había denuncia
España,2006,3,0,Total,Total,Expareja,Sí,No consta denuncia
España,2006,3,0,Total,Total,Expareja,Sí,No había denuncia
España,2006,3,0,Total,Total,Pareja,No,Había denuncia
España,2006,3,0,Total,Total,Pareja,No,No consta denuncia
España,2006,3,0,Total,Total,Pareja,No,No había denuncia
España,2006,3,0,Total,Total,Pareja,No contesta,Había denuncia
España,2006,3,0,Total,Total,Pareja,No contesta,No consta denuncia
España,2006,3,0,Total,Total,Pareja,No contesta,No había denuncia
España,2006,3,5,Total,Total,Pareja,Sí,Había denuncia
España,2006,3,0,Total,Total,Pareja,Sí,No consta denuncia
España,2006,3,2,Total,Total,Pareja,Sí,No había denuncia
España,2006,5,1,Total,Total,Expareja,No,Había denuncia
España,2006,5,0,Total,Total,Expareja,No,No consta denuncia
España,2006,5,1,Total,Total,Expareja,No,No había denuncia
España,2006,5,0,Total,Total,Expareja,No contesta,Había denuncia
España,2006,5,0,Total,Total,Expareja,No contesta,No consta denuncia
España,2006,5,0,Total,Total,Expareja,No contesta,No había denuncia
España,2006,5,0,Total,Total,Expareja,Sí,Había denuncia
España,2006,5,0,Total,Total,Expareja,Sí,No consta denuncia
España,2006,5,0,Total,Total,Expareja,Sí,No había denuncia
España,2006,5,0,Total,Total,Pareja,No,Había denuncia
España,2006,5,0,Total,Total,Pareja,No,No consta denuncia
España,2006,5,0,Total,Total,Pareja,No,No había denuncia
España,2006,5,0,Total,Total,Pareja,No contesta,Había denuncia
España,2006,5,0,Total,Total,Pareja,No contesta,No consta denuncia
España,2006,5,0,Total,Total,Pareja,No contesta,No había denuncia
España,2006,5,1,Total,Total,Pareja,Sí,Había denuncia
España,2006,5,0,Total,Total,Pareja,Sí,No consta denuncia
España,2006,5,2,Total,Total,Pareja,Sí,No había denuncia
España,2006,11,1,Total,Total,Expareja,No,Había denuncia
España,2006,11,0,Total,Total,Expareja,No,No consta denuncia
España,2006,11,0,Total,Total,Expareja,No,No había denuncia
España,2006,11,0,Total,Total,Expareja,No contesta,Había denuncia
España,2006,11,0,Total,Total,Expareja,No contesta,No consta denuncia
España,2006,11,0,Total,Total,Expareja,No contesta,No había denuncia
España,2006,11,0,Total,Total,Expareja,Sí,Había denuncia
España,2006,11,0,Total,Total,Expareja,Sí,No consta denuncia
España,2006,11,0,Total,Total,Expareja,Sí,No había denuncia
España,2006,11,0,Total,Total,Pareja,No,Había denuncia
España,2006,11,0,Total,Total,Pareja,No,No consta denuncia
España,2006,11,0,Total,Total,Pareja,No,No había denuncia
España,2006,11,0,Total,Total,Pareja,No contesta,Había denuncia
España,2006,11,0,Total,Total,Pareja,No contesta,No consta denuncia
España,2006,11,0,Total,Total,Pareja,No contesta,No había denuncia
España,2006,11,0,Total,Total,Pareja,Sí,Había denuncia
España,2006,11,0,Total,Total,Pareja,Sí,No consta denuncia
España,2006,11,1,Total,Total,Pareja,Sí,No había denuncia
España,2006,10,0,Total,Total,Expareja,No,Había denuncia
España,2006,10,0,Total,Total,Expareja,No,No consta denuncia
España,2006,10,0,Total,Total,Expareja,No,No había denuncia
España,2006,10,0,Total,Total,Expareja,No contesta,Había denuncia
España,2006,10,0,Total,Total,Expareja,No contesta,No consta denuncia
España,2006,10,0,Total,Total,Expareja,No contesta,No había denuncia
España,2006,10,0,Total,Total,Expareja,Sí,Había denuncia
España,2006,10,0,Total,Total,Expareja,Sí,No consta denuncia
España,2006,10,0,Total,Total,Expareja,Sí,No había denuncia
España,2006,10,1,Total,Total,Pareja,No,Había denuncia
España,2006,10,0,Total,Total,Pareja,No,No consta denuncia
España,2006,10,1,Total,Total,Pareja,No,No había denuncia
España,2006,10,0,Total,Total,Pareja,No contesta,Había denuncia
España,2006,10,0,Total,Total,Pareja,No contesta,No consta denuncia
España,2006,10,0,Total,Total,Pareja,No contesta,No había denuncia
España,2006,10,0,Total,Total,Pareja,Sí,Había denuncia
España,2006,10,0,Total,Total,Pareja,Sí,No consta denuncia
España,2006,10,4,Total,Total,Pareja,Sí,No había denuncia
España,2006,9,0,Total,Total,Expareja,No,Había denuncia
España,2006,9,0,Total,Total,Expareja,No,No consta denuncia
España,2006,9,0,Total,Total,Expareja,No,No había denuncia
España,2006,9,0,Total,Total,Expareja,No contesta,Había denuncia
España,2006,9,0,Total,Total,Expareja,No contesta,No consta denuncia
España,2006,9,0,Total,Total,Expareja,No contesta,No había denuncia
España,2006,9,0,Total,Total,Expareja,Sí,Había denuncia
España,2006,9,0,Total,Total,Expareja,Sí,No consta denuncia
España,2006,9,0,Total,Total,Expareja,Sí,No había denuncia
España,2006,9,0,Total,Total,Pareja,No,Había denuncia
España,2006,9,0,Total,Total,Pareja,No,No consta denuncia
España,2006,9,1,Total,Total,Pareja,No,No había denuncia
España,2006,9,0,Total,Total,Pareja,No contesta,Había denuncia
España,2006,9,0,Total,Total,Pareja,No contesta,No consta denuncia
España,2006,9,0,Total,Total,Pareja,No contesta,No había denuncia
España,2006,9,1,Total,Total,Pareja,Sí,Había denuncia
España,2006,9,0,Total,Total,Pareja,Sí,No consta denuncia
España,2006,9,2,Total,Total,Pareja,Sí,No había denuncia
España,2007,4,1,Total,Total,Expareja,No,Había denuncia
España,2007,4,0,Total,Total,Expareja,No,No consta denuncia
España,2007,4,0,Total,Total,Expareja,No,No había denuncia
España,2007,4,0,Total,Total,Expareja,No contesta,Había denuncia
España,2007,4,0,Total,Total,Expareja,No contesta,No consta denuncia
España,2007,4,0,Total,Total,Expareja,No contesta,No había denuncia
España,2007,4,0,Total,Total,Expareja,Sí,Había denuncia
España,2007,4,0,Total,Total,Expareja,Sí,No consta denuncia
España,2007,4,0,Total,Total,Expareja,Sí,No había denuncia
España,2007,4,0,Total,Total,Pareja,No,Había denuncia
España,2007,4,0,Total,Total,Pareja,No,No consta denuncia
España,2007,4,1,Total,Total,Pareja,No,No había denuncia
España,2007,4,0,Total,Total,Pareja,No contesta,Había denuncia
España,2007,4,0,Total,Total,Pareja,No contesta,No consta denuncia
España,2007,4,0,Total,Total,Pareja,No contesta,No había denuncia
España,2007,4,0,Total,Total,Pareja,Sí,Había denuncia
España,2007,4,0,Total,Total,Pareja,Sí,No consta denuncia
España,2007,4,2,Total,Total,Pareja,Sí,No había denuncia
España,2007,8,0,Total,Total,Expareja,No,Había denuncia
España,2007,8,0,Total,Total,Expareja,No,No consta denuncia
España,2007,8,1,Total,Total,Expareja,No,No había denuncia
España,2007,8,0,Total,Total,Expareja,No contesta,Había denuncia
España,2007,8,0,Total,Total,Expareja,No contesta,No consta denuncia
España,2007,8,0,Total,Total,Expareja,No contesta,No había denuncia
España,2007,8,0,Total,Total,Expareja,Sí,Había denuncia
España,2007,8,0,Total,Total,Expareja,Sí,No consta denuncia
España,2007,8,0,Total,Total,Expareja,Sí,No había denuncia
España,2007,8,0,Total,Total,Pareja,No,Había denuncia
España,2007,8,0,Total,Total,Pareja,No,No consta denuncia
España,2007,8,0,Total,Total,Pareja,No,No había denuncia
España,2007,8,0,Total,Total,Pareja,No contesta,Había denuncia
España,2007,8,0,Total,Total,Pareja,No contesta,No consta denuncia
España,2007,8,0,Total,Total,Pareja,No contesta,No había denuncia
España,2007,8,1,Total,Total,Pareja,Sí,Había denuncia
España,2007,8,0,Total,Total,Pareja,Sí,No consta denuncia
España,2007,8,5,Total,Total,Pareja,Sí,No había denuncia
España,2007,12,0,Total,Total,Expareja,No,Había denuncia
España,2007,12,0,Total,Total,Expareja,No,No consta denuncia
España,2007,12,1,Total,Total,Expareja,No,No había denuncia
España,2007,12,0,Total,Total,Expareja,No contesta,Había denuncia
España,2007,12,0,Total,Total,Expareja,No contesta,No consta denuncia
España,2007,12,0,Total,Total,Expareja,No contesta,No había denuncia
España,2007,12,0,Total,Total,Expareja,Sí,Había denuncia
España,2007,12,0,Total,Total,Expareja,Sí,No consta denuncia
España,2007,12,0,Total,Total,Expareja,Sí,No había denuncia
España,2007,12,0,Total,Total,Pareja,No,Había denuncia
España,2007,12,0,Total,Total,Pareja,No,No consta denuncia
España,2007,12,0,Total,Total,Pareja,No,No había denuncia
España,2007,12,0,Total,Total,Pareja,No contesta,Había denuncia
España,2007,12,0,Total,Total,Pareja,No contesta,No consta denuncia
España,2007,12,0,Total,Total,Pareja,No contesta,No había denuncia
España,2007,12,0,Total,Total,Pareja,Sí,Había denuncia
España,2007,12,0,Total,Total,Pareja,Sí,No consta denuncia
España,2007,12,0,Total,Total,Pareja,Sí,No había denuncia
España,2007,1,0,Total,Total,Expareja,No,Había denuncia
España,2007,1,0,Total,Total,Expareja,No,No consta denuncia
España,2007,1,3,Total,Total,Expareja,No,No había denuncia
España,2007,1,0,Total,Total,Expareja,No contesta,Había denuncia
España,2007,1,0,Total,Total,Expareja,No contesta,No consta denuncia
España,2007,1,0,Total,Total,Expareja,No contesta,No había denuncia
España,2007,1,0,Total,Total,Expareja,Sí,Había denuncia
España,2007,1,0,Total,Total,Expareja,Sí,No consta denuncia
España,2007,1,0,Total,Total,Expareja,Sí,No había denuncia
España,2007,1,0,Total,Total,Pareja,No,Había denuncia
España,2007,1,0,Total,Total,Pareja,No,No consta denuncia
España,2007,1,0,Total,Total,Pareja,No,No había denuncia
España,2007,1,0,Total,Total,Pareja,No contesta,Había denuncia
España,2007,1,0,Total,Total,Pareja,No contesta,No consta denuncia
España,2007,1,0,Total,Total,Pareja,No contesta,No había denuncia
España,2007,1,1,Total,Total,Pareja,Sí,Había denuncia
España,2007,1,0,Total,Total,Pareja,Sí,No consta denuncia
España,2007,1,1,Total,Total,Pareja,Sí,No había denuncia
España,2007,2,1,Total,Total,Expareja,No,Había denuncia
España,2007,2,0,Total,Total,Expareja,No,No consta denuncia
España,2007,2,0,Total,Total,Expareja,No,No había denuncia
España,2007,2,0,Total,Total,Expareja,No contesta,Había denuncia
España,2007,2,0,Total,Total,Expareja,No contesta,No consta denuncia
España,2007,2,0,Total,Total,Expareja,No contesta,No había denuncia
España,2007,2,0,Total,Total,Expareja,Sí,Había denuncia
España,2007,2,0,Total,Total,Expareja,Sí,No consta denuncia
España,2007,2,0,Total,Total,Expareja,Sí,No había denuncia
España,2007,2,2,Total,Total,Pareja,No,Había denuncia
España,2007,2,0,Total,Total,Pareja,No,No consta denuncia
España,2007,2,0,Total,Total,Pareja,No,No había denuncia
España,2007,2,0,Total,Total,Pareja,No contesta,Había denuncia
España,2007,2,0,Total,Total,Pareja,No contesta,No consta denuncia
España,2007,2,0,Total,Total,Pareja,No contesta,No había denuncia
España,2007,2,0,Total,Total,Pareja,Sí,Había denuncia
España,2007,2,0,Total,Total,Pareja,Sí,No consta denuncia
España,2007,2,6,Total,Total,Pareja,Sí,No había denuncia
España,2007,7,0,Total,Total,Expareja,No,Había denuncia
España,2007,7,0,Total,Total,Expareja,No,No consta denuncia
España,2007,7,0,Total,Total,Expareja,No,No había denuncia
España,2007,7,0,Total,Total,Expareja,No contesta,Había denuncia
España,2007,7,0,Total,Total,Expareja,No contesta,No consta denuncia
España,2007,7,0,Total,Total,Expareja,No contesta,No había denuncia
España,2007,7,0,Total,Total,Expareja,Sí,Había denuncia
España,2007,7,0,Total,Total,Expareja,Sí,No consta denuncia
España,2007,7,0,Total,Total,Expareja,Sí,No había denuncia
España,2007,7,0,Total,Total,Pareja,No,Había denuncia
España,2007,7,0,Total,Total,Pareja,No,No consta denuncia
España,2007,7,0,Total,Total,Pareja,No,No había denuncia
España,2007,7,0,Total,Total,Pareja,No contesta,Había denuncia
España,2007,7,0,Total,Total,Pareja,No contesta,No consta denuncia
España,2007,7,0,Total,Total,Pareja,No contesta,No había denuncia
España,2007,7,4,Total,Total,Pareja,Sí,Había denuncia
España,2007,7,0,Total,Total,Pareja,Sí,No consta denuncia
España,2007,7,4,Total,Total,Pareja,Sí,No había denuncia
España,2007,6,2,Total,Total,Expareja,No,Había denuncia
España,2007,6,0,Total,Total,Expareja,No,No consta denuncia
España,2007,6,1,Total,Total,Expareja,No,No había denuncia
España,2007,6,0,Total,Total,Expareja,No contesta,Había denuncia
España,2007,6,0,Total,Total,Expareja,No contesta,No consta denuncia
España,2007,6,0,Total,Total,Expareja,No contesta,No había denuncia
España,2007,6,0,Total,Total,Expareja,Sí,Había denuncia
España,2007,6,0,Total,Total,Expareja,Sí,No consta denuncia
España,2007,6,0,Total,Total,Expareja,Sí,No había denuncia
España,2007,6,0,Total,Total,Pareja,No,Había denuncia
España,2007,6,0,Total,Total,Pareja,No,No consta denuncia
España,2007,6,1,Total,Total,Pareja,No,No había denuncia
España,2007,6,0,Total,Total,Pareja,No contesta,Había denuncia
España,2007,6,0,Total,Total,Pareja,No contesta,No consta denuncia
España,2007,6,0,Total,Total,Pareja,No contesta,No había denuncia
España,2007,6,4,Total,Total,Pareja,Sí,Había denuncia
España,2007,6,0,Total,Total,Pareja,Sí,No consta denuncia
España,2007,6,2,Total,Total,Pareja,Sí,No había denuncia
España,2007,3,1,Total,Total,Expareja,No,Había denuncia
España,2007,3,0,Total,Total,Expareja,No,No consta denuncia
España,2007,3,0,Total,Total,Expareja,No,No había denuncia
España,2007,3,0,Total,Total,Expareja,No contesta,Había denuncia
España,2007,3,0,Total,Total,Expareja,No contesta,No consta denuncia
España,2007,3,0,Total,Total,Expareja,No contesta,No había denuncia
España,2007,3,0,Total,Total,Expareja,Sí,Había denuncia
España,2007,3,0,Total,Total,Expareja,Sí,No consta denuncia
España,2007,3,0,Total,Total,Expareja,Sí,No había denuncia
España,2007,3,0,Total,Total,Pareja,No,Había denuncia
España,2007,3,0,Total,Total,Pareja,No,No consta denuncia
España,2007,3,1,Total,Total,Pareja,No,No había denuncia
España,2007,3,0,Total,Total,Pareja,No contesta,Había denuncia
España,2007,3,0,Total,Total,Pareja,No contesta,No consta denuncia
España,2007,3,0,Total,Total,Pareja,No contesta,No había denuncia
España,2007,3,1,Total,Total,Pareja,Sí,Había denuncia
España,2007,3,0,Total,Total,Pareja,Sí,No consta denuncia
España,2007,3,1,Total,Total,Pareja,Sí,No había denuncia
España,2007,5,0,Total,Total,Expareja,No,Había denuncia
España,2007,5,0,Total,Total,Expareja,No,No consta denuncia
España,2007,5,1,Total,Total,Expareja,No,No había denuncia
España,2007,5,0,Total,Total,Expareja,No contesta,Había denuncia
España,2007,5,0,Total,Total,Expareja,No contesta,No consta denuncia
España,2007,5,0,Total,Total,Expareja,No contesta,No había denuncia
España,2007,5,0,Total,Total,Expareja,Sí,Había denuncia
España,2007,5,0,Total,Total,Expareja,Sí,No consta denuncia
España,2007,5,0,Total,Total,Expareja,Sí,No había denuncia
España,2007,5,0,Total,Total,Pareja,No,Había denuncia
España,2007,5,0,Total,Total,Pareja,No,No consta denuncia
España,2007,5,0,Total,Total,Pareja,No,No había denuncia
España,2007,5,0,Total,Total,Pareja,No contesta,Había denuncia
España,2007,5,0,Total,Total,Pareja,No contesta,No consta denuncia
España,2007,5,0,Total,Total,Pareja,No contesta,No había denuncia
España,2007,5,0,Total,Total,Pareja,Sí,Había denuncia
España,2007,5,0,Total,Total,Pareja,Sí,No consta denuncia
España,2007,5,6,Total,Total,Pareja,Sí,No había denuncia
España,2007,11,1,Total,Total,Expareja,No,Había denuncia
España,2007,11,0,Total,Total,Expareja,No,No consta denuncia
España,2007,11,1,Total,Total,Expareja,No,No había denuncia
España,2007,11,0,Total,Total,Expareja,No contesta,Había denuncia
España,2007,11,0,Total,Total,Expareja,No contesta,No consta denuncia
España,2007,11,0,Total,Total,Expareja,No contesta,No había denuncia
España,2007,11,0,Total,Total,Expareja,Sí,Había denuncia
España,2007,11,0,Total,Total,Expareja,Sí,No consta denuncia
España,2007,11,0,Total,Total,Expareja,Sí,No había denuncia
España,2007,11,0,Total,Total,Pareja,No,Había denuncia
España,2007,11,0,Total,Total,Pareja,No,No consta denuncia
España,2007,11,1,Total,Total,Pareja,No,No había denuncia
España,2007,11,0,Total,Total,Pareja,No contesta,Había denuncia
España,2007,11,0,Total,Total,Pareja,No contesta,No consta denuncia
España,2007,11,0,Total,Total,Pareja,No contesta,No había denuncia
España,2007,11,2,Total,Total,Pareja,Sí,Había denuncia
España,2007,11,0,Total,Total,Pareja,Sí,No consta denuncia
España,2007,11,2,Total,Total,Pareja,Sí,No había denuncia
España,2007,10,0,Total,Total,Expareja,No,Había denuncia
España,2007,10,0,Total,Total,Expareja,No,No consta denuncia
España,2007,10,2,Total,Total,Expareja,No,No había denuncia
España,2007,10,0,Total,Total,Expareja,No contesta,Había denuncia
España,2007,10,0,Total,Total,Expareja,No contesta,No consta denuncia
España,2007,10,0,Total,Total,Expareja,No contesta,No había denuncia
España,2007,10,0,Total,Total,Expareja,Sí,Había denuncia
España,2007,10,0,Total,Total,Expareja,Sí,No consta denuncia
España,2007,10,0,Total,Total,Expareja,Sí,No había denuncia
España,2007,10,0,Total,Total,Pareja,No,Había denuncia
España,2007,10,0,Total,Total,Pareja,No,No consta denuncia
España,2007,10,1,Total,Total,Pareja,No,No había denuncia
España,2007,10,0,Total,Total,Pareja,No contesta,Había denuncia
España,2007,10,0,Total,Total,Pareja,No contesta,No consta denuncia
España,2007,10,0,Total,Total,Pareja,No contesta,No había denuncia
España,2007,10,0,Total,Total,Pareja,Sí,Había denuncia
España,2007,10,0,Total,Total,Pareja,Sí,No consta denuncia
España,2007,10,2,Total,Total,Pareja,Sí,No había denuncia
España,2007,9,0,Total,Total,Expareja,No,Había denuncia
España,2007,9,0,Total,Total,Expareja,No,No consta denuncia
España,2007,9,0,Total,Total,Expareja,No,No había denuncia
España,2007,9,0,Total,Total,Expareja,No contesta,Había denuncia
España,2007,9,0,Total,Total,Expareja,No contesta,No consta denuncia
España,2007,9,0,Total,Total,Expareja,No contesta,No había denuncia
España,2007,9,0,Total,Total,Expareja,Sí,Había denuncia
España,2007,9,0,Total,Total,Expareja,Sí,No consta denuncia
España,2007,9,0,Total,Total,Expareja,Sí,No había denuncia
España,2007,9,0,Total,Total,Pareja,No,Había denuncia
España,2007,9,0,Total,Total,Pareja,No,No consta denuncia
España,2007,9,1,Total,Total,Pareja,No,No había denuncia
España,2007,9,0,Total,Total,Pareja,No contesta,Había denuncia
España,2007,9,0,Total,Total,Pareja,No contesta,No consta denuncia
España,2007,9,0,Total,Total,Pareja,No contesta,No había denuncia
España,2007,9,0,Total,Total,Pareja,Sí,Había denuncia
España,2007,9,0,Total,Total,Pareja,Sí,No consta denuncia
España,2007,9,3,Total,Total,Pareja,Sí,No había denuncia
España,2008,4,2,Total,Total,Expareja,No,Había denuncia
España,2008,4,0,Total,Total,Expareja,No,No consta denuncia
España,2008,4,1,Total,Total,Expareja,No,No había denuncia
España,2008,4,0,Total,Total,Expareja,No contesta,Había denuncia
España,2008,4,0,Total,Total,Expareja,No contesta,No consta denuncia
España,2008,4,0,Total,Total,Expareja,No contesta,No había denuncia
España,2008,4,0,Total,Total,Expareja,Sí,Había denuncia
España,2008,4,0,Total,Total,Expareja,Sí,No consta denuncia
España,2008,4,0,Total,Total,Expareja,Sí,No había denuncia
España,2008,4,0,Total,Total,Pareja,No,Había denuncia
España,2008,4,0,Total,Total,Pareja,No,No consta denuncia
España,2008,4,1,Total,Total,Pareja,No,No había denuncia
España,2008,4,0,Total,Total,Pareja,No contesta,Había denuncia
España,2008,4,0,Total,Total,Pareja,No contesta,No consta denuncia
España,2008,4,0,Total,Total,Pareja,No contesta,No había denuncia
España,2008,4,0,Total,Total,Pareja,Sí,Había denuncia
España,2008,4,0,Total,Total,Pareja,Sí,No consta denuncia
España,2008,4,1,Total,Total,Pareja,Sí,No había denuncia
España,2008,8,1,Total,Total,Expareja,No,Había denuncia
España,2008,8,0,Total,Total,Expareja,No,No consta denuncia
España,2008,8,1,Total,Total,Expareja,No,No había denuncia
España,2008,8,0,Total,Total,Expareja,No contesta,Había denuncia
España,2008,8,0,Total,Total,Expareja,No contesta,No consta denuncia
España,2008,8,0,Total,Total,Expareja,No contesta,No había denuncia
España,2008,8,0,Total,Total,Expareja,Sí,Había denuncia
España,2008,8,0,Total,Total,Expareja,Sí,No consta denuncia
España,2008,8,0,Total,Total,Expareja,Sí,No había denuncia
España,2008,8,0,Total,Total,Pareja,No,Había denuncia
España,2008,8,0,Total,Total,Pareja,No,No consta denuncia
España,2008,8,1,Total,Total,Pareja,No,No había denuncia
España,2008,8,0,Total,Total,Pareja,No contesta,Había denuncia
España,2008,8,0,Total,Total,Pareja,No contesta,No consta denuncia
España,2008,8,0,Total,Total,Pareja,No contesta,No había denuncia
España,2008,8,0,Total,Total,Pareja,Sí,Había denuncia
España,2008,8,0,Total,Total,Pareja,Sí,No consta denuncia
España,2008,8,5,Total,Total,Pareja,Sí,No había denuncia
España,2008,12,0,Total,Total,Expareja,No,Había denuncia
España,2008,12,0,Total,Total,Expareja,No,No consta denuncia
España,2008,12,0,Total,Total,Expareja,No,No había denuncia
España,2008,12,0,Total,Total,Expareja,No contesta,Había denuncia
España,2008,12,0,Total,Total,Expareja,No contesta,No consta denuncia
España,2008,12,0,Total,Total,Expareja,No contesta,No había denuncia
España,2008,12,0,Total,Total,Expareja,Sí,Había denuncia
España,2008,12,0,Total,Total,Expareja,Sí,No consta denuncia
España,2008,12,0,Total,Total,Expareja,Sí,No había denuncia
España,2008,12,1,Total,Total,Pareja,No,Había denuncia
España,2008,12,0,Total,Total,Pareja,No,No consta denuncia
España,2008,12,2,Total,Total,Pareja,No,No había denuncia
España,2008,12,0,Total,Total,Pareja,No contesta,Había denuncia
España,2008,12,0,Total,Total,Pareja,No contesta,No consta denuncia
España,2008,12,0,Total,Total,Pareja,No contesta,No había denuncia
España,2008,12,3,Total,Total,Pareja,Sí,Había denuncia
España,2008,12,0,Total,Total,Pareja,Sí,No consta denuncia
España,2008,12,5,Total,Total,Pareja,Sí,No había denuncia
España,2008,1,0,Total,Total,Expareja,No,Había denuncia
España,2008,1,0,Total,Total,Expareja,No,No consta denuncia
España,2008,1,0,Total,Total,Expareja,No,No había denuncia
España,2008,1,0,Total,Total,Expareja,No contesta,Había denuncia
España,2008,1,0,Total,Total,Expareja,No contesta,No consta denuncia
España,2008,1,0,Total,Total,Expareja,No contesta,No había denuncia
España,2008,1,0,Total,Total,Expareja,Sí,Había denuncia
España,2008,1,0,Total,Total,Expareja,Sí,No consta denuncia
España,2008,1,0,Total,Total,Expareja,Sí,No había denuncia
España,2008,1,0,Total,Total,Pareja,No,Había denuncia
España,2008,1,0,Total,Total,Pareja,No,No consta denuncia
España,2008,1,1,Total,Total,Pareja,No,No había denuncia
España,2008,1,0,Total,Total,Pareja,No contesta,Había denuncia
España,2008,1,0,Total,Total,Pareja,No contesta,No consta denuncia
España,2008,1,0,Total,Total,Pareja,No contesta,No había denuncia
España,2008,1,0,Total,Total,Pareja,Sí,Había denuncia
España,2008,1,0,Total,Total,Pareja,Sí,No consta denuncia
España,2008,1,6,Total,Total,Pareja,Sí,No había denuncia
España,2008,2,1,Total,Total,Expareja,No,Había denuncia
España,2008,2,0,Total,Total,Expareja,No,No consta denuncia
España,2008,2,1,Total,Total,Expareja,No,No había denuncia
España,2008,2,0,Total,Total,Expareja,No contesta,Había denuncia
España,2008,2,0,Total,Total,Expareja,No contesta,No consta denuncia
España,2008,2,0,Total,Total,Expareja,No contesta,No había denuncia
España,2008,2,0,Total,Total,Expareja,Sí,Había denuncia
España,2008,2,0,Total,Total,Expareja,Sí,No consta denuncia
España,2008,2,0,Total,Total,Expareja,Sí,No había denuncia
España,2008,2,1,Total,Total,Pareja,No,Había denuncia
España,2008,2,0,Total,Total,Pareja,No,No consta denuncia
España,2008,2,0,Total,Total,Pareja,No,No había denuncia
España,2008,2,0,Total,Total,Pareja,No contesta,Había denuncia
España,2008,2,0,Total,Total,Pareja,No contesta,No consta denuncia
España,2008,2,0,Total,Total,Pareja,No contesta,No había denuncia
España,2008,2,1,Total,Total,Pareja,Sí,Había denuncia
España,2008,2,0,Total,Total,Pareja,Sí,No consta denuncia
España,2008,2,4,Total,Total,Pareja,Sí,No había denuncia
España,2008,7,1,Total,Total,Expareja,No,Había denuncia
España,2008,7,0,Total,Total,Expareja,No,No consta denuncia
España,2008,7,2,Total,Total,Expareja,No,No había denuncia
España,2008,7,0,Total,Total,Expareja,No contesta,Había denuncia
España,2008,7,0,Total,Total,Expareja,No contesta,No consta denuncia
España,2008,7,0,Total,Total,Expareja,No contesta,No había denuncia
España,2008,7,0,Total,Total,Expareja,Sí,Había denuncia
España,2008,7,0,Total,Total,Expareja,Sí,No consta denuncia
España,2008,7,0,Total,Total,Expareja,Sí,No había denuncia
España,2008,7,0,Total,Total,Pareja,No,Había denuncia
España,2008,7,0,Total,Total,Pareja,No,No consta denuncia
España,2008,7,1,Total,Total,Pareja,No,No había denuncia
España,2008,7,0,Total,Total,Pareja,No contesta,Había denuncia
España,2008,7,0,Total,Total,Pareja,No contesta,No consta denuncia
España,2008,7,0,Total,Total,Pareja,No contesta,No había denuncia
España,2008,7,0,Total,Total,Pareja,Sí,Había denuncia
España,2008,7,0,Total,Total,Pareja,Sí,No consta denuncia
España,2008,7,1,Total,Total,Pareja,Sí,No había denuncia
España,2008,6,1,Total,Total,Expareja,No,Había denuncia
España,2008,6,0,Total,Total,Expareja,No,No consta denuncia
España,2008,6,0,Total,Total,Expareja,No,No había denuncia
España,2008,6,0,Total,Total,Expareja,No contesta,Había denuncia
España,2008,6,0,Total,Total,Expareja,No contesta,No consta denuncia
España,2008,6,0,Total,Total,Expareja,No contesta,No había denuncia
España,2008,6,0,Total,Total,Expareja,Sí,Había denuncia
España,2008,6,0,Total,Total,Expareja,Sí,No consta denuncia
España,2008,6,0,Total,Total,Expareja,Sí,No había denuncia
España,2008,6,0,Total,Total,Pareja,No,Había denuncia
España,2008,6,0,Total,Total,Pareja,No,No consta denuncia
España,2008,6,0,Total,Total,Pareja,No,No había denuncia
España,2008,6,0,Total,Total,Pareja,No contesta,Había denuncia
España,2008,6,0,Total,Total,Pareja,No contesta,No consta denuncia
España,2008,6,0,Total,Total,Pareja,No contesta,No había denuncia
España,2008,6,0,Total,Total,Pareja,Sí,Había denuncia
España,2008,6,0,Total,Total,Pareja,Sí,No consta denuncia
España,2008,6,4,Total,Total,Pareja,Sí,No había denuncia
España,2008,3,0,Total,Total,Expareja,No,Había denuncia
España,2008,3,0,Total,Total,Expareja,No,No consta denuncia
España,2008,3,1,Total,Total,Expareja,No,No había denuncia
España,2008,3,0,Total,Total,Expareja,No contesta,Había denuncia
España,2008,3,0,Total,Total,Expareja,No contesta,No consta denuncia
España,2008,3,0,Total,Total,Expareja,No contesta,No había denuncia
España,2008,3,0,Total,Total,Expareja,Sí,Había denuncia
España,2008,3,0,Total,Total,Expareja,Sí,No consta denuncia
España,2008,3,0,Total,Total,Expareja,Sí,No había denuncia
España,2008,3,0,Total,Total,Pareja,No,Había denuncia
España,2008,3,0,Total,Total,Pareja,No,No consta denuncia
España,2008,3,1,Total,Total,Pareja,No,No había denuncia
España,2008,3,0,Total,Total,Pareja,No contesta,Había denuncia
España,2008,3,0,Total,Total,Pareja,No contesta,No consta denuncia
España,2008,3,0,Total,Total,Pareja,No contesta,No había denuncia
España,2008,3,1,Total,Total,Pareja,Sí,Había denuncia
España,2008,3,0,Total,Total,Pareja,Sí,No consta denuncia
España,2008,3,1,Total,Total,Pareja,Sí,No había denuncia
España,2008,5,1,Total,Total,Expareja,No,Había denuncia
España,2008,5,0,Total,Total,Expareja,No,No consta denuncia
España,2008,5,1,Total,Total,Expareja,No,No había denuncia
España,2008,5,0,Total,Total,Expareja,No contesta,Había denuncia
España,2008,5,0,Total,Total,Expareja,No contesta,No consta denuncia
España,2008,5,0,Total,Total,Expareja,No contesta,No había denuncia
España,2008,5,0,Total,Total,Expareja,Sí,Había denuncia
España,2008,5,0,Total,Total,Expareja,Sí,No consta denuncia
España,2008,5,0,Total,Total,Expareja,Sí,No había denuncia
España,2008,5,0,Total,Total,Pareja,No,Había denuncia
España,2008,5,0,Total,Total,Pareja,No,No consta denuncia
España,2008,5,0,Total,Total,Pareja,No,No había denuncia
España,2008,5,0,Total,Total,Pareja,No contesta,Había denuncia
España,2008,5,0,Total,Total,Pareja,No contesta,No consta denuncia
España,2008,5,0,Total,Total,Pareja,No contesta,No había denuncia
España,2008,5,0,Total,Total,Pareja,Sí,Había denuncia
España,2008,5,0,Total,Total,Pareja,Sí,No consta denuncia
España,2008,5,1,Total,Total,Pareja,Sí,No había denuncia
España,2008,11,0,Total,Total,Expareja,No,Había denuncia
España,2008,11,0,Total,Total,Expareja,No,No consta denuncia
España,2008,11,3,Total,Total,Expareja,No,No había denuncia
España,2008,11,0,Total,Total,Expareja,No contesta,Había denuncia
España,2008,11,0,Total,Total,Expareja,No contesta,No consta denuncia
España,2008,11,0,Total,Total,Expareja,No contesta,No había denuncia
España,2008,11,0,Total,Total,Expareja,Sí,Había denuncia
España,2008,11,0,Total,Total,Expareja,Sí,No consta denuncia
España,2008,11,0,Total,Total,Expareja,Sí,No había denuncia
España,2008,11,0,Total,Total,Pareja,No,Había denuncia
España,2008,11,0,Total,Total,Pareja,No,No consta denuncia
España,2008,11,0,Total,Total,Pareja,No,No había denuncia
España,2008,11,0,Total,Total,Pareja,No contesta,Había denuncia
España,2008,11,0,Total,Total,Pareja,No contesta,No consta denuncia
España,2008,11,0,Total,Total,Pareja,No contesta,No había denuncia
España,2008,11,1,Total,Total,Pareja,Sí,Había denuncia
España,2008,11,0,Total,Total,Pareja,Sí,No consta denuncia
España,2008,11,2,Total,Total,Pareja,Sí,No había denuncia
España,2008,10,1,Total,Total,Expareja,No,Había denuncia
España,2008,10,0,Total,Total,Expareja,No,No consta denuncia
España,2008,10,0,Total,Total,Expareja,No,No había denuncia
España,2008,10,0,Total,Total,Expareja,No contesta,Había denuncia
España,2008,10,0,Total,Total,Expareja,No contesta,No consta denuncia
España,2008,10,0,Total,Total,Expareja,No contesta,No había denuncia
España,2008,10,0,Total,Total,Expareja,Sí,Había denuncia
España,2008,10,0,Total,Total,Expareja,Sí,No consta denuncia
España,2008,10,0,Total,Total,Expareja,Sí,No había denuncia
España,2008,10,1,Total,Total,Pareja,No,Había denuncia
España,2008,10,0,Total,Total,Pareja,No,No consta denuncia
España,2008,10,3,Total,Total,Pareja,No,No había denuncia
España,2008,10,0,Total,Total,Pareja,No contesta,Había denuncia
España,2008,10,0,Total,Total,Pareja,No contesta,No consta denuncia
España,2008,10,0,Total,Total,Pareja,No contesta,No había denuncia
España,2008,10,0,Total,Total,Pareja,Sí,Había denuncia
España,2008,10,0,Total,Total,Pareja,Sí,No consta denuncia
España,2008,10,2,Total,Total,Pareja,Sí,No había denuncia
España,2008,9,1,Total,Total,Expareja,No,Había denuncia
España,2008,9,0,Total,Total,Expareja,No,No consta denuncia
España,2008,9,3,Total,Total,Expareja,No,No había denuncia
España,2008,9,0,Total,Total,Expareja,No contesta,Había denuncia
España,2008,9,0,Total,Total,Expareja,No contesta,No consta denuncia
España,2008,9,0,Total,Total,Expareja,No contesta,No había denuncia
España,2008,9,0,Total,Total,Expareja,Sí,Había denuncia
España,2008,9,0,Total,Total,Expareja,Sí,No consta denuncia
España,2008,9,0,Total,Total,Expareja,Sí,No había denuncia
España,2008,9,0,Total,Total,Pareja,No,Había denuncia
España,2008,9,0,Total,Total,Pareja,No,No consta denuncia
España,2008,9,1,Total,Total,Pareja,No,No había denuncia
España,2008,9,0,Total,Total,Pareja,No contesta,Había denuncia
España,2008,9,0,Total,Total,Pareja,No contesta,No consta denuncia
España,2008,9,0,Total,Total,Pareja,No contesta,No había denuncia
España,2008,9,0,Total,Total,Pareja,Sí,Había denuncia
España,2008,9,0,Total,Total,Pareja,Sí,No consta denuncia
España,2008,9,2,Total,Total,Pareja,Sí,No había denuncia
España,2009,4,0,Total,Total,Expareja,No,Había denuncia
España,2009,4,0,Total,Total,Expareja,No,No consta denuncia
España,2009,4,0,Total,Total,Expareja,No,No había denuncia
España,2009,4,0,Total,Total,Expareja,No contesta,Había denuncia
España,2009,4,0,Total,Total,Expareja,No contesta,No consta denuncia
España,2009,4,0,Total,Total,Expareja,No contesta,No había denuncia
España,2009,4,0,Total,Total,Expareja,Sí,Había denuncia
España,2009,4,0,Total,Total,Expareja,Sí,No consta denuncia
España,2009,4,0,Total,Total,Expareja,Sí,No había denuncia
España,2009,4,0,Total,Total,Pareja,No,Había denuncia
España,2009,4,0,Total,Total,Pareja,No,No consta denuncia
España,2009,4,0,Total,Total,Pareja,No,No había denuncia
España,2009,4,0,Total,Total,Pareja,No contesta,Había denuncia
España,2009,4,0,Total,Total,Pareja,No contesta,No consta denuncia
España,2009,4,0,Total,Total,Pareja,No contesta,No había denuncia
España,2009,4,1,Total,Total,Pareja,Sí,Había denuncia
España,2009,4,0,Total,Total,Pareja,Sí,No consta denuncia
España,2009,4,1,Total,Total,Pareja,Sí,No había denuncia
España,2009,8,1,Total,Total,Expareja,No,Había denuncia
España,2009,8,0,Total,Total,Expareja,No,No consta denuncia
España,2009,8,0,Total,Total,Expareja,No,No había denuncia
España,2009,8,0,Total,Total,Expareja,No contesta,Había denuncia
España,2009,8,0,Total,Total,Expareja,No contesta,No consta denuncia
España,2009,8,0,Total,Total,Expareja,No contesta,No había denuncia
España,2009,8,0,Total,Total,Expareja,Sí,Había denuncia
España,2009,8,0,Total,Total,Expareja,Sí,No consta denuncia
España,2009,8,0,Total,Total,Expareja,Sí,No había denuncia
España,2009,8,0,Total,Total,Pareja,No,Había denuncia
España,2009,8,0,Total,Total,Pareja,No,No consta denuncia
España,2009,8,0,Total,Total,Pareja,No,No había denuncia
España,2009,8,0,Total,Total,Pareja,No contesta,Había denuncia
España,2009,8,0,Total,Total,Pareja,No contesta,No consta denuncia
España,2009,8,0,Total,Total,Pareja,No contesta,No había denuncia
España,2009,8,0,Total,Total,Pareja,Sí,Había denuncia
España,2009,8,0,Total,Total,Pareja,Sí,No consta denuncia
España,2009,8,5,Total,Total,Pareja,Sí,No había denuncia
España,2009,12,0,Total,Total,Expareja,No,Había denuncia
España,2009,12,0,Total,Total,Expareja,No,No consta denuncia
España,2009,12,1,Total,Total,Expareja,No,No había denuncia
España,2009,12,0,Total,Total,Expareja,No contesta,Había denuncia
España,2009,12,0,Total,Total,Expareja,No contesta,No consta denuncia
España,2009,12,0,Total,Total,Expareja,No contesta,No había denuncia
España,2009,12,0,Total,Total,Expareja,Sí,Había denuncia
España,2009,12,0,Total,Total,Expareja,Sí,No consta denuncia
España,2009,12,0,Total,Total,Expareja,Sí,No había denuncia
España,2009,12,0,Total,Total,Pareja,No,Había denuncia
España,2009,12,0,Total,Total,Pareja,No,No consta denuncia
España,2009,12,0,Total,Total,Pareja,No,No había denuncia
España,2009,12,0,Total,Total,Pareja,No contesta,Había denuncia
España,2009,12,0,Total,Total,Pareja,No contesta,No consta denuncia
España,2009,12,0,Total,Total,Pareja,No contesta,No había denuncia
España,2009,12,0,Total,Total,Pareja,Sí,Había denuncia
España,2009,12,0,Total,Total,Pareja,Sí,No consta denuncia
España,2009,12,4,Total,Total,Pareja,Sí,No había denuncia
España,2009,2,0,Total,Total,Expareja,No,Había denuncia
España,2009,2,0,Total,Total,Expareja,No,No consta denuncia
España,2009,2,1,Total,Total,Expareja,No,No había denuncia
España,2009,2,0,Total,Total,Expareja,No contesta,Había denuncia
España,2009,2,0,Total,Total,Expareja,No contesta,No consta denuncia
España,2009,2,0,Total,Total,Expareja,No contesta,No había denuncia
España,2009,2,0,Total,Total,Expareja,Sí,Había denuncia
España,2009,2,0,Total,Total,Expareja,Sí,No consta denuncia
España,2009,2,0,Total,Total,Expareja,Sí,No había denuncia
España,2009,2,0,Total,Total,Pareja,No,Había denuncia
España,2009,2,0,Total,Total,Pareja,No,No consta denuncia
España,2009,2,3,Total,Total,Pareja,No,No había denuncia
España,2009,2,0,Total,Total,Pareja,No contesta,Había denuncia
España,2009,2,0,Total,Total,Pareja,No contesta,No consta denuncia
España,2009,2,0,Total,Total,Pareja,No contesta,No había denuncia
España,2009,2,1,Total,Total,Pareja,Sí,Había denuncia
España,2009,2,0,Total,Total,Pareja,Sí,No consta denuncia
España,2009,2,0,Total,Total,Pareja,Sí,No había denuncia
España,2009,7,0,Total,Total,Expareja,No,Había denuncia
España,2009,7,0,Total,Total,Expareja,No,No consta denuncia
España,2009,7,1,Total,Total,Expareja,No,No había denuncia
España,2009,7,0,Total,Total,Expareja,No contesta,Había denuncia
España,2009,7,0,Total,Total,Expareja,No contesta,No consta denuncia
España,2009,7,0,Total,Total,Expareja,No contesta,No había denuncia
España,2009,7,0,Total,Total,Expareja,Sí,Había denuncia
España,2009,7,0,Total,Total,Expareja,Sí,No consta denuncia
España,2009,7,0,Total,Total,Expareja,Sí,No había denuncia
España,2009,7,1,Total,Total,Pareja,No,Había denuncia
España,2009,7,0,Total,Total,Pareja,No,No consta denuncia
España,2009,7,0,Total,Total,Pareja,No,No había denuncia
España,2009,7,0,Total,Total,Pareja,No contesta,Había denuncia
España,2009,7,0,Total,Total,Pareja,No contesta,No consta denuncia
España,2009,7,0,Total,Total,Pareja,No contesta,No había denuncia
España,2009,7,0,Total,Total,Pareja,Sí,Había denuncia
España,2009,7,0,Total,Total,Pareja,Sí,No consta denuncia
España,2009,7,4,Total,Total,Pareja,Sí,No había denuncia
España,2009,6,0,Total,Total,Expareja,No,Había denuncia
España,2009,6,0,Total,Total,Expareja,No,No consta denuncia
España,2009,6,1,Total,Total,Expareja,No,No había denuncia
España,2009,6,0,Total,Total,Expareja,No contesta,Había denuncia
España,2009,6,0,Total,Total,Expareja,No contesta,No consta denuncia
España,2009,6,0,Total,Total,Expareja,No contesta,No había denuncia
España,2009,6,0,Total,Total,Expareja,Sí,Había denuncia
España,2009,6,0,Total,Total,Expareja,Sí,No consta denuncia
España,2009,6,0,Total,Total,Expareja,Sí,No había denuncia
España,2009,6,1,Total,Total,Pareja,No,Había denuncia
España,2009,6,0,Total,Total,Pareja,No,No consta denuncia
España,2009,6,1,Total,Total,Pareja,No,No había denuncia
España,2009,6,0,Total,Total,Pareja,No contesta,Había denuncia
España,2009,6,0,Total,Total,Pareja,No contesta,No consta denuncia
España,2009,6,0,Total,Total,Pareja,No contesta,No había denuncia
España,2009,6,1,Total,Total,Pareja,Sí,Había denuncia
España,2009,6,0,Total,Total,Pareja,Sí,No consta denuncia
España,2009,6,2,Total,Total,Pareja,Sí,No había denuncia
España,2009,3,1,Total,Total,Expareja,No,Había denuncia
España,2009,3,0,Total,Total,Expareja,No,No consta denuncia
España,2009,3,1,Total,Total,Expareja,No,No había denuncia
España,2009,3,0,Total,Total,Expareja,No contesta,Había denuncia
España,2009,3,0,Total,Total,Expareja,No contesta,No consta denuncia
España,2009,3,0,Total,Total,Expareja,No contesta,No había denuncia
España,2009,3,0,Total,Total,Expareja,Sí,Había denuncia
España,2009,3,0,Total,Total,Expareja,Sí,No consta denuncia
España,2009,3,0,Total,Total,Expareja,Sí,No había denuncia
España,2009,3,0,Total,Total,Pareja,No,Había denuncia
España,2009,3,0,Total,Total,Pareja,No,No consta denuncia
España,2009,3,0,Total,Total,Pareja,No,No había denuncia
España,2009,3,0,Total,Total,Pareja,No contesta,Había denuncia
España,2009,3,0,Total,Total,Pareja,No contesta,No consta denuncia
España,2009,3,1,Total,Total,Pareja,No contesta,No había denuncia
España,2009,3,2,Total,Total,Pareja,Sí,Había denuncia
España,2009,3,0,Total,Total,Pareja,Sí,No consta denuncia
España,2009,3,1,Total,Total,Pareja,Sí,No había denuncia
España,2009,5,3,Total,Total,Expareja,No,Había denuncia
España,2009,5,0,Total,Total,Expareja,No,No consta denuncia
España,2009,5,1,Total,Total,Expareja,No,No había denuncia
España,2009,5,0,Total,Total,Expareja,No contesta,Había denuncia
España,2009,5,0,Total,Total,Expareja,No contesta,No consta denuncia
España,2009,5,0,Total,Total,Expareja,No contesta,No había denuncia
España,2009,5,0,Total,Total,Expareja,Sí,Había denuncia
España,2009,5,0,Total,Total,Expareja,Sí,No consta denuncia
España,2009,5,0,Total,Total,Expareja,Sí,No había denuncia
España,2009,5,0,Total,Total,Pareja,No,Había denuncia
España,2009,5,0,Total,Total,Pareja,No,No consta denuncia
España,2009,5,1,Total,Total,Pareja,No,No había denuncia
España,2009,5,0,Total,Total,Pareja,No contesta,Había denuncia
España,2009,5,0,Total,Total,Pareja,No contesta,No consta denuncia
España,2009,5,0,Total,Total,Pareja,No contesta,No había denuncia
España,2009,5,1,Total,Total,Pareja,Sí,Había denuncia
España,2009,5,0,Total,Total,Pareja,Sí,No consta denuncia
España,2009,5,3,Total,Total,Pareja,Sí,No había denuncia
España,2009,11,0,Total,Total,Expareja,No,Había denuncia
España,2009,11,0,Total,Total,Expareja,No,No consta denuncia
España,2009,11,1,Total,Total,Expareja,No,No había denuncia
España,2009,11,0,Total,Total,Expareja,No contesta,Había denuncia
España,2009,11,0,Total,Total,Expareja,No contesta,No consta denuncia
España,2009,11,0,Total,Total,Expareja,No contesta,No había denuncia
España,2009,11,0,Total,Total,Expareja,Sí,Había denuncia
España,2009,11,0,Total,Total,Expareja,Sí,No consta denuncia
España,2009,11,0,Total,Total,Expareja,Sí,No había denuncia
España,2009,11,0,Total,Total,Pareja,No,Había denuncia
España,2009,11,0,Total,Total,Pareja,No,No consta denuncia
España,2009,11,0,Total,Total,Pareja,No,No había denuncia
España,2009,11,0,Total,Total,Pareja,No contesta,Había denuncia
España,2009,11,0,Total,Total,Pareja,No contesta,No consta denuncia
España,2009,11,0,Total,Total,Pareja,No contesta,No había denuncia
España,2009,11,0,Total,Total,Pareja,Sí,Había denuncia
España,2009,11,0,Total,Total,Pareja,Sí,No consta denuncia
España,2009,11,0,Total,Total,Pareja,Sí,No había denuncia
España,2009,10,0,Total,Total,Expareja,No,Había denuncia
España,2009,10,0,Total,Total,Expareja,No,No consta denuncia
España,2009,10,1,Total,Total,Expareja,No,No había denuncia
España,2009,10,0,Total,Total,Expareja,No contesta,Había denuncia
España,2009,10,0,Total,Total,Expareja,No contesta,No consta denuncia
España,2009,10,0,Total,Total,Expareja,No contesta,No había denuncia
España,2009,10,0,Total,Total,Expareja,Sí,Había denuncia
España,2009,10,0,Total,Total,Expareja,Sí,No consta denuncia
España,2009,10,0,Total,Total,Expareja,Sí,No había denuncia
España,2009,10,0,Total,Total,Pareja,No,Había denuncia
España,2009,10,0,Total,Total,Pareja,No,No consta denuncia
España,2009,10,0,Total,Total,Pareja,No,No había denuncia
España,2009,10,0,Total,Total,Pareja,No contesta,Había denuncia
España,2009,10,0,Total,Total,Pareja,No contesta,No consta denuncia
España,2009,10,0,Total,Total,Pareja,No contesta,No había denuncia
España,2009,10,0,Total,Total,Pareja,Sí,Había denuncia
España,2009,10,0,Total,Total,Pareja,Sí,No consta denuncia
España,2009,10,5,Total,Total,Pareja,Sí,No había denuncia
España,2009,9,0,Total,Total,Expareja,No,Había denuncia
España,2009,9,0,Total,Total,Expareja,No,No consta denuncia
España,2009,9,1,Total,Total,Expareja,No,No había denuncia
España,2009,9,0,Total,Total,Expareja,No contesta,Había denuncia
España,2009,9,0,Total,Total,Expareja,No contesta,No consta denuncia
España,2009,9,0,Total,Total,Expareja,No contesta,No había denuncia
España,2009,9,0,Total,Total,Expareja,Sí,Había denuncia
España,2009,9,0,Total,Total,Expareja,Sí,No consta denuncia
España,2009,9,0,Total,Total,Expareja,Sí,No había denuncia
España,2009,9,1,Total,Total,Pareja,No,Había denuncia
España,2009,9,0,Total,Total,Pareja,No,No consta denuncia
España,2009,9,0,Total,Total,Pareja,No,No había denuncia
España,2009,9,0,Total,Total,Pareja,No contesta,Había denuncia
España,2009,9,0,Total,Total,Pareja,No contesta,No consta denuncia
España,2009,9,0,Total,Total,Pareja,No contesta,No había denuncia
España,2009,9,1,Total,Total,Pareja,Sí,Había denuncia
España,2009,9,0,Total,Total,Pareja,Sí,No consta denuncia
España,2009,9,3,Total,Total,Pareja,Sí,No había denuncia
España,2010,4,1,Total,Total,Expareja,No,Había denuncia
España,2010,4,0,Total,Total,Expareja,No,No consta denuncia
España,2010,4,1,Total,Total,Expareja,No,No había denuncia
España,2010,4,0,Total,Total,Expareja,No contesta,Había denuncia
España,2010,4,0,Total,Total,Expareja,No contesta,No consta denuncia
España,2010,4,0,Total,Total,Expareja,No contesta,No había denuncia
España,2010,4,0,Total,Total,Expareja,Sí,Había denuncia
España,2010,4,0,Total,Total,Expareja,Sí,No consta denuncia
España,2010,4,0,Total,Total,Expareja,Sí,No había denuncia
España,2010,4,0,Total,Total,Pareja,No,Había denuncia
España,2010,4,0,Total,Total,Pareja,No,No consta denuncia
España,2010,4,0,Total,Total,Pareja,No,No había denuncia
España,2010,4,0,Total,Total,Pareja,No contesta,Había denuncia
España,2010,4,0,Total,Total,Pareja,No contesta,No consta denuncia
España,2010,4,0,Total,Total,Pareja,No contesta,No había denuncia
España,2010,4,2,Total,Total,Pareja,Sí,Había denuncia
España,2010,4,0,Total,Total,Pareja,Sí,No consta denuncia
España,2010,4,4,Total,Total,Pareja,Sí,No había denuncia
España,2010,8,0,Total,Total,Expareja,No,Había denuncia
España,2010,8,0,Total,Total,Expareja,No,No consta denuncia
España,2010,8,0,Total,Total,Expareja,No,No había denuncia
España,2010,8,0,Total,Total,Expareja,No contesta,Había denuncia
España,2010,8,0,Total,Total,Expareja,No contesta,No consta denuncia
España,2010,8,0,Total,Total,Expareja,No contesta,No había denuncia
España,2010,8,0,Total,Total,Expareja,Sí,Había denuncia
España,2010,8,0,Total,Total,Expareja,Sí,No consta denuncia
España,2010,8,0,Total,Total,Expareja,Sí,No había denuncia
España,2010,8,0,Total,Total,Pareja,No,Había denuncia
España,2010,8,0,Total,Total,Pareja,No,No consta denuncia
España,2010,8,0,Total,Total,Pareja,No,No había denuncia
España,2010,8,0,Total,Total,Pareja,No contesta,Había denuncia
España,2010,8,0,Total,Total,Pareja,No contesta,No consta denuncia
España,2010,8,0,Total,Total,Pareja,No contesta,No había denuncia
España,2010,8,1,Total,Total,Pareja,Sí,Había denuncia
España,2010,8,0,Total,Total,Pareja,Sí,No consta denuncia
España,2010,8,1,Total,Total,Pareja,Sí,No había denuncia
España,2010,12,2,Total,Total,Expareja,No,Había denuncia
España,2010,12,0,Total,Total,Expareja,No,No consta denuncia
España,2010,12,0,Total,Total,Expareja,No,No había denuncia
España,2010,12,0,Total,Total,Expareja,No contesta,Había denuncia
España,2010,12,0,Total,Total,Expareja,No contesta,No consta denuncia
España,2010,12,0,Total,Total,Expareja,No contesta,No había denuncia
España,2010,12,0,Total,Total,Expareja,Sí,Había denuncia
España,2010,12,0,Total,Total,Expareja,Sí,No consta denuncia
España,2010,12,0,Total,Total,Expareja,Sí,No había denuncia
España,2010,12,0,Total,Total,Pareja,No,Había denuncia
España,2010,12,0,Total,Total,Pareja,No,No consta denuncia
España,2010,12,0,Total,Total,Pareja,No,No había denuncia
España,2010,12,0,Total,Total,Pareja,No contesta,Había denuncia
España,2010,12,0,Total,Total,Pareja,No contesta,No consta denuncia
España,2010,12,0,Total,Total,Pareja,No contesta,No había denuncia
España,2010,12,2,Total,Total,Pareja,Sí,Había denuncia
España,2010,12,0,Total,Total,Pareja,Sí,No consta denuncia
España,2010,12,3,Total,Total,Pareja,Sí,No había denuncia
España,2010,1,0,Total,Total,Expareja,No,Había denuncia
España,2010,1,0,Total,Total,Expareja,No,No consta denuncia
España,2010,1,1,Total,Total,Expareja,No,No había denuncia
España,2010,1,0,Total,Total,Expareja,No contesta,Había denuncia
España,2010,1,0,Total,Total,Expareja,No contesta,No consta denuncia
España,2010,1,0,Total,Total,Expareja,No contesta,No había denuncia
España,2010,1,0,Total,Total,Expareja,Sí,Había denuncia
España,2010,1,0,Total,Total,Expareja,Sí,No consta denuncia
España,2010,1,0,Total,Total,Expareja,Sí,No había denuncia
España,2010,1,0,Total,Total,Pareja,No,Había denuncia
España,2010,1,0,Total,Total,Pareja,No,No consta denuncia
España,2010,1,0,Total,Total,Pareja,No,No había denuncia
España,2010,1,0,Total,Total,Pareja,No contesta,Había denuncia
España,2010,1,0,Total,Total,Pareja,No contesta,No consta denuncia
España,2010,1,0,Total,Total,Pareja,No contesta,No había denuncia
España,2010,1,0,Total,Total,Pareja,Sí,Había denuncia
España,2010,1,0,Total,Total,Pareja,Sí,No consta denuncia
España,2010,1,2,Total,Total,Pareja,Sí,No había denuncia
España,2010,2,0,Total,Total,Expareja,No,Había denuncia
España,2010,2,0,Total,Total,Expareja,No,No consta denuncia
España,2010,2,0,Total,Total,Expareja,No,No había denuncia
España,2010,2,0,Total,Total,Expareja,No contesta,Había denuncia
España,2010,2,0,Total,Total,Expareja,No contesta,No consta denuncia
España,2010,2,0,Total,Total,Expareja,No contesta,No había denuncia
España,2010,2,0,Total,Total,Expareja,Sí,Había denuncia
España,2010,2,0,Total,Total,Expareja,Sí,No consta denuncia
España,2010,2,0,Total,Total,Expareja,Sí,No había denuncia
España,2010,2,0,Total,Total,Pareja,No,Había denuncia
España,2010,2,0,Total,Total,Pareja,No,No consta denuncia
España,2010,2,0,Total,Total,Pareja,No,No había denuncia
España,2010,2,0,Total,Total,Pareja,No contesta,Había denuncia
España,2010,2,0,Total,Total,Pareja,No contesta,No consta denuncia
España,2010,2,0,Total,Total,Pareja,No contesta,No había denuncia
España,2010,2,1,Total,Total,Pareja,Sí,Había denuncia
España,2010,2,0,Total,Total,Pareja,Sí,No consta denuncia
España,2010,2,3,Total,Total,Pareja,Sí,No había denuncia
España,2010,7,1,Total,Total,Expareja,No,Había denuncia
España,2010,7,0,Total,Total,Expareja,No,No consta denuncia
España,2010,7,0,Total,Total,Expareja,No,No había denuncia
España,2010,7,0,Total,Total,Expareja,No contesta,Había denuncia
España,2010,7,0,Total,Total,Expareja,No contesta,No consta denuncia
España,2010,7,0,Total,Total,Expareja,No contesta,No había denuncia
España,2010,7,0,Total,Total,Expareja,Sí,Había denuncia
España,2010,7,0,Total,Total,Expareja,Sí,No consta denuncia
España,2010,7,0,Total,Total,Expareja,Sí,No había denuncia
España,2010,7,0,Total,Total,Pareja,No,Había denuncia
España,2010,7,0,Total,Total,Pareja,No,No consta denuncia
España,2010,7,3,Total,Total,Pareja,No,No había denuncia
España,2010,7,0,Total,Total,Pareja,No contesta,Había denuncia
España,2010,7,0,Total,Total,Pareja,No contesta,No consta denuncia
España,2010,7,0,Total,Total,Pareja,No contesta,No había denuncia
España,2010,7,3,Total,Total,Pareja,Sí,Había denuncia
España,2010,7,0,Total,Total,Pareja,Sí,No consta denuncia
España,2010,7,4,Total,Total,Pareja,Sí,No había denuncia
España,2010,6,0,Total,Total,Expareja,No,Había denuncia
España,2010,6,0,Total,Total,Expareja,No,No consta denuncia
España,2010,6,1,Total,Total,Expareja,No,No había denuncia
España,2010,6,0,Total,Total,Expareja,No contesta,Había denuncia
España,2010,6,0,Total,Total,Expareja,No contesta,No consta denuncia
España,2010,6,0,Total,Total,Expareja,No contesta,No había denuncia
España,2010,6,0,Total,Total,Expareja,Sí,Había denuncia
España,2010,6,0,Total,Total,Expareja,Sí,No consta denuncia
España,2010,6,0,Total,Total,Expareja,Sí,No había denuncia
España,2010,6,0,Total,Total,Pareja,No,Había denuncia
España,2010,6,0,Total,Total,Pareja,No,No consta denuncia
España,2010,6,1,Total,Total,Pareja,No,No había denuncia
España,2010,6,0,Total,Total,Pareja,No contesta,Había denuncia
España,2010,6,0,Total,Total,Pareja,No contesta,No consta denuncia
España,2010,6,0,Total,Total,Pareja,No contesta,No había denuncia
España,2010,6,1,Total,Total,Pareja,Sí,Había denuncia
España,2010,6,0,Total,Total,Pareja,Sí,No consta denuncia
España,2010,6,2,Total,Total,Pareja,Sí,No había denuncia
España,2010,3,1,Total,Total,Expareja,No,Había denuncia
España,2010,3,0,Total,Total,Expareja,No,No consta denuncia
España,2010,3,2,Total,Total,Expareja,No,No había denuncia
España,2010,3,0,Total,Total,Expareja,No contesta,Había denuncia
España,2010,3,0,Total,Total,Expareja,No contesta,No consta denuncia
España,2010,3,0,Total,Total,Expareja,No contesta,No había denuncia
España,2010,3,0,Total,Total,Expareja,Sí,Había denuncia
España,2010,3,0,Total,Total,Expareja,Sí,No consta denuncia
España,2010,3,0,Total,Total,Expareja,Sí,No había denuncia
España,2010,3,0,Total,Total,Pareja,No,Había denuncia
España,2010,3,0,Total,Total,Pareja,No,No consta denuncia
España,2010,3,1,Total,Total,Pareja,No,No había denuncia
España,2010,3,0,Total,Total,Pareja,No contesta,Había denuncia
España,2010,3,0,Total,Total,Pareja,No contesta,No consta denuncia
España,2010,3,0,Total,Total,Pareja,No contesta,No había denuncia
España,2010,3,0,Total,Total,Pareja,Sí,Había denuncia
España,2010,3,0,Total,Total,Pareja,Sí,No consta denuncia
España,2010,3,3,Total,Total,Pareja,Sí,No había denuncia
España,2010,5,0,Total,Total,Expareja,No,Había denuncia
España,2010,5,0,Total,Total,Expareja,No,No consta denuncia
España,2010,5,1,Total,Total,Expareja,No,No había denuncia
España,2010,5,0,Total,Total,Expareja,No contesta,Había denuncia
España,2010,5,0,Total,Total,Expareja,No contesta,No consta denuncia
España,2010,5,0,Total,Total,Expareja,No contesta,No había denuncia
España,2010,5,0,Total,Total,Expareja,Sí,Había denuncia
España,2010,5,0,Total,Total,Expareja,Sí,No consta denuncia
España,2010,5,0,Total,Total,Expareja,Sí,No había denuncia
España,2010,5,0,Total,Total,Pareja,No,Había denuncia
España,2010,5,0,Total,Total,Pareja,No,No consta denuncia
España,2010,5,0,Total,Total,Pareja,No,No había denuncia
España,2010,5,0,Total,Total,Pareja,No contesta,Había denuncia
España,2010,5,0,Total,Total,Pareja,No contesta,No consta denuncia
España,2010,5,0,Total,Total,Pareja,No contesta,No había denuncia
España,2010,5,0,Total,Total,Pareja,Sí,Había denuncia
España,2010,5,0,Total,Total,Pareja,Sí,No consta denuncia
España,2010,5,5,Total,Total,Pareja,Sí,No había denuncia
España,2010,11,0,Total,Total,Expareja,No,Había denuncia
España,2010,11,0,Total,Total,Expareja,No,No consta denuncia
España,2010,11,1,Total,Total,Expareja,No,No había denuncia
España,2010,11,0,Total,Total,Expareja,No contesta,Había denuncia
España,2010,11,0,Total,Total,Expareja,No contesta,No consta denuncia
España,2010,11,0,Total,Total,Expareja,No contesta,No había denuncia
España,2010,11,0,Total,Total,Expareja,Sí,Había denuncia
España,2010,11,0,Total,Total,Expareja,Sí,No consta denuncia
España,2010,11,0,Total,Total,Expareja,Sí,No había denuncia
España,2010,11,0,Total,Total,Pareja,No,Había denuncia
España,2010,11,0,Total,Total,Pareja,No,No consta denuncia
España,2010,11,2,Total,Total,Pareja,No,No había denuncia
España,2010,11,0,Total,Total,Pareja,No contesta,Había denuncia
España,2010,11,0,Total,Total,Pareja,No contesta,No consta denuncia
España,2010,11,0,Total,Total,Pareja,No contesta,No había denuncia
España,2010,11,3,Total,Total,Pareja,Sí,Había denuncia
España,2010,11,0,Total,Total,Pareja,Sí,No consta denuncia
España,2010,11,1,Total,Total,Pareja,Sí,No había denuncia
España,2010,10,0,Total,Total,Expareja,No,Había denuncia
España,2010,10,0,Total,Total,Expareja,No,No consta denuncia
España,2010,10,0,Total,Total,Expareja,No,No había denuncia
España,2010,10,0,Total,Total,Expareja,No contesta,Había denuncia
España,2010,10,0,Total,Total,Expareja,No contesta,No consta denuncia
España,2010,10,0,Total,Total,Expareja,No contesta,No había denuncia
España,2010,10,0,Total,Total,Expareja,Sí,Había denuncia
España,2010,10,0,Total,Total,Expareja,Sí,No consta denuncia
España,2010,10,0,Total,Total,Expareja,Sí,No había denuncia
España,2010,10,1,Total,Total,Pareja,No,Había denuncia
España,2010,10,0,Total,Total,Pareja,No,No consta denuncia
España,2010,10,0,Total,Total,Pareja,No,No había denuncia
España,2010,10,0,Total,Total,Pareja,No contesta,Había denuncia
España,2010,10,0,Total,Total,Pareja,No contesta,No consta denuncia
España,2010,10,0,Total,Total,Pareja,No contesta,No había denuncia
España,2010,10,0,Total,Total,Pareja,Sí,Había denuncia
España,2010,10,0,Total,Total,Pareja,Sí,No consta denuncia
España,2010,10,5,Total,Total,Pareja,Sí,No había denuncia
España,2010,9,2,Total,Total,Expareja,No,Había denuncia
España,2010,9,0,Total,Total,Expareja,No,No consta denuncia
España,2010,9,3,Total,Total,Expareja,No,No había denuncia
España,2010,9,0,Total,Total,Expareja,No contesta,Había denuncia
España,2010,9,0,Total,Total,Expareja,No contesta,No consta denuncia
España,2010,9,0,Total,Total,Expareja,No contesta,No había denuncia
España,2010,9,0,Total,Total,Expareja,Sí,Había denuncia
España,2010,9,0,Total,Total,Expareja,Sí,No consta denuncia
España,2010,9,0,Total,Total,Expareja,Sí,No había denuncia
España,2010,9,1,Total,Total,Pareja,No,Había denuncia
España,2010,9,0,Total,Total,Pareja,No,No consta denuncia
España,2010,9,0,Total,Total,Pareja,No,No había denuncia
España,2010,9,0,Total,Total,Pareja,No contesta,Había denuncia
España,2010,9,0,Total,Total,Pareja,No contesta,No consta denuncia
España,2010,9,0,Total,Total,Pareja,No contesta,No había denuncia
España,2010,9,0,Total,Total,Pareja,Sí,Había denuncia
España,2010,9,0,Total,Total,Pareja,Sí,No consta denuncia
España,2010,9,2,Total,Total,Pareja,Sí,No había denuncia
España,2011,4,0,Total,Total,Expareja,No,Había denuncia
España,2011,4,0,Total,Total,Expareja,No,No consta denuncia
España,2011,4,1,Total,Total,Expareja,No,No había denuncia
España,2011,4,0,Total,Total,Expareja,No contesta,Había denuncia
España,2011,4,0,Total,Total,Expareja,No contesta,No consta denuncia
España,2011,4,0,Total,Total,Expareja,No contesta,No había denuncia
España,2011,4,0,Total,Total,Expareja,Sí,Había denuncia
España,2011,4,0,Total,Total,Expareja,Sí,No consta denuncia
España,2011,4,0,Total,Total,Expareja,Sí,No había denuncia
España,2011,4,0,Total,Total,Pareja,No,Había denuncia
España,2011,4,0,Total,Total,Pareja,No,No consta denuncia
España,2011,4,0,Total,Total,Pareja,No,No había denuncia
España,2011,4,0,Total,Total,Pareja,No contesta,Había denuncia
España,2011,4,0,Total,Total,Pareja,No contesta,No consta denuncia
España,2011,4,0,Total,Total,Pareja,No contesta,No había denuncia
España,2011,4,0,Total,Total,Pareja,Sí,Había denuncia
España,2011,4,0,Total,Total,Pareja,Sí,No consta denuncia
España,2011,4,2,Total,Total,Pareja,Sí,No había denuncia
España,2011,8,0,Total,Total,Expareja,No,Había denuncia
España,2011,8,0,Total,Total,Expareja,No,No consta denuncia
España,2011,8,0,Total,Total,Expareja,No,No había denuncia
España,2011,8,0,Total,Total,Expareja,No contesta,Había denuncia
España,2011,8,0,Total,Total,Expareja,No contesta,No consta denuncia
España,2011,8,0,Total,Total,Expareja,No contesta,No había denuncia
España,2011,8,0,Total,Total,Expareja,Sí,Había denuncia
España,2011,8,0,Total,Total,Expareja,Sí,No consta denuncia
España,2011,8,0,Total,Total,Expareja,Sí,No había denuncia
España,2011,8,1,Total,Total,Pareja,No,Había denuncia
España,2011,8,0,Total,Total,Pareja,No,No consta denuncia
España,2011,8,1,Total,Total,Pareja,No,No había denuncia
España,2011,8,0,Total,Total,Pareja,No contesta,Había denuncia
España,2011,8,0,Total,Total,Pareja,No contesta,No consta denuncia
España,2011,8,0,Total,Total,Pareja,No contesta,No había denuncia
España,2011,8,0,Total,Total,Pareja,Sí,Había denuncia
España,2011,8,0,Total,Total,Pareja,Sí,No consta denuncia
España,2011,8,2,Total,Total,Pareja,Sí,No había denuncia
España,2011,12,1,Total,Total,Expareja,No,Había denuncia
España,2011,12,0,Total,Total,Expareja,No,No consta denuncia
España,2011,12,2,Total,Total,Expareja,No,No había denuncia
España,2011,12,0,Total,Total,Expareja,No contesta,Había denuncia
España,2011,12,0,Total,Total,Expareja,No contesta,No consta denuncia
España,2011,12,0,Total,Total,Expareja,No contesta,No había denuncia
España,2011,12,0,Total,Total,Expareja,Sí,Había denuncia
España,2011,12,0,Total,Total,Expareja,Sí,No consta denuncia
España,2011,12,0,Total,Total,Expareja,Sí,No había denuncia
España,2011,12,0,Total,Total,Pareja,No,Había denuncia
España,2011,12,0,Total,Total,Pareja,No,No consta denuncia
España,2011,12,0,Total,Total,Pareja,No,No había denuncia
España,2011,12,0,Total,Total,Pareja,No contesta,Había denuncia
España,2011,12,0,Total,Total,Pareja,No contesta,No consta denuncia
España,2011,12,0,Total,Total,Pareja,No contesta,No había denuncia
España,2011,12,0,Total,Total,Pareja,Sí,Había denuncia
España,2011,12,0,Total,Total,Pareja,Sí,No consta denuncia
España,2011,12,3,Total,Total,Pareja,Sí,No había denuncia
España,2011,1,0,Total,Total,Expareja,No,Había denuncia
España,2011,1,0,Total,Total,Expareja,No,No consta denuncia
España,2011,1,0,Total,Total,Expareja,No,No había denuncia
España,2011,1,0,Total,Total,Expareja,No contesta,Había denuncia
España,2011,1,0,Total,Total,Expareja,No contesta,No consta denuncia
España,2011,1,0,Total,Total,Expareja,No contesta,No había denuncia
España,2011,1,0,Total,Total,Expareja,Sí,Había denuncia
España,2011,1,0,Total,Total,Expareja,Sí,No consta denuncia
España,2011,1,0,Total,Total,Expareja,Sí,No había denuncia
España,2011,1,1,Total,Total,Pareja,No,Había denuncia
España,2011,1,0,Total,Total,Pareja,No,No consta denuncia
España,2011,1,0,Total,Total,Pareja,No,No había denuncia
España,2011,1,0,Total,Total,Pareja,No contesta,Había denuncia
España,2011,1,0,Total,Total,Pareja,No contesta,No consta denuncia
España,2011,1,0,Total,Total,Pareja,No contesta,No había denuncia
España,2011,1,0,Total,Total,Pareja,Sí,Había denuncia
España,2011,1,0,Total,Total,Pareja,Sí,No consta denuncia
España,2011,1,7,Total,Total,Pareja,Sí,No había denuncia
España,2011,2,0,Total,Total,Expareja,No,Había denuncia
España,2011,2,0,Total,Total,Expareja,No,No consta denuncia
España,2011,2,2,Total,Total,Expareja,No,No había denuncia
España,2011,2,0,Total,Total,Expareja,No contesta,Había denuncia
España,2011,2,0,Total,Total,Expareja,No contesta,No consta denuncia
España,2011,2,0,Total,Total,Expareja,No contesta,No había denuncia
España,2011,2,0,Total,Total,Expareja,Sí,Había denuncia
España,2011,2,0,Total,Total,Expareja,Sí,No consta denuncia
España,2011,2,0,Total,Total,Expareja,Sí,No había denuncia
España,2011,2,1,Total,Total,Pareja,No,Había denuncia
España,2011,2,0,Total,Total,Pareja,No,No consta denuncia
España,2011,2,0,Total,Total,Pareja,No,No había denuncia
España,2011,2,0,Total,Total,Pareja,No contesta,Había denuncia
España,2011,2,0,Total,Total,Pareja,No contesta,No consta denuncia
España,2011,2,0,Total,Total,Pareja,No contesta,No había denuncia
España,2011,2,1,Total,Total,Pareja,Sí,Había denuncia
España,2011,2,0,Total,Total,Pareja,Sí,No consta denuncia
España,2011,2,2,Total,Total,Pareja,Sí,No había denuncia
España,2011,7,1,Total,Total,Expareja,No,Había denuncia
España,2011,7,0,Total,Total,Expareja,No,No consta denuncia
España,2011,7,0,Total,Total,Expareja,No,No había denuncia
España,2011,7,0,Total,Total,Expareja,No contesta,Había denuncia
España,2011,7,0,Total,Total,Expareja,No contesta,No consta denuncia
España,2011,7,0,Total,Total,Expareja,No contesta,No había denuncia
España,2011,7,0,Total,Total,Expareja,Sí,Había denuncia
España,2011,7,0,Total,Total,Expareja,Sí,No consta denuncia
España,2011,7,0,Total,Total,Expareja,Sí,No había denuncia
España,2011,7,0,Total,Total,Pareja,No,Había denuncia
España,2011,7,0,Total,Total,Pareja,No,No consta denuncia
España,2011,7,1,Total,Total,Pareja,No,No había denuncia
España,2011,7,0,Total,Total,Pareja,No contesta,Había denuncia
España,2011,7,0,Total,Total,Pareja,No contesta,No consta denuncia
España,2011,7,0,Total,Total,Pareja,No contesta,No había denuncia
España,2011,7,3,Total,Total,Pareja,Sí,Había denuncia
España,2011,7,0,Total,Total,Pareja,Sí,No consta denuncia
España,2011,7,2,Total,Total,Pareja,Sí,No había denuncia
España,2011,6,0,Total,Total,Expareja,No,Había denuncia
España,2011,6,0,Total,Total,Expareja,No,No consta denuncia
España,2011,6,0,Total,Total,Expareja,No,No había denuncia
España,2011,6,0,Total,Total,Expareja,No contesta,Había denuncia
España,2011,6,0,Total,Total,Expareja,No contesta,No consta denuncia
España,2011,6,0,Total,Total,Expareja,No contesta,No había denuncia
España,2011,6,0,Total,Total,Expareja,Sí,Había denuncia
España,2011,6,0,Total,Total,Expareja,Sí,No consta denuncia
España,2011,6,0,Total,Total,Expareja,Sí,No había denuncia
España,2011,6,0,Total,Total,Pareja,No,Había denuncia
España,2011,6,0,Total,Total,Pareja,No,No consta denuncia
España,2011,6,0,Total,Total,Pareja,No,No había denuncia
España,2011,6,0,Total,Total,Pareja,No contesta,Había denuncia
España,2011,6,0,Total,Total,Pareja,No contesta,No consta denuncia
España,2011,6,0,Total,Total,Pareja,No contesta,No había denuncia
España,2011,6,0,Total,Total,Pareja,Sí,Había denuncia
España,2011,6,0,Total,Total,Pareja,Sí,No consta denuncia
España,2011,6,2,Total,Total,Pareja,Sí,No había denuncia
España,2011,3,1,Total,Total,Expareja,No,Había denuncia
España,2011,3,0,Total,Total,Expareja,No,No consta denuncia
España,2011,3,0,Total,Total,Expareja,No,No había denuncia
España,2011,3,0,Total,Total,Expareja,No contesta,Había denuncia
España,2011,3,0,Total,Total,Expareja,No contesta,No consta denuncia
España,2011,3,0,Total,Total,Expareja,No contesta,No había denuncia
España,2011,3,0,Total,Total,Expareja,Sí,Había denuncia
España,2011,3,0,Total,Total,Expareja,Sí,No consta denuncia
España,2011,3,0,Total,Total,Expareja,Sí,No había denuncia
España,2011,3,1,Total,Total,Pareja,No,Había denuncia
España,2011,3,0,Total,Total,Pareja,No,No consta denuncia
España,2011,3,0,Total,Total,Pareja,No,No había denuncia
España,2011,3,0,Total,Total,Pareja,No contesta,Había denuncia
España,2011,3,0,Total,Total,Pareja,No contesta,No consta denuncia
España,2011,3,0,Total,Total,Pareja,No contesta,No había denuncia
España,2011,3,0,Total,Total,Pareja,Sí,Había denuncia
España,2011,3,0,Total,Total,Pareja,Sí,No consta denuncia
España,2011,3,1,Total,Total,Pareja,Sí,No había denuncia
España,2011,5,1,Total,Total,Expareja,No,Había denuncia
España,2011,5,0,Total,Total,Expareja,No,No consta denuncia
España,2011,5,2,Total,Total,Expareja,No,No había denuncia
España,2011,5,0,Total,Total,Expareja,No contesta,Había denuncia
España,2011,5,0,Total,Total,Expareja,No contesta,No consta denuncia
España,2011,5,0,Total,Total,Expareja,No contesta,No había denuncia
España,2011,5,1,Total,Total,Expareja,Sí,Había denuncia
España,2011,5,0,Total,Total,Expareja,Sí,No consta denuncia
España,2011,5,0,Total,Total,Expareja,Sí,No había denuncia
España,2011,5,0,Total,Total,Pareja,No,Había denuncia
España,2011,5,0,Total,Total,Pareja,No,No consta denuncia
España,2011,5,1,Total,Total,Pareja,No,No había denuncia
España,2011,5,0,Total,Total,Pareja,No contesta,Había denuncia
España,2011,5,0,Total,Total,Pareja,No contesta,No consta denuncia
España,2011,5,0,Total,Total,Pareja,No contesta,No había denuncia
España,2011,5,0,Total,Total,Pareja,Sí,Había denuncia
España,2011,5,0,Total,Total,Pareja,Sí,No consta denuncia
España,2011,5,3,Total,Total,Pareja,Sí,No había denuncia
España,2011,11,0,Total,Total,Expareja,No,Había denuncia
España,2011,11,0,Total,Total,Expareja,No,No consta denuncia
España,2011,11,0,Total,Total,Expareja,No,No había denuncia
España,2011,11,0,Total,Total,Expareja,No contesta,Había denuncia
España,2011,11,0,Total,Total,Expareja,No contesta,No consta denuncia
España,2011,11,0,Total,Total,Expareja,No contesta,No había denuncia
España,2011,11,0,Total,Total,Expareja,Sí,Había denuncia
España,2011,11,0,Total,Total,Expareja,Sí,No consta denuncia
España,2011,11,0,Total,Total,Expareja,Sí,No había denuncia
España,2011,11,0,Total,Total,Pareja,No,Había denuncia
España,2011,11,0,Total,Total,Pareja,No,No consta denuncia
España,2011,11,1,Total,Total,Pareja,No,No había denuncia
España,2011,11,0,Total,Total,Pareja,No contesta,Había denuncia
España,2011,11,0,Total,Total,Pareja,No contesta,No consta denuncia
España,2011,11,0,Total,Total,Pareja,No contesta,No había denuncia
España,2011,11,0,Total,Total,Pareja,Sí,Había denuncia
España,2011,11,0,Total,Total,Pareja,Sí,No consta denuncia
España,2011,11,2,Total,Total,Pareja,Sí,No había denuncia
España,2011,10,0,Total,Total,Expareja,No,Había denuncia
España,2011,10,0,Total,Total,Expareja,No,No consta denuncia
España,2011,10,0,Total,Total,Expareja,No,No había denuncia
España,2011,10,0,Total,Total,Expareja,No contesta,Había denuncia
España,2011,10,0,Total,Total,Expareja,No contesta,No consta denuncia
España,2011,10,0,Total,Total,Expareja,No contesta,No había denuncia
España,2011,10,0,Total,Total,Expareja,Sí,Había denuncia
España,2011,10,0,Total,Total,Expareja,Sí,No consta denuncia
España,2011,10,0,Total,Total,Expareja,Sí,No había denuncia
España,2011,10,0,Total,Total,Pareja,No,Había denuncia
España,2011,10,0,Total,Total,Pareja,No,No consta denuncia
España,2011,10,1,Total,Total,Pareja,No,No había denuncia
España,2011,10,0,Total,Total,Pareja,No contesta,Había denuncia
España,2011,10,0,Total,Total,Pareja,No contesta,No consta denuncia
España,2011,10,0,Total,Total,Pareja,No contesta,No había denuncia
España,2011,10,0,Total,Total,Pareja,Sí,Había denuncia
España,2011,10,0,Total,Total,Pareja,Sí,No consta denuncia
España,2011,10,5,Total,Total,Pareja,Sí,No había denuncia
España,2011,9,1,Total,Total,Expareja,No,Había denuncia
España,2011,9,0,Total,Total,Expareja,No,No consta denuncia
España,2011,9,0,Total,Total,Expareja,No,No había denuncia
España,2011,9,0,Total,Total,Expareja,No contesta,Había denuncia
España,2011,9,0,Total,Total,Expareja,No contesta,No consta denuncia
España,2011,9,0,Total,Total,Expareja,No contesta,No había denuncia
España,2011,9,0,Total,Total,Expareja,Sí,Había denuncia
España,2011,9,0,Total,Total,Expareja,Sí,No consta denuncia
España,2011,9,0,Total,Total,Expareja,Sí,No había denuncia
España,2011,9,1,Total,Total,Pareja,No,Había denuncia
España,2011,9,0,Total,Total,Pareja,No,No consta denuncia
España,2011,9,0,Total,Total,Pareja,No,No había denuncia
España,2011,9,0,Total,Total,Pareja,No contesta,Había denuncia
España,2011,9,0,Total,Total,Pareja,No contesta,No consta denuncia
España,2011,9,0,Total,Total,Pareja,No contesta,No había denuncia
España,2011,9,0,Total,Total,Pareja,Sí,Había denuncia
España,2011,9,0,Total,Total,Pareja,Sí,No consta denuncia
España,2011,9,4,Total,Total,Pareja,Sí,No había denuncia
España,2012,4,0,Total,Total,Expareja,No,Había denuncia
España,2012,4,0,Total,Total,Expareja,No,No consta denuncia
España,2012,4,0,Total,Total,Expareja,No,No había denuncia
España,2012,4,0,Total,Total,Expareja,No contesta,Había denuncia
España,2012,4,0,Total,Total,Expareja,No contesta,No consta denuncia
España,2012,4,0,Total,Total,Expareja,No contesta,No había denuncia
España,2012,4,0,Total,Total,Expareja,Sí,Había denuncia
España,2012,4,0,Total,Total,Expareja,Sí,No consta denuncia
España,2012,4,0,Total,Total,Expareja,Sí,No había denuncia
España,2012,4,0,Total,Total,Pareja,No,Había denuncia
España,2012,4,0,Total,Total,Pareja,No,No consta denuncia
España,2012,4,1,Total,Total,Pareja,No,No había denuncia
España,2012,4,0,Total,Total,Pareja,No contesta,Había denuncia
España,2012,4,0,Total,Total,Pareja,No contesta,No consta denuncia
España,2012,4,0,Total,Total,Pareja,No contesta,No había denuncia
España,2012,4,0,Total,Total,Pareja,Sí,Había denuncia
España,2012,4,0,Total,Total,Pareja,Sí,No consta denuncia
España,2012,4,3,Total,Total,Pareja,Sí,No había denuncia
España,2012,8,0,Total,Total,Expareja,No,Había denuncia
España,2012,8,0,Total,Total,Expareja,No,No consta denuncia
España,2012,8,0,Total,Total,Expareja,No,No había denuncia
España,2012,8,0,Total,Total,Expareja,No contesta,Había denuncia
España,2012,8,0,Total,Total,Expareja,No contesta,No consta denuncia
España,2012,8,0,Total,Total,Expareja,No contesta,No había denuncia
España,2012,8,0,Total,Total,Expareja,Sí,Había denuncia
España,2012,8,0,Total,Total,Expareja,Sí,No consta denuncia
España,2012,8,0,Total,Total,Expareja,Sí,No había denuncia
España,2012,8,0,Total,Total,Pareja,No,Había denuncia
España,2012,8,0,Total,Total,Pareja,No,No consta denuncia
España,2012,8,1,Total,Total,Pareja,No,No había denuncia
España,2012,8,0,Total,Total,Pareja,No contesta,Había denuncia
España,2012,8,0,Total,Total,Pareja,No contesta,No consta denuncia
España,2012,8,0,Total,Total,Pareja,No contesta,No había denuncia
España,2012,8,0,Total,Total,Pareja,Sí,Había denuncia
España,2012,8,0,Total,Total,Pareja,Sí,No consta denuncia
España,2012,8,1,Total,Total,Pareja,Sí,No había denuncia
España,2012,12,1,Total,Total,Expareja,No,Había denuncia
España,2012,12,0,Total,Total,Expareja,No,No consta denuncia
España,2012,12,1,Total,Total,Expareja,No,No había denuncia
España,2012,12,0,Total,Total,Expareja,No contesta,Había denuncia
España,2012,12,0,Total,Total,Expareja,No contesta,No consta denuncia
España,2012,12,0,Total,Total,Expareja,No contesta,No había denuncia
España,2012,12,0,Total,Total,Expareja,Sí,Había denuncia
España,2012,12,0,Total,Total,Expareja,Sí,No consta denuncia
España,2012,12,0,Total,Total,Expareja,Sí,No había denuncia
España,2012,12,0,Total,Total,Pareja,No,Había denuncia
España,2012,12,0,Total,Total,Pareja,No,No consta denuncia
España,2012,12,0,Total,Total,Pareja,No,No había denuncia
España,2012,12,0,Total,Total,Pareja,No contesta,Había denuncia
España,2012,12,0,Total,Total,Pareja,No contesta,No consta denuncia
España,2012,12,0,Total,Total,Pareja,No contesta,No había denuncia
España,2012,12,0,Total,Total,Pareja,Sí,Había denuncia
España,2012,12,0,Total,Total,Pareja,Sí,No consta denuncia
España,2012,12,1,Total,Total,Pareja,Sí,No había denuncia
España,2012,1,0,Total,Total,Expareja,No,Había denuncia
España,2012,1,0,Total,Total,Expareja,No,No consta denuncia
España,2012,1,1,Total,Total,Expareja,No,No había denuncia
España,2012,1,0,Total,Total,Expareja,No contesta,Había denuncia
España,2012,1,0,Total,Total,Expareja,No contesta,No consta denuncia
España,2012,1,0,Total,Total,Expareja,No contesta,No había denuncia
España,2012,1,0,Total,Total,Expareja,Sí,Había denuncia
España,2012,1,0,Total,Total,Expareja,Sí,No consta denuncia
España,2012,1,0,Total,Total,Expareja,Sí,No había denuncia
España,2012,1,0,Total,Total,Pareja,No,Había denuncia
España,2012,1,0,Total,Total,Pareja,No,No consta denuncia
España,2012,1,0,Total,Total,Pareja,No,No había denuncia
España,2012,1,0,Total,Total,Pareja,No contesta,Había denuncia
España,2012,1,0,Total,Total,Pareja,No contesta,No consta denuncia
España,2012,1,0,Total,Total,Pareja,No contesta,No había denuncia
España,2012,1,0,Total,Total,Pareja,Sí,Había denuncia
España,2012,1,0,Total,Total,Pareja,Sí,No consta denuncia
España,2012,1,7,Total,Total,Pareja,Sí,No había denuncia
España,2012,2,0,Total,Total,Expareja,No,Había denuncia
España,2012,2,0,Total,Total,Expareja,No,No consta denuncia
España,2012,2,0,Total,Total,Expareja,No,No había denuncia
España,2012,2,0,Total,Total,Expareja,No contesta,Había denuncia
España,2012,2,0,Total,Total,Expareja,No contesta,No consta denuncia
España,2012,2,0,Total,Total,Expareja,No contesta,No había denuncia
España,2012,2,0,Total,Total,Expareja,Sí,Había denuncia
España,2012,2,0,Total,Total,Expareja,Sí,No consta denuncia
España,2012,2,0,Total,Total,Expareja,Sí,No había denuncia
España,2012,2,0,Total,Total,Pareja,No,Había denuncia
España,2012,2,0,Total,Total,Pareja,No,No consta denuncia
España,2012,2,2,Total,Total,Pareja,No,No había denuncia
España,2012,2,0,Total,Total,Pareja,No contesta,Había denuncia
España,2012,2,0,Total,Total,Pareja,No contesta,No consta denuncia
España,2012,2,0,Total,Total,Pareja,No contesta,No había denuncia
España,2012,2,0,Total,Total,Pareja,Sí,Había denuncia
España,2012,2,0,Total,Total,Pareja,Sí,No consta denuncia
España,2012,2,0,Total,Total,Pareja,Sí,No había denuncia
España,2012,7,1,Total,Total,Expareja,No,Había denuncia
España,2012,7,0,Total,Total,Expareja,No,No consta denuncia
España,2012,7,0,Total,Total,Expareja,No,No había denuncia
España,2012,7,0,Total,Total,Expareja,No contesta,Había denuncia
España,2012,7,0,Total,Total,Expareja,No contesta,No consta denuncia
España,2012,7,0,Total,Total,Expareja,No contesta,No había denuncia
España,2012,7,0,Total,Total,Expareja,Sí,Había denuncia
España,2012,7,0,Total,Total,Expareja,Sí,No consta denuncia
España,2012,7,0,Total,Total,Expareja,Sí,No había denuncia
España,2012,7,0,Total,Total,Pareja,No,Había denuncia
España,2012,7,0,Total,Total,Pareja,No,No consta denuncia
España,2012,7,0,Total,Total,Pareja,No,No había denuncia
España,2012,7,0,Total,Total,Pareja,No contesta,Había denuncia
España,2012,7,0,Total,Total,Pareja,No contesta,No consta denuncia
España,2012,7,0,Total,Total,Pareja,No contesta,No había denuncia
España,2012,7,0,Total,Total,Pareja,Sí,Había denuncia
España,2012,7,0,Total,Total,Pareja,Sí,No consta denuncia
España,2012,7,2,Total,Total,Pareja,Sí,No había denuncia
España,2012,6,1,Total,Total,Expareja,No,Había denuncia
España,2012,6,0,Total,Total,Expareja,No,No consta denuncia
España,2012,6,0,Total,Total,Expareja,No,No había denuncia
España,2012,6,0,Total,Total,Expareja,No contesta,Había denuncia
España,2012,6,0,Total,Total,Expareja,No contesta,No consta denuncia
España,2012,6,0,Total,Total,Expareja,No contesta,No había denuncia
España,2012,6,0,Total,Total,Expareja,Sí,Había denuncia
España,2012,6,0,Total,Total,Expareja,Sí,No consta denuncia
España,2012,6,0,Total,Total,Expareja,Sí,No había denuncia
España,2012,6,0,Total,Total,Pareja,No,Había denuncia
España,2012,6,0,Total,Total,Pareja,No,No consta denuncia
España,2012,6,0,Total,Total,Pareja,No,No había denuncia
España,2012,6,0,Total,Total,Pareja,No contesta,Había denuncia
España,2012,6,0,Total,Total,Pareja,No contesta,No consta denuncia
España,2012,6,0,Total,Total,Pareja,No contesta,No había denuncia
España,2012,6,4,Total,Total,Pareja,Sí,Había denuncia
España,2012,6,0,Total,Total,Pareja,Sí,No consta denuncia
España,2012,6,5,Total,Total,Pareja,Sí,No había denuncia
España,2012,3,0,Total,Total,Expareja,No,Había denuncia
España,2012,3,0,Total,Total,Expareja,No,No consta denuncia
España,2012,3,0,Total,Total,Expareja,No,No había denuncia
España,2012,3,0,Total,Total,Expareja,No contesta,Había denuncia
España,2012,3,0,Total,Total,Expareja,No contesta,No consta denuncia
España,2012,3,0,Total,Total,Expareja,No contesta,No había denuncia
España,2012,3,0,Total,Total,Expareja,Sí,Había denuncia
España,2012,3,0,Total,Total,Expareja,Sí,No consta denuncia
España,2012,3,0,Total,Total,Expareja,Sí,No había denuncia
España,2012,3,0,Total,Total,Pareja,No,Había denuncia
España,2012,3,0,Total,Total,Pareja,No,No consta denuncia
España,2012,3,0,Total,Total,Pareja,No,No había denuncia
España,2012,3,0,Total,Total,Pareja,No contesta,Había denuncia
España,2012,3,0,Total,Total,Pareja,No contesta,No consta denuncia
España,2012,3,0,Total,Total,Pareja,No contesta,No había denuncia
España,2012,3,0,Total,Total,Pareja,Sí,Había denuncia
España,2012,3,0,Total,Total,Pareja,Sí,No consta denuncia
España,2012,3,2,Total,Total,Pareja,Sí,No había denuncia
España,2012,5,0,Total,Total,Expareja,No,Había denuncia
España,2012,5,0,Total,Total,Expareja,No,No consta denuncia
España,2012,5,0,Total,Total,Expareja,No,No había denuncia
España,2012,5,0,Total,Total,Expareja,No contesta,Había denuncia
España,2012,5,0,Total,Total,Expareja,No contesta,No consta denuncia
España,2012,5,0,Total,Total,Expareja,No contesta,No había denuncia
España,2012,5,0,Total,Total,Expareja,Sí,Había denuncia
España,2012,5,0,Total,Total,Expareja,Sí,No consta denuncia
España,2012,5,0,Total,Total,Expareja,Sí,No había denuncia
España,2012,5,0,Total,Total,Pareja,No,Había denuncia
España,2012,5,0,Total,Total,Pareja,No,No consta denuncia
España,2012,5,0,Total,Total,Pareja,No,No había denuncia
España,2012,5,0,Total,Total,Pareja,No contesta,Había denuncia
España,2012,5,0,Total,Total,Pareja,No contesta,No consta denuncia
España,2012,5,0,Total,Total,Pareja,No contesta,No había denuncia
España,2012,5,0,Total,Total,Pareja,Sí,Había denuncia
España,2012,5,0,Total,Total,Pareja,Sí,No consta denuncia
España,2012,5,3,Total,Total,Pareja,Sí,No había denuncia
España,2012,11,0,Total,Total,Expareja,No,Había denuncia
España,2012,11,0,Total,Total,Expareja,No,No consta denuncia
España,2012,11,0,Total,Total,Expareja,No,No había denuncia
España,2012,11,0,Total,Total,Expareja,No contesta,Había denuncia
España,2012,11,0,Total,Total,Expareja,No contesta,No consta denuncia
España,2012,11,0,Total,Total,Expareja,No contesta,No había denuncia
España,2012,11,0,Total,Total,Expareja,Sí,Había denuncia
España,2012,11,0,Total,Total,Expareja,Sí,No consta denuncia
España,2012,11,0,Total,Total,Expareja,Sí,No había denuncia
España,2012,11,0,Total,Total,Pareja,No,Había denuncia
España,2012,11,0,Total,Total,Pareja,No,No consta denuncia
España,2012,11,0,Total,Total,Pareja,No,No había denuncia
España,2012,11,0,Total,Total,Pareja,No contesta,Había denuncia
España,2012,11,0,Total,Total,Pareja,No contesta,No consta denuncia
España,2012,11,0,Total,Total,Pareja,No contesta,No había denuncia
España,2012,11,1,Total,Total,Pareja,Sí,Había denuncia
España,2012,11,0,Total,Total,Pareja,Sí,No consta denuncia
España,2012,11,5,Total,Total,Pareja,Sí,No había denuncia
España,2012,10,1,Total,Total,Expareja,No,Había denuncia
España,2012,10,0,Total,Total,Expareja,No,No consta denuncia
España,2012,10,2,Total,Total,Expareja,No,No había denuncia
España,2012,10,0,Total,Total,Expareja,No contesta,Había denuncia
España,2012,10,0,Total,Total,Expareja,No contesta,No consta denuncia
España,2012,10,0,Total,Total,Expareja,No contesta,No había denuncia
España,2012,10,0,Total,Total,Expareja,Sí,Había denuncia
España,2012,10,0,Total,Total,Expareja,Sí,No consta denuncia
España,2012,10,0,Total,Total,Expareja,Sí,No había denuncia
España,2012,10,0,Total,Total,Pareja,No,Había denuncia
España,2012,10,0,Total,Total,Pareja,No,No consta denuncia
España,2012,10,0,Total,Total,Pareja,No,No había denuncia
España,2012,10,0,Total,Total,Pareja,No contesta,Había denuncia
España,2012,10,0,Total,Total,Pareja,No contesta,No consta denuncia
España,2012,10,0,Total,Total,Pareja,No contesta,No había denuncia
España,2012,10,0,Total,Total,Pareja,Sí,Había denuncia
España,2012,10,0,Total,Total,Pareja,Sí,No consta denuncia
España,2012,10,3,Total,Total,Pareja,Sí,No había denuncia
España,2012,9,0,Total,Total,Expareja,No,Había denuncia
España,2012,9,0,Total,Total,Expareja,No,No consta denuncia
España,2012,9,0,Total,Total,Expareja,No,No había denuncia
España,2012,9,0,Total,Total,Expareja,No contesta,Había denuncia
España,2012,9,0,Total,Total,Expareja,No contesta,No consta denuncia
España,2012,9,0,Total,Total,Expareja,No contesta,No había denuncia
España,2012,9,0,Total,Total,Expareja,Sí,Había denuncia
España,2012,9,0,Total,Total,Expareja,Sí,No consta denuncia
España,2012,9,0,Total,Total,Expareja,Sí,No había denuncia
España,2012,9,0,Total,Total,Pareja,No,Había denuncia
España,2012,9,0,Total,Total,Pareja,No,No consta denuncia
España,2012,9,2,Total,Total,Pareja,No,No había denuncia
España,2012,9,0,Total,Total,Pareja,No contesta,Había denuncia
España,2012,9,0,Total,Total,Pareja,No contesta,No consta denuncia
España,2012,9,0,Total,Total,Pareja,No contesta,No había denuncia
España,2012,9,0,Total,Total,Pareja,Sí,Había denuncia
España,2012,9,0,Total,Total,Pareja,Sí,No consta denuncia
España,2012,9,0,Total,Total,Pareja,Sí,No había denuncia
España,2013,4,0,Total,Total,Expareja,No,Había denuncia
España,2013,4,0,Total,Total,Expareja,No,No consta denuncia
España,2013,4,0,Total,Total,Expareja,No,No había denuncia
España,2013,4,0,Total,Total,Expareja,No contesta,Había denuncia
España,2013,4,0,Total,Total,Expareja,No contesta,No consta denuncia
España,2013,4,0,Total,Total,Expareja,No contesta,No había denuncia
España,2013,4,0,Total,Total,Expareja,Sí,Había denuncia
España,2013,4,0,Total,Total,Expareja,Sí,No consta denuncia
España,2013,4,0,Total,Total,Expareja,Sí,No había denuncia
España,2013,4,0,Total,Total,Pareja,No,Había denuncia
España,2013,4,0,Total,Total,Pareja,No,No consta denuncia
España,2013,4,0,Total,Total,Pareja,No,No había denuncia
España,2013,4,0,Total,Total,Pareja,No contesta,Había denuncia
España,2013,4,0,Total,Total,Pareja,No contesta,No consta denuncia
España,2013,4,0,Total,Total,Pareja,No contesta,No había denuncia
España,2013,4,1,Total,Total,Pareja,Sí,Había denuncia
España,2013,4,0,Total,Total,Pareja,Sí,No consta denuncia
España,2013,4,5,Total,Total,Pareja,Sí,No había denuncia
España,2013,8,0,Total,Total,Expareja,No,Había denuncia
España,2013,8,0,Total,Total,Expareja,No,No consta denuncia
España,2013,8,0,Total,Total,Expareja,No,No había denuncia
España,2013,8,0,Total,Total,Expareja,No contesta,Había denuncia
España,2013,8,0,Total,Total,Expareja,No contesta,No consta denuncia
España,2013,8,0,Total,Total,Expareja,No contesta,No había denuncia
España,2013,8,0,Total,Total,Expareja,Sí,Había denuncia
España,2013,8,0,Total,Total,Expareja,Sí,No consta denuncia
España,2013,8,0,Total,Total,Expareja,Sí,No había denuncia
España,2013,8,1,Total,Total,Pareja,No,Había denuncia
España,2013,8,0,Total,Total,Pareja,No,No consta denuncia
España,2013,8,0,Total,Total,Pareja,No,No había denuncia
España,2013,8,0,Total,Total,Pareja,No contesta,Había denuncia
España,2013,8,0,Total,Total,Pareja,No contesta,No consta denuncia
España,2013,8,0,Total,Total,Pareja,No contesta,No había denuncia
España,2013,8,0,Total,Total,Pareja,Sí,Había denuncia
España,2013,8,0,Total,Total,Pareja,Sí,No consta denuncia
España,2013,8,1,Total,Total,Pareja,Sí,No había denuncia
España,2013,12,1,Total,Total,Expareja,No,Había denuncia
España,2013,12,0,Total,Total,Expareja,No,No consta denuncia
España,2013,12,0,Total,Total,Expareja,No,No había denuncia
España,2013,12,0,Total,Total,Expareja,No contesta,Había denuncia
España,2013,12,0,Total,Total,Expareja,No contesta,No consta denuncia
España,2013,12,0,Total,Total,Expareja,No contesta,No había denuncia
España,2013,12,0,Total,Total,Expareja,Sí,Había denuncia
España,2013,12,0,Total,Total,Expareja,Sí,No consta denuncia
España,2013,12,0,Total,Total,Expareja,Sí,No había denuncia
España,2013,12,0,Total,Total,Pareja,No,Había denuncia
España,2013,12,0,Total,Total,Pareja,No,No consta denuncia
España,2013,12,0,Total,Total,Pareja,No,No había denuncia
España,2013,12,0,Total,Total,Pareja,No contesta,Había denuncia
España,2013,12,0,Total,Total,Pareja,No contesta,No consta denuncia
España,2013,12,0,Total,Total,Pareja,No contesta,No había denuncia
España,2013,12,0,Total,Total,Pareja,Sí,Había denuncia
España,2013,12,0,Total,Total,Pareja,Sí,No consta denuncia
España,2013,12,1,Total,Total,Pareja,Sí,No había denuncia
España,2013,1,0,Total,Total,Expareja,No,Había denuncia
España,2013,1,0,Total,Total,Expareja,No,No consta denuncia
España,2013,1,2,Total,Total,Expareja,No,No había denuncia
España,2013,1,0,Total,Total,Expareja,No contesta,Había denuncia
España,2013,1,0,Total,Total,Expareja,No contesta,No consta denuncia
España,2013,1,0,Total,Total,Expareja,No contesta,No había denuncia
España,2013,1,0,Total,Total,Expareja,Sí,Había denuncia
España,2013,1,0,Total,Total,Expareja,Sí,No consta denuncia
España,2013,1,0,Total,Total,Expareja,Sí,No había denuncia
España,2013,1,0,Total,Total,Pareja,No,Había denuncia
España,2013,1,0,Total,Total,Pareja,No,No consta denuncia
España,2013,1,0,Total,Total,Pareja,No,No había denuncia
España,2013,1,0,Total,Total,Pareja,No contesta,Había denuncia
España,2013,1,0,Total,Total,Pareja,No contesta,No consta denuncia
España,2013,1,0,Total,Total,Pareja,No contesta,No había denuncia
España,2013,1,0,Total,Total,Pareja,Sí,Había denuncia
España,2013,1,0,Total,Total,Pareja,Sí,No consta denuncia
España,2013,1,2,Total,Total,Pareja,Sí,No había denuncia
España,2013,2,1,Total,Total,Expareja,No,Había denuncia
España,2013,2,0,Total,Total,Expareja,No,No consta denuncia
España,2013,2,2,Total,Total,Expareja,No,No había denuncia
España,2013,2,0,Total,Total,Expareja,No contesta,Había denuncia
España,2013,2,0,Total,Total,Expareja,No contesta,No consta denuncia
España,2013,2,0,Total,Total,Expareja,No contesta,No había denuncia
España,2013,2,0,Total,Total,Expareja,Sí,Había denuncia
España,2013,2,0,Total,Total,Expareja,Sí,No consta denuncia
España,2013,2,0,Total,Total,Expareja,Sí,No había denuncia
España,2013,2,0,Total,Total,Pareja,No,Había denuncia
España,2013,2,0,Total,Total,Pareja,No,No consta denuncia
España,2013,2,0,Total,Total,Pareja,No,No había denuncia
España,2013,2,0,Total,Total,Pareja,No contesta,Había denuncia
España,2013,2,0,Total,Total,Pareja,No contesta,No consta denuncia
España,2013,2,0,Total,Total,Pareja,No contesta,No había denuncia
España,2013,2,0,Total,Total,Pareja,Sí,Había denuncia
España,2013,2,0,Total,Total,Pareja,Sí,No consta denuncia
España,2013,2,1,Total,Total,Pareja,Sí,No había denuncia
España,2013,7,0,Total,Total,Expareja,No,Había denuncia
España,2013,7,0,Total,Total,Expareja,No,No consta denuncia
España,2013,7,1,Total,Total,Expareja,No,No había denuncia
España,2013,7,0,Total,Total,Expareja,No contesta,Había denuncia
España,2013,7,0,Total,Total,Expareja,No contesta,No consta denuncia
España,2013,7,0,Total,Total,Expareja,No contesta,No había denuncia
España,2013,7,0,Total,Total,Expareja,Sí,Había denuncia
España,2013,7,0,Total,Total,Expareja,Sí,No consta denuncia
España,2013,7,0,Total,Total,Expareja,Sí,No había denuncia
España,2013,7,0,Total,Total,Pareja,No,Había denuncia
España,2013,7,0,Total,Total,Pareja,No,No consta denuncia
España,2013,7,1,Total,Total,Pareja,No,No había denuncia
España,2013,7,0,Total,Total,Pareja,No contesta,Había denuncia
España,2013,7,0,Total,Total,Pareja,No contesta,No consta denuncia
España,2013,7,0,Total,Total,Pareja,No contesta,No había denuncia
España,2013,7,0,Total,Total,Pareja,Sí,Había denuncia
España,2013,7,0,Total,Total,Pareja,Sí,No consta denuncia
España,2013,7,0,Total,Total,Pareja,Sí,No había denuncia
España,2013,6,0,Total,Total,Expareja,No,Había denuncia
España,2013,6,0,Total,Total,Expareja,No,No consta denuncia
España,2013,6,1,Total,Total,Expareja,No,No había denuncia
España,2013,6,0,Total,Total,Expareja,No contesta,Había denuncia
España,2013,6,0,Total,Total,Expareja,No contesta,No consta denuncia
España,2013,6,0,Total,Total,Expareja,No contesta,No había denuncia
España,2013,6,0,Total,Total,Expareja,Sí,Había denuncia
España,2013,6,0,Total,Total,Expareja,Sí,No consta denuncia
España,2013,6,0,Total,Total,Expareja,Sí,No había denuncia
España,2013,6,0,Total,Total,Pareja,No,Había denuncia
España,2013,6,0,Total,Total,Pareja,No,No consta denuncia
España,2013,6,0,Total,Total,Pareja,No,No había denuncia
España,2013,6,0,Total,Total,Pareja,No contesta,Había denuncia
España,2013,6,0,Total,Total,Pareja,No contesta,No consta denuncia
España,2013,6,0,Total,Total,Pareja,No contesta,No había denuncia
España,2013,6,0,Total,Total,Pareja,Sí,Había denuncia
España,2013,6,0,Total,Total,Pareja,Sí,No consta denuncia
España,2013,6,1,Total,Total,Pareja,Sí,No había denuncia
España,2013,3,0,Total,Total,Expareja,No,Había denuncia
España,2013,3,0,Total,Total,Expareja,No,No consta denuncia
España,2013,3,1,Total,Total,Expareja,No,No había denuncia
España,2013,3,0,Total,Total,Expareja,No contesta,Había denuncia
España,2013,3,0,Total,Total,Expareja,No contesta,No consta denuncia
España,2013,3,0,Total,Total,Expareja,No contesta,No había denuncia
España,2013,3,0,Total,Total,Expareja,Sí,Había denuncia
España,2013,3,0,Total,Total,Expareja,Sí,No consta denuncia
España,2013,3,0,Total,Total,Expareja,Sí,No había denuncia
España,2013,3,0,Total,Total,Pareja,No,Había denuncia
España,2013,3,0,Total,Total,Pareja,No,No consta denuncia
España,2013,3,0,Total,Total,Pareja,No,No había denuncia
España,2013,3,0,Total,Total,Pareja,No contesta,Había denuncia
España,2013,3,0,Total,Total,Pareja,No contesta,No consta denuncia
España,2013,3,0,Total,Total,Pareja,No contesta,No había denuncia
España,2013,3,2,Total,Total,Pareja,Sí,Había denuncia
España,2013,3,0,Total,Total,Pareja,Sí,No consta denuncia
España,2013,3,5,Total,Total,Pareja,Sí,No había denuncia
España,2013,5,1,Total,Total,Expareja,No,Había denuncia
España,2013,5,0,Total,Total,Expareja,No,No consta denuncia
España,2013,5,1,Total,Total,Expareja,No,No había denuncia
España,2013,5,0,Total,Total,Expareja,No contesta,Había denuncia
España,2013,5,0,Total,Total,Expareja,No contesta,No consta denuncia
España,2013,5,0,Total,Total,Expareja,No contesta,No había denuncia
España,2013,5,0,Total,Total,Expareja,Sí,Había denuncia
España,2013,5,0,Total,Total,Expareja,Sí,No consta denuncia
España,2013,5,0,Total,Total,Expareja,Sí,No había denuncia
España,2013,5,0,Total,Total,Pareja,No,Había denuncia
España,2013,5,0,Total,Total,Pareja,No,No consta denuncia
España,2013,5,2,Total,Total,Pareja,No,No había denuncia
España,2013,5,0,Total,Total,Pareja,No contesta,Había denuncia
España,2013,5,0,Total,Total,Pareja,No contesta,No consta denuncia
España,2013,5,0,Total,Total,Pareja,No contesta,No había denuncia
España,2013,5,0,Total,Total,Pareja,Sí,Había denuncia
España,2013,5,0,Total,Total,Pareja,Sí,No consta denuncia
España,2013,5,2,Total,Total,Pareja,Sí,No había denuncia
España,2013,11,1,Total,Total,Expareja,No,Había denuncia
España,2013,11,0,Total,Total,Expareja,No,No consta denuncia
España,2013,11,3,Total,Total,Expareja,No,No había denuncia
España,2013,11,0,Total,Total,Expareja,No contesta,Había denuncia
España,2013,11,0,Total,Total,Expareja,No contesta,No consta denuncia
España,2013,11,0,Total,Total,Expareja,No contesta,No había denuncia
España,2013,11,0,Total,Total,Expareja,Sí,Había denuncia
España,2013,11,0,Total,Total,Expareja,Sí,No consta denuncia
España,2013,11,0,Total,Total,Expareja,Sí,No había denuncia
España,2013,11,0,Total,Total,Pareja,No,Había denuncia
España,2013,11,0,Total,Total,Pareja,No,No consta denuncia
España,2013,11,0,Total,Total,Pareja,No,No había denuncia
España,2013,11,0,Total,Total,Pareja,No contesta,Había denuncia
España,2013,11,0,Total,Total,Pareja,No contesta,No consta denuncia
España,2013,11,0,Total,Total,Pareja,No contesta,No había denuncia
España,2013,11,0,Total,Total,Pareja,Sí,Había denuncia
España,2013,11,0,Total,Total,Pareja,Sí,No consta denuncia
España,2013,11,1,Total,Total,Pareja,Sí,No había denuncia
España,2013,10,0,Total,Total,Expareja,No,Había denuncia
España,2013,10,0,Total,Total,Expareja,No,No consta denuncia
España,2013,10,2,Total,Total,Expareja,No,No había denuncia
España,2013,10,0,Total,Total,Expareja,No contesta,Había denuncia
España,2013,10,0,Total,Total,Expareja,No contesta,No consta denuncia
España,2013,10,0,Total,Total,Expareja,No contesta,No había denuncia
España,2013,10,0,Total,Total,Expareja,Sí,Había denuncia
España,2013,10,0,Total,Total,Expareja,Sí,No consta denuncia
España,2013,10,0,Total,Total,Expareja,Sí,No había denuncia
España,2013,10,0,Total,Total,Pareja,No,Había denuncia
España,2013,10,0,Total,Total,Pareja,No,No consta denuncia
España,2013,10,0,Total,Total,Pareja,No,No había denuncia
España,2013,10,0,Total,Total,Pareja,No contesta,Había denuncia
España,2013,10,0,Total,Total,Pareja,No contesta,No consta denuncia
España,2013,10,0,Total,Total,Pareja,No contesta,No había denuncia
España,2013,10,1,Total,Total,Pareja,Sí,Había denuncia
España,2013,10,0,Total,Total,Pareja,Sí,No consta denuncia
España,2013,10,2,Total,Total,Pareja,Sí,No había denuncia
España,2013,9,1,Total,Total,Expareja,No,Había denuncia
España,2013,9,0,Total,Total,Expareja,No,No consta denuncia
España,2013,9,1,Total,Total,Expareja,No,No había denuncia
España,2013,9,0,Total,Total,Expareja,No contesta,Había denuncia
España,2013,9,0,Total,Total,Expareja,No contesta,No consta denuncia
España,2013,9,0,Total,Total,Expareja,No contesta,No había denuncia
España,2013,9,0,Total,Total,Expareja,Sí,Había denuncia
España,2013,9,0,Total,Total,Expareja,Sí,No consta denuncia
España,2013,9,0,Total,Total,Expareja,Sí,No había denuncia
España,2013,9,0,Total,Total,Pareja,No,Había denuncia
España,2013,9,0,Total,Total,Pareja,No,No consta denuncia
España,2013,9,1,Total,Total,Pareja,No,No había denuncia
España,2013,9,0,Total,Total,Pareja,No contesta,Había denuncia
España,2013,9,0,Total,Total,Pareja,No contesta,No consta denuncia
España,2013,9,0,Total,Total,Pareja,No contesta,No había denuncia
España,2013,9,0,Total,Total,Pareja,Sí,Había denuncia
España,2013,9,0,Total,Total,Pareja,Sí,No consta denuncia
España,2013,9,5,Total,Total,Pareja,Sí,No había denuncia
España,2014,4,0,Total,Total,Expareja,No,Había denuncia
España,2014,4,0,Total,Total,Expareja,No,No consta denuncia
España,2014,4,1,Total,Total,Expareja,No,No había denuncia
España,2014,4,0,Total,Total,Expareja,No contesta,Había denuncia
España,2014,4,0,Total,Total,Expareja,No contesta,No consta denuncia
España,2014,4,0,Total,Total,Expareja,No contesta,No había denuncia
España,2014,4,0,Total,Total,Expareja,Sí,Había denuncia
España,2014,4,0,Total,Total,Expareja,Sí,No consta denuncia
España,2014,4,0,Total,Total,Expareja,Sí,No había denuncia
España,2014,4,0,Total,Total,Pareja,No,Había denuncia
España,2014,4,0,Total,Total,Pareja,No,No consta denuncia
España,2014,4,0,Total,Total,Pareja,No,No había denuncia
España,2014,4,0,Total,Total,Pareja,No contesta,Había denuncia
España,2014,4,0,Total,Total,Pareja,No contesta,No consta denuncia
España,2014,4,0,Total,Total,Pareja,No contesta,No había denuncia
España,2014,4,0,Total,Total,Pareja,Sí,Había denuncia
España,2014,4,0,Total,Total,Pareja,Sí,No consta denuncia
España,2014,4,3,Total,Total,Pareja,Sí,No había denuncia
España,2014,8,1,Total,Total,Expareja,No,Había denuncia
España,2014,8,0,Total,Total,Expareja,No,No consta denuncia
España,2014,8,0,Total,Total,Expareja,No,No había denuncia
España,2014,8,0,Total,Total,Expareja,No contesta,Había denuncia
España,2014,8,0,Total,Total,Expareja,No contesta,No consta denuncia
España,2014,8,0,Total,Total,Expareja,No contesta,No había denuncia
España,2014,8,0,Total,Total,Expareja,Sí,Había denuncia
España,2014,8,0,Total,Total,Expareja,Sí,No consta denuncia
España,2014,8,0,Total,Total,Expareja,Sí,No había denuncia
España,2014,8,0,Total,Total,Pareja,No,Había denuncia
España,2014,8,0,Total,Total,Pareja,No,No consta denuncia
España,2014,8,0,Total,Total,Pareja,No,No había denuncia
España,2014,8,0,Total,Total,Pareja,No contesta,Había denuncia
España,2014,8,0,Total,Total,Pareja,No contesta,No consta denuncia
España,2014,8,0,Total,Total,Pareja,No contesta,No había denuncia
España,2014,8,0,Total,Total,Pareja,Sí,Había denuncia
España,2014,8,0,Total,Total,Pareja,Sí,No consta denuncia
España,2014,8,7,Total,Total,Pareja,Sí,No había denuncia
España,2014,12,1,Total,Total,Expareja,No,Había denuncia
España,2014,12,0,Total,Total,Expareja,No,No consta denuncia
España,2014,12,1,Total,Total,Expareja,No,No había denuncia
España,2014,12,0,Total,Total,Expareja,No contesta,Había denuncia
España,2014,12,0,Total,Total,Expareja,No contesta,No consta denuncia
España,2014,12,0,Total,Total,Expareja,No contesta,No había denuncia
España,2014,12,0,Total,Total,Expareja,Sí,Había denuncia
España,2014,12,0,Total,Total,Expareja,Sí,No consta denuncia
España,2014,12,0,Total,Total,Expareja,Sí,No había denuncia
España,2014,12,0,Total,Total,Pareja,No,Había denuncia
España,2014,12,0,Total,Total,Pareja,No,No consta denuncia
España,2014,12,0,Total,Total,Pareja,No,No había denuncia
España,2014,12,0,Total,Total,Pareja,No contesta,Había denuncia
España,2014,12,0,Total,Total,Pareja,No contesta,No consta denuncia
España,2014,12,0,Total,Total,Pareja,No contesta,No había denuncia
España,2014,12,1,Total,Total,Pareja,Sí,Había denuncia
España,2014,12,0,Total,Total,Pareja,Sí,No consta denuncia
España,2014,12,3,Total,Total,Pareja,Sí,No había denuncia
España,2014,1,0,Total,Total,Expareja,No,Había denuncia
España,2014,1,0,Total,Total,Expareja,No,No consta denuncia
España,2014,1,0,Total,Total,Expareja,No,No había denuncia
España,2014,1,0,Total,Total,Expareja,No contesta,Había denuncia
España,2014,1,0,Total,Total,Expareja,No contesta,No consta denuncia
España,2014,1,0,Total,Total,Expareja,No contesta,No había denuncia
España,2014,1,0,Total,Total,Expareja,Sí,Había denuncia
España,2014,1,0,Total,Total,Expareja,Sí,No consta denuncia
España,2014,1,0,Total,Total,Expareja,Sí,No había denuncia
España,2014,1,0,Total,Total,Pareja,No,Había denuncia
España,2014,1,0,Total,Total,Pareja,No,No consta denuncia
España,2014,1,1,Total,Total,Pareja,No,No había denuncia
España,2014,1,0,Total,Total,Pareja,No contesta,Había denuncia
España,2014,1,0,Total,Total,Pareja,No contesta,No consta denuncia
España,2014,1,0,Total,Total,Pareja,No contesta,No había denuncia
España,2014,1,3,Total,Total,Pareja,Sí,Había denuncia
España,2014,1,0,Total,Total,Pareja,Sí,No consta denuncia
España,2014,1,3,Total,Total,Pareja,Sí,No había denuncia
España,2014,2,0,Total,Total,Expareja,No,Había denuncia
España,2014,2,0,Total,Total,Expareja,No,No consta denuncia
España,2014,2,1,Total,Total,Expareja,No,No había denuncia
España,2014,2,0,Total,Total,Expareja,No contesta,Había denuncia
España,2014,2,0,Total,Total,Expareja,No contesta,No consta denuncia
España,2014,2,0,Total,Total,Expareja,No contesta,No había denuncia
España,2014,2,0,Total,Total,Expareja,Sí,Había denuncia
España,2014,2,0,Total,Total,Expareja,Sí,No consta denuncia
España,2014,2,0,Total,Total,Expareja,Sí,No había denuncia
España,2014,2,1,Total,Total,Pareja,No,Había denuncia
España,2014,2,0,Total,Total,Pareja,No,No consta denuncia
España,2014,2,0,Total,Total,Pareja,No,No había denuncia
España,2014,2,0,Total,Total,Pareja,No contesta,Había denuncia
España,2014,2,0,Total,Total,Pareja,No contesta,No consta denuncia
España,2014,2,0,Total,Total,Pareja,No contesta,No había denuncia
España,2014,2,1,Total,Total,Pareja,Sí,Había denuncia
España,2014,2,0,Total,Total,Pareja,Sí,No consta denuncia
España,2014,2,2,Total,Total,Pareja,Sí,No había denuncia
España,2014,7,1,Total,Total,Expareja,No,Había denuncia
España,2014,7,0,Total,Total,Expareja,No,No consta denuncia
España,2014,7,0,Total,Total,Expareja,No,No había denuncia
España,2014,7,0,Total,Total,Expareja,No contesta,Había denuncia
España,2014,7,0,Total,Total,Expareja,No contesta,No consta denuncia
España,2014,7,0,Total,Total,Expareja,No contesta,No había denuncia
España,2014,7,0,Total,Total,Expareja,Sí,Había denuncia
España,2014,7,0,Total,Total,Expareja,Sí,No consta denuncia
España,2014,7,0,Total,Total,Expareja,Sí,No había denuncia
España,2014,7,0,Total,Total,Pareja,No,Había denuncia
España,2014,7,0,Total,Total,Pareja,No,No consta denuncia
España,2014,7,1,Total,Total,Pareja,No,No había denuncia
España,2014,7,0,Total,Total,Pareja,No contesta,Había denuncia
España,2014,7,0,Total,Total,Pareja,No contesta,No consta denuncia
España,2014,7,0,Total,Total,Pareja,No contesta,No había denuncia
España,2014,7,0,Total,Total,Pareja,Sí,Había denuncia
España,2014,7,0,Total,Total,Pareja,Sí,No consta denuncia
España,2014,7,2,Total,Total,Pareja,Sí,No había denuncia
España,2014,6,0,Total,Total,Expareja,No,Había denuncia
España,2014,6,0,Total,Total,Expareja,No,No consta denuncia
España,2014,6,0,Total,Total,Expareja,No,No había denuncia
España,2014,6,0,Total,Total,Expareja,No contesta,Había denuncia
España,2014,6,0,Total,Total,Expareja,No contesta,No consta denuncia
España,2014,6,0,Total,Total,Expareja,No contesta,No había denuncia
España,2014,6,0,Total,Total,Expareja,Sí,Había denuncia
España,2014,6,0,Total,Total,Expareja,Sí,No consta denuncia
España,2014,6,0,Total,Total,Expareja,Sí,No había denuncia
España,2014,6,1,Total,Total,Pareja,No,Había denuncia
España,2014,6,0,Total,Total,Pareja,No,No consta denuncia
España,2014,6,1,Total,Total,Pareja,No,No había denuncia
España,2014,6,0,Total,Total,Pareja,No contesta,Había denuncia
España,2014,6,0,Total,Total,Pareja,No contesta,No consta denuncia
España,2014,6,0,Total,Total,Pareja,No contesta,No había denuncia
España,2014,6,0,Total,Total,Pareja,Sí,Había denuncia
España,2014,6,0,Total,Total,Pareja,Sí,No consta denuncia
España,2014,6,1,Total,Total,Pareja,Sí,No había denuncia
España,2014,3,0,Total,Total,Expareja,No,Había denuncia
España,2014,3,0,Total,Total,Expareja,No,No consta denuncia
España,2014,3,4,Total,Total,Expareja,No,No había denuncia
España,2014,3,0,Total,Total,Expareja,No contesta,Había denuncia
España,2014,3,0,Total,Total,Expareja,No contesta,No consta denuncia
España,2014,3,0,Total,Total,Expareja,No contesta,No había denuncia
España,2014,3,0,Total,Total,Expareja,Sí,Había denuncia
España,2014,3,0,Total,Total,Expareja,Sí,No consta denuncia
España,2014,3,0,Total,Total,Expareja,Sí,No había denuncia
España,2014,3,0,Total,Total,Pareja,No,Había denuncia
España,2014,3,0,Total,Total,Pareja,No,No consta denuncia
España,2014,3,0,Total,Total,Pareja,No,No había denuncia
España,2014,3,0,Total,Total,Pareja,No contesta,Había denuncia
España,2014,3,0,Total,Total,Pareja,No contesta,No consta denuncia
España,2014,3,0,Total,Total,Pareja,No contesta,No había denuncia
España,2014,3,1,Total,Total,Pareja,Sí,Había denuncia
España,2014,3,0,Total,Total,Pareja,Sí,No consta denuncia
España,2014,3,3,Total,Total,Pareja,Sí,No había denuncia
España,2014,5,0,Total,Total,Expareja,No,Había denuncia
España,2014,5,0,Total,Total,Expareja,No,No consta denuncia
España,2014,5,0,Total,Total,Expareja,No,No había denuncia
España,2014,5,0,Total,Total,Expareja,No contesta,Había denuncia
España,2014,5,0,Total,Total,Expareja,No contesta,No consta denuncia
España,2014,5,0,Total,Total,Expareja,No contesta,No había denuncia
España,2014,5,0,Total,Total,Expareja,Sí,Había denuncia
España,2014,5,0,Total,Total,Expareja,Sí,No consta denuncia
España,2014,5,0,Total,Total,Expareja,Sí,No había denuncia
España,2014,5,1,Total,Total,Pareja,No,Había denuncia
España,2014,5,0,Total,Total,Pareja,No,No consta denuncia
España,2014,5,0,Total,Total,Pareja,No,No había denuncia
España,2014,5,0,Total,Total,Pareja,No contesta,Había denuncia
España,2014,5,0,Total,Total,Pareja,No contesta,No consta denuncia
España,2014,5,0,Total,Total,Pareja,No contesta,No había denuncia
España,2014,5,0,Total,Total,Pareja,Sí,Había denuncia
España,2014,5,0,Total,Total,Pareja,Sí,No consta denuncia
España,2014,5,2,Total,Total,Pareja,Sí,No había denuncia
España,2014,11,1,Total,Total,Expareja,No,Había denuncia
España,2014,11,0,Total,Total,Expareja,No,No consta denuncia
España,2014,11,1,Total,Total,Expareja,No,No había denuncia
España,2014,11,0,Total,Total,Expareja,No contesta,Había denuncia
España,2014,11,0,Total,Total,Expareja,No contesta,No consta denuncia
España,2014,11,0,Total,Total,Expareja,No contesta,No había denuncia
España,2014,11,0,Total,Total,Expareja,Sí,Había denuncia
España,2014,11,0,Total,Total,Expareja,Sí,No consta denuncia
España,2014,11,0,Total,Total,Expareja,Sí,No había denuncia
España,2014,11,0,Total,Total,Pareja,No,Había denuncia
España,2014,11,0,Total,Total,Pareja,No,No consta denuncia
España,2014,11,0,Total,Total,Pareja,No,No había denuncia
España,2014,11,0,Total,Total,Pareja,No contesta,Había denuncia
España,2014,11,0,Total,Total,Pareja,No contesta,No consta denuncia
España,2014,11,0,Total,Total,Pareja,No contesta,No había denuncia
España,2014,11,2,Total,Total,Pareja,Sí,Había denuncia
España,2014,11,0,Total,Total,Pareja,Sí,No consta denuncia
España,2014,11,1,Total,Total,Pareja,Sí,No había denuncia
España,2014,10,0,Total,Total,Expareja,No,Había denuncia
España,2014,10,0,Total,Total,Expareja,No,No consta denuncia
España,2014,10,0,Total,Total,Expareja,No,No había denuncia
España,2014,10,0,Total,Total,Expareja,No contesta,Había denuncia
España,2014,10,0,Total,Total,Expareja,No contesta,No consta denuncia
España,2014,10,0,Total,Total,Expareja,No contesta,No había denuncia
España,2014,10,0,Total,Total,Expareja,Sí,Había denuncia
España,2014,10,0,Total,Total,Expareja,Sí,No consta denuncia
España,2014,10,0,Total,Total,Expareja,Sí,No había denuncia
España,2014,10,0,Total,Total,Pareja,No,Había denuncia
España,2014,10,0,Total,Total,Pareja,No,No consta denuncia
España,2014,10,0,Total,Total,Pareja,No,No había denuncia
España,2014,10,0,Total,Total,Pareja,No contesta,Había denuncia
España,2014,10,0,Total,Total,Pareja,No contesta,No consta denuncia
España,2014,10,0,Total,Total,Pareja,No contesta,No había denuncia
España,2014,10,1,Total,Total,Pareja,Sí,Había denuncia
España,2014,10,0,Total,Total,Pareja,Sí,No consta denuncia
España,2014,10,1,Total,Total,Pareja,Sí,No había denuncia
España,2014,9,0,Total,Total,Expareja,No,Había denuncia
España,2014,9,0,Total,Total,Expareja,No,No consta denuncia
España,2014,9,0,Total,Total,Expareja,No,No había denuncia
España,2014,9,0,Total,Total,Expareja,No contesta,Había denuncia
España,2014,9,0,Total,Total,Expareja,No contesta,No consta denuncia
España,2014,9,0,Total,Total,Expareja,No contesta,No había denuncia
España,2014,9,0,Total,Total,Expareja,Sí,Había denuncia
España,2014,9,0,Total,Total,Expareja,Sí,No consta denuncia
España,2014,9,0,Total,Total,Expareja,Sí,No había denuncia
España,2014,9,0,Total,Total,Pareja,No,Había denuncia
España,2014,9,0,Total,Total,Pareja,No,No consta denuncia
España,2014,9,0,Total,Total,Pareja,No,No había denuncia
España,2014,9,0,Total,Total,Pareja,No contesta,Había denuncia
España,2014,9,0,Total,Total,Pareja,No contesta,No consta denuncia
España,2014,9,0,Total,Total,Pareja,No contesta,No había denuncia
España,2014,9,0,Total,Total,Pareja,Sí,Había denuncia
España,2014,9,0,Total,Total,Pareja,Sí,No consta denuncia
España,2014,9,2,Total,Total,Pareja,Sí,No había denuncia
España,2015,4,0,Total,Total,Expareja,No,Había denuncia
España,2015,4,0,Total,Total,Expareja,No,No consta denuncia
España,2015,4,0,Total,Total,Expareja,No,No había denuncia
España,2015,4,0,Total,Total,Expareja,No contesta,Había denuncia
España,2015,4,0,Total,Total,Expareja,No contesta,No consta denuncia
España,2015,4,0,Total,Total,Expareja,No contesta,No había denuncia
España,2015,4,0,Total,Total,Expareja,Sí,Había denuncia
España,2015,4,0,Total,Total,Expareja,Sí,No consta denuncia
España,2015,4,0,Total,Total,Expareja,Sí,No había denuncia
España,2015,4,0,Total,Total,Pareja,No,Había denuncia
España,2015,4,0,Total,Total,Pareja,No,No consta denuncia
España,2015,4,0,Total,Total,Pareja,No,No había denuncia
España,2015,4,0,Total,Total,Pareja,No contesta,Había denuncia
España,2015,4,0,Total,Total,Pareja,No contesta,No consta denuncia
España,2015,4,0,Total,Total,Pareja,No contesta,No había denuncia
España,2015,4,0,Total,Total,Pareja,Sí,Había denuncia
España,2015,4,0,Total,Total,Pareja,Sí,No consta denuncia
España,2015,4,1,Total,Total,Pareja,Sí,No había denuncia
España,2015,8,0,Total,Total,Expareja,No,Había denuncia
España,2015,8,0,Total,Total,Expareja,No,No consta denuncia
España,2015,8,1,Total,Total,Expareja,No,No había denuncia
España,2015,8,0,Total,Total,Expareja,No contesta,Había denuncia
España,2015,8,0,Total,Total,Expareja,No contesta,No consta denuncia
España,2015,8,0,Total,Total,Expareja,No contesta,No había denuncia
España,2015,8,0,Total,Total,Expareja,Sí,Había denuncia
España,2015,8,0,Total,Total,Expareja,Sí,No consta denuncia
España,2015,8,0,Total,Total,Expareja,Sí,No había denuncia
España,2015,8,0,Total,Total,Pareja,No,Había denuncia
España,2015,8,0,Total,Total,Pareja,No,No consta denuncia
España,2015,8,3,Total,Total,Pareja,No,No había denuncia
España,2015,8,0,Total,Total,Pareja,No contesta,Había denuncia
España,2015,8,0,Total,Total,Pareja,No contesta,No consta denuncia
España,2015,8,0,Total,Total,Pareja,No contesta,No había denuncia
España,2015,8,0,Total,Total,Pareja,Sí,Había denuncia
España,2015,8,0,Total,Total,Pareja,Sí,No consta denuncia
España,2015,8,2,Total,Total,Pareja,Sí,No había denuncia
España,2015,12,1,Total,Total,Expareja,No,Había denuncia
España,2015,12,0,Total,Total,Expareja,No,No consta denuncia
España,2015,12,0,Total,Total,Expareja,No,No había denuncia
España,2015,12,0,Total,Total,Expareja,No contesta,Había denuncia
España,2015,12,0,Total,Total,Expareja,No contesta,No consta denuncia
España,2015,12,0,Total,Total,Expareja,No contesta,No había denuncia
España,2015,12,0,Total,Total,Expareja,Sí,Había denuncia
España,2015,12,0,Total,Total,Expareja,Sí,No consta denuncia
España,2015,12,0,Total,Total,Expareja,Sí,No había denuncia
España,2015,12,1,Total,Total,Pareja,No,Había denuncia
España,2015,12,0,Total,Total,Pareja,No,No consta denuncia
España,2015,12,0,Total,Total,Pareja,No,No había denuncia
España,2015,12,0,Total,Total,Pareja,No contesta,Había denuncia
España,2015,12,0,Total,Total,Pareja,No contesta,No consta denuncia
España,2015,12,0,Total,Total,Pareja,No contesta,No había denuncia
España,2015,12,1,Total,Total,Pareja,Sí,Había denuncia
España,2015,12,0,Total,Total,Pareja,Sí,No consta denuncia
España,2015,12,6,Total,Total,Pareja,Sí,No había denuncia
España,2015,1,0,Total,Total,Expareja,No,Había denuncia
España,2015,1,0,Total,Total,Expareja,No,No consta denuncia
España,2015,1,0,Total,Total,Expareja,No,No había denuncia
España,2015,1,0,Total,Total,Expareja,No contesta,Había denuncia
España,2015,1,0,Total,Total,Expareja,No contesta,No consta denuncia
España,2015,1,0,Total,Total,Expareja,No contesta,No había denuncia
España,2015,1,0,Total,Total,Expareja,Sí,Había denuncia
España,2015,1,0,Total,Total,Expareja,Sí,No consta denuncia
España,2015,1,0,Total,Total,Expareja,Sí,No había denuncia
España,2015,1,0,Total,Total,Pareja,No,Había denuncia
España,2015,1,0,Total,Total,Pareja,No,No consta denuncia
España,2015,1,0,Total,Total,Pareja,No,No había denuncia
España,2015,1,0,Total,Total,Pareja,No contesta,Había denuncia
España,2015,1,0,Total,Total,Pareja,No contesta,No consta denuncia
España,2015,1,0,Total,Total,Pareja,No contesta,No había denuncia
España,2015,1,1,Total,Total,Pareja,Sí,Había denuncia
España,2015,1,0,Total,Total,Pareja,Sí,No consta denuncia
España,2015,1,2,Total,Total,Pareja,Sí,No había denuncia
España,2015,2,0,Total,Total,Expareja,No,Había denuncia
España,2015,2,0,Total,Total,Expareja,No,No consta denuncia
España,2015,2,1,Total,Total,Expareja,No,No había denuncia
España,2015,2,0,Total,Total,Expareja,No contesta,Había denuncia
España,2015,2,0,Total,Total,Expareja,No contesta,No consta denuncia
España,2015,2,0,Total,Total,Expareja,No contesta,No había denuncia
España,2015,2,0,Total,Total,Expareja,Sí,Había denuncia
España,2015,2,0,Total,Total,Expareja,Sí,No consta denuncia
España,2015,2,0,Total,Total,Expareja,Sí,No había denuncia
España,2015,2,0,Total,Total,Pareja,No,Había denuncia
España,2015,2,0,Total,Total,Pareja,No,No consta denuncia
España,2015,2,0,Total,Total,Pareja,No,No había denuncia
España,2015,2,0,Total,Total,Pareja,No contesta,Había denuncia
España,2015,2,0,Total,Total,Pareja,No contesta,No consta denuncia
España,2015,2,0,Total,Total,Pareja,No contesta,No había denuncia
España,2015,2,0,Total,Total,Pareja,Sí,Había denuncia
España,2015,2,0,Total,Total,Pareja,Sí,No consta denuncia
España,2015,2,1,Total,Total,Pareja,Sí,No había denuncia
España,2015,7,0,Total,Total,Expareja,No,Había denuncia
España,2015,7,0,Total,Total,Expareja,No,No consta denuncia
España,2015,7,5,Total,Total,Expareja,No,No había denuncia
España,2015,7,0,Total,Total,Expareja,No contesta,Había denuncia
España,2015,7,0,Total,Total,Expareja,No contesta,No consta denuncia
España,2015,7,0,Total,Total,Expareja,No contesta,No había denuncia
España,2015,7,0,Total,Total,Expareja,Sí,Había denuncia
España,2015,7,0,Total,Total,Expareja,Sí,No consta denuncia
España,2015,7,0,Total,Total,Expareja,Sí,No había denuncia
España,2015,7,0,Total,Total,Pareja,No,Había denuncia
España,2015,7,0,Total,Total,Pareja,No,No consta denuncia
España,2015,7,0,Total,Total,Pareja,No,No había denuncia
España,2015,7,0,Total,Total,Pareja,No contesta,Había denuncia
España,2015,7,0,Total,Total,Pareja,No contesta,No consta denuncia
España,2015,7,0,Total,Total,Pareja,No contesta,No había denuncia
España,2015,7,1,Total,Total,Pareja,Sí,Había denuncia
España,2015,7,0,Total,Total,Pareja,Sí,No consta denuncia
España,2015,7,3,Total,Total,Pareja,Sí,No había denuncia
España,2015,6,0,Total,Total,Expareja,No,Había denuncia
España,2015,6,0,Total,Total,Expareja,No,No consta denuncia
España,2015,6,0,Total,Total,Expareja,No,No había denuncia
España,2015,6,0,Total,Total,Expareja,No contesta,Había denuncia
España,2015,6,0,Total,Total,Expareja,No contesta,No consta denuncia
España,2015,6,0,Total,Total,Expareja,No contesta,No había denuncia
España,2015,6,0,Total,Total,Expareja,Sí,Había denuncia
España,2015,6,0,Total,Total,Expareja,Sí,No consta denuncia
España,2015,6,0,Total,Total,Expareja,Sí,No había denuncia
España,2015,6,0,Total,Total,Pareja,No,Había denuncia
España,2015,6,0,Total,Total,Pareja,No,No consta denuncia
España,2015,6,1,Total,Total,Pareja,No,No había denuncia
España,2015,6,0,Total,Total,Pareja,No contesta,Había denuncia
España,2015,6,0,Total,Total,Pareja,No contesta,No consta denuncia
España,2015,6,0,Total,Total,Pareja,No contesta,No había denuncia
España,2015,6,1,Total,Total,Pareja,Sí,Había denuncia
España,2015,6,0,Total,Total,Pareja,Sí,No consta denuncia
España,2015,6,3,Total,Total,Pareja,Sí,No había denuncia
España,2015,3,0,Total,Total,Expareja,No,Había denuncia
España,2015,3,0,Total,Total,Expareja,No,No consta denuncia
España,2015,3,0,Total,Total,Expareja,No,No había denuncia
España,2015,3,0,Total,Total,Expareja,No contesta,Había denuncia
España,2015,3,0,Total,Total,Expareja,No contesta,No consta denuncia
España,2015,3,0,Total,Total,Expareja,No contesta,No había denuncia
España,2015,3,0,Total,Total,Expareja,Sí,Había denuncia
España,2015,3,0,Total,Total,Expareja,Sí,No consta denuncia
España,2015,3,0,Total,Total,Expareja,Sí,No había denuncia
España,2015,3,0,Total,Total,Pareja,No,Había denuncia
España,2015,3,0,Total,Total,Pareja,No,No consta denuncia
España,2015,3,0,Total,Total,Pareja,No,No había denuncia
España,2015,3,0,Total,Total,Pareja,No contesta,Había denuncia
España,2015,3,0,Total,Total,Pareja,No contesta,No consta denuncia
España,2015,3,0,Total,Total,Pareja,No contesta,No había denuncia
España,2015,3,0,Total,Total,Pareja,Sí,Había denuncia
España,2015,3,0,Total,Total,Pareja,Sí,No consta denuncia
España,2015,3,4,Total,Total,Pareja,Sí,No había denuncia
España,2015,5,1,Total,Total,Expareja,No,Había denuncia
España,2015,5,0,Total,Total,Expareja,No,No consta denuncia
España,2015,5,0,Total,Total,Expareja,No,No había denuncia
España,2015,5,0,Total,Total,Expareja,No contesta,Había denuncia
España,2015,5,0,Total,Total,Expareja,No contesta,No consta denuncia
España,2015,5,0,Total,Total,Expareja,No contesta,No había denuncia
España,2015,5,0,Total,Total,Expareja,Sí,Había denuncia
España,2015,5,0,Total,Total,Expareja,Sí,No consta denuncia
España,2015,5,0,Total,Total,Expareja,Sí,No había denuncia
España,2015,5,0,Total,Total,Pareja,No,Había denuncia
España,2015,5,0,Total,Total,Pareja,No,No consta denuncia
España,2015,5,0,Total,Total,Pareja,No,No había denuncia
España,2015,5,0,Total,Total,Pareja,No contesta,Había denuncia
España,2015,5,0,Total,Total,Pareja,No contesta,No consta denuncia
España,2015,5,0,Total,Total,Pareja,No contesta,No había denuncia
España,2015,5,0,Total,Total,Pareja,Sí,Había denuncia
España,2015,5,0,Total,Total,Pareja,Sí,No consta denuncia
España,2015,5,3,Total,Total,Pareja,Sí,No había denuncia
España,2015,11,1,Total,Total,Expareja,No,Había denuncia
España,2015,11,0,Total,Total,Expareja,No,No consta denuncia
España,2015,11,0,Total,Total,Expareja,No,No había denuncia
España,2015,11,0,Total,Total,Expareja,No contesta,Había denuncia
España,2015,11,0,Total,Total,Expareja,No contesta,No consta denuncia
España,2015,11,0,Total,Total,Expareja,No contesta,No había denuncia
España,2015,11,0,Total,Total,Expareja,Sí,Había denuncia
España,2015,11,0,Total,Total,Expareja,Sí,No consta denuncia
España,2015,11,0,Total,Total,Expareja,Sí,No había denuncia
España,2015,11,0,Total,Total,Pareja,No,Había denuncia
España,2015,11,0,Total,Total,Pareja,No,No consta denuncia
España,2015,11,0,Total,Total,Pareja,No,No había denuncia
España,2015,11,0,Total,Total,Pareja,No contesta,Había denuncia
España,2015,11,0,Total,Total,Pareja,No contesta,No consta denuncia
España,2015,11,0,Total,Total,Pareja,No contesta,No había denuncia
España,2015,11,1,Total,Total,Pareja,Sí,Había denuncia
España,2015,11,0,Total,Total,Pareja,Sí,No consta denuncia
España,2015,11,5,Total,Total,Pareja,Sí,No había denuncia
España,2015,10,1,Total,Total,Expareja,No,Había denuncia
España,2015,10,0,Total,Total,Expareja,No,No consta denuncia
España,2015,10,1,Total,Total,Expareja,No,No había denuncia
España,2015,10,0,Total,Total,Expareja,No contesta,Había denuncia
España,2015,10,0,Total,Total,Expareja,No contesta,No consta denuncia
España,2015,10,0,Total,Total,Expareja,No contesta,No había denuncia
España,2015,10,0,Total,Total,Expareja,Sí,Había denuncia
España,2015,10,0,Total,Total,Expareja,Sí,No consta denuncia
España,2015,10,0,Total,Total,Expareja,Sí,No había denuncia
España,2015,10,0,Total,Total,Pareja,No,Había denuncia
España,2015,10,0,Total,Total,Pareja,No,No consta denuncia
España,2015,10,1,Total,Total,Pareja,No,No había denuncia
España,2015,10,0,Total,Total,Pareja,No contesta,Había denuncia
España,2015,10,0,Total,Total,Pareja,No contesta,No consta denuncia
España,2015,10,0,Total,Total,Pareja,No contesta,No había denuncia
España,2015,10,2,Total,Total,Pareja,Sí,Había denuncia
España,2015,10,0,Total,Total,Pareja,Sí,No consta denuncia
España,2015,10,2,Total,Total,Pareja,Sí,No había denuncia
España,2015,9,0,Total,Total,Expareja,No,Había denuncia
España,2015,9,0,Total,Total,Expareja,No,No consta denuncia
España,2015,9,0,Total,Total,Expareja,No,No había denuncia
España,2015,9,0,Total,Total,Expareja,No contesta,Había denuncia
España,2015,9,0,Total,Total,Expareja,No contesta,No consta denuncia
España,2015,9,0,Total,Total,Expareja,No contesta,No había denuncia
España,2015,9,0,Total,Total,Expareja,Sí,Había denuncia
España,2015,9,0,Total,Total,Expareja,Sí,No consta denuncia
España,2015,9,0,Total,Total,Expareja,Sí,No había denuncia
España,2015,9,0,Total,Total,Pareja,No,Había denuncia
España,2015,9,0,Total,Total,Pareja,No,No consta denuncia
España,2015,9,2,Total,Total,Pareja,No,No había denuncia
España,2015,9,0,Total,Total,Pareja,No contesta,Había denuncia
España,2015,9,0,Total,Total,Pareja,No contesta,No consta denuncia
España,2015,9,0,Total,Total,Pareja,No contesta,No había denuncia
España,2015,9,0,Total,Total,Pareja,Sí,Había denuncia
España,2015,9,0,Total,Total,Pareja,Sí,No consta denuncia
España,2015,9,0,Total,Total,Pareja,Sí,No había denuncia
España,2016,4,0,Total,Total,Expareja,No,Había denuncia
España,2016,4,0,Total,Total,Expareja,No,No consta denuncia
España,2016,4,1,Total,Total,Expareja,No,No había denuncia
España,2016,4,0,Total,Total,Expareja,No contesta,Había denuncia
España,2016,4,0,Total,Total,Expareja,No contesta,No consta denuncia
España,2016,4,0,Total,Total,Expareja,No contesta,No había denuncia
España,2016,4,0,Total,Total,Expareja,Sí,Había denuncia
España,2016,4,0,Total,Total,Expareja,Sí,No consta denuncia
España,2016,4,0,Total,Total,Expareja,Sí,No había denuncia
España,2016,4,1,Total,Total,Pareja,No,Había denuncia
España,2016,4,0,Total,Total,Pareja,No,No consta denuncia
España,2016,4,0,Total,Total,Pareja,No,No había denuncia
España,2016,4,0,Total,Total,Pareja,No contesta,Había denuncia
España,2016,4,0,Total,Total,Pareja,No contesta,No consta denuncia
España,2016,4,0,Total,Total,Pareja,No contesta,No había denuncia
España,2016,4,2,Total,Total,Pareja,Sí,Había denuncia
España,2016,4,0,Total,Total,Pareja,Sí,No consta denuncia
España,2016,4,0,Total,Total,Pareja,Sí,No había denuncia
España,2016,8,0,Total,Total,Expareja,No,Había denuncia
España,2016,8,0,Total,Total,Expareja,No,No consta denuncia
España,2016,8,1,Total,Total,Expareja,No,No había denuncia
España,2016,8,0,Total,Total,Expareja,No contesta,Había denuncia
España,2016,8,0,Total,Total,Expareja,No contesta,No consta denuncia
España,2016,8,0,Total,Total,Expareja,No contesta,No había denuncia
España,2016,8,0,Total,Total,Expareja,Sí,Había denuncia
España,2016,8,0,Total,Total,Expareja,Sí,No consta denuncia
España,2016,8,0,Total,Total,Expareja,Sí,No había denuncia
España,2016,8,0,Total,Total,Pareja,No,Había denuncia
España,2016,8,0,Total,Total,Pareja,No,No consta denuncia
España,2016,8,0,Total,Total,Pareja,No,No había denuncia
España,2016,8,0,Total,Total,Pareja,No contesta,Había denuncia
España,2016,8,0,Total,Total,Pareja,No contesta,No consta denuncia
España,2016,8,0,Total,Total,Pareja,No contesta,No había denuncia
España,2016,8,1,Total,Total,Pareja,Sí,Había denuncia
España,2016,8,0,Total,Total,Pareja,Sí,No consta denuncia
España,2016,8,1,Total,Total,Pareja,Sí,No había denuncia
España,2016,12,0,Total,Total,Expareja,No,Había denuncia
España,2016,12,0,Total,Total,Expareja,No,No consta denuncia
España,2016,12,0,Total,Total,Expareja,No,No había denuncia
España,2016,12,0,Total,Total,Expareja,No contesta,Había denuncia
España,2016,12,0,Total,Total,Expareja,No contesta,No consta denuncia
España,2016,12,0,Total,Total,Expareja,No contesta,No había denuncia
España,2016,12,0,Total,Total,Expareja,Sí,Había denuncia
España,2016,12,0,Total,Total,Expareja,Sí,No consta denuncia
España,2016,12,1,Total,Total,Expareja,Sí,No había denuncia
España,2016,12,0,Total,Total,Pareja,No,Había denuncia
España,2016,12,0,Total,Total,Pareja,No,No consta denuncia
España,2016,12,2,Total,Total,Pareja,No,No había denuncia
España,2016,12,0,Total,Total,Pareja,No contesta,Había denuncia
España,2016,12,0,Total,Total,Pareja,No contesta,No consta denuncia
España,2016,12,0,Total,Total,Pareja,No contesta,No había denuncia
España,2016,12,0,Total,Total,Pareja,Sí,Había denuncia
España,2016,12,0,Total,Total,Pareja,Sí,No consta denuncia
España,2016,12,2,Total,Total,Pareja,Sí,No había denuncia
España,2016,1,1,Total,Total,Expareja,No,Había denuncia
España,2016,1,0,Total,Total,Expareja,No,No consta denuncia
España,2016,1,0,Total,Total,Expareja,No,No había denuncia
España,2016,1,0,Total,Total,Expareja,No contesta,Había denuncia
España,2016,1,0,Total,Total,Expareja,No contesta,No consta denuncia
España,2016,1,0,Total,Total,Expareja,No contesta,No había denuncia
España,2016,1,0,Total,Total,Expareja,Sí,Había denuncia
España,2016,1,0,Total,Total,Expareja,Sí,No consta denuncia
España,2016,1,0,Total,Total,Expareja,Sí,No había denuncia
España,2016,1,0,Total,Total,Pareja,No,Había denuncia
España,2016,1,0,Total,Total,Pareja,No,No consta denuncia
España,2016,1,0,Total,Total,Pareja,No,No había denuncia
España,2016,1,0,Total,Total,Pareja,No contesta,Había denuncia
España,2016,1,0,Total,Total,Pareja,No contesta,No consta denuncia
España,2016,1,0,Total,Total,Pareja,No contesta,No había denuncia
España,2016,1,1,Total,Total,Pareja,Sí,Había denuncia
España,2016,1,0,Total,Total,Pareja,Sí,No consta denuncia
España,2016,1,5,Total,Total,Pareja,Sí,No había denuncia
España,2016,2,1,Total,Total,Expareja,No,Había denuncia
España,2016,2,0,Total,Total,Expareja,No,No consta denuncia
España,2016,2,0,Total,Total,Expareja,No,No había denuncia
España,2016,2,0,Total,Total,Expareja,No contesta,Había denuncia
España,2016,2,0,Total,Total,Expareja,No contesta,No consta denuncia
España,2016,2,0,Total,Total,Expareja,No contesta,No había denuncia
España,2016,2,0,Total,Total,Expareja,Sí,Había denuncia
España,2016,2,0,Total,Total,Expareja,Sí,No consta denuncia
España,2016,2,0,Total,Total,Expareja,Sí,No había denuncia
España,2016,2,0,Total,Total,Pareja,No,Había denuncia
España,2016,2,0,Total,Total,Pareja,No,No consta denuncia
España,2016,2,2,Total,Total,Pareja,No,No había denuncia
España,2016,2,0,Total,Total,Pareja,No contesta,Había denuncia
España,2016,2,0,Total,Total,Pareja,No contesta,No consta denuncia
España,2016,2,0,Total,Total,Pareja,No contesta,No había denuncia
España,2016,2,0,Total,Total,Pareja,Sí,Había denuncia
España,2016,2,0,Total,Total,Pareja,Sí,No consta denuncia
España,2016,2,1,Total,Total,Pareja,Sí,No había denuncia
España,2016,7,2,Total,Total,Expareja,No,Había denuncia
España,2016,7,0,Total,Total,Expareja,No,No consta denuncia
España,2016,7,0,Total,Total,Expareja,No,No había denuncia
España,2016,7,0,Total,Total,Expareja,No contesta,Había denuncia
España,2016,7,0,Total,Total,Expareja,No contesta,No consta denuncia
España,2016,7,0,Total,Total,Expareja,No contesta,No había denuncia
España,2016,7,0,Total,Total,Expareja,Sí,Había denuncia
España,2016,7,0,Total,Total,Expareja,Sí,No consta denuncia
España,2016,7,0,Total,Total,Expareja,Sí,No había denuncia
España,2016,7,1,Total,Total,Pareja,No,Había denuncia
España,2016,7,0,Total,Total,Pareja,No,No consta denuncia
España,2016,7,1,Total,Total,Pareja,No,No había denuncia
España,2016,7,0,Total,Total,Pareja,No contesta,Había denuncia
España,2016,7,0,Total,Total,Pareja,No contesta,No consta denuncia
España,2016,7,0,Total,Total,Pareja,No contesta,No había denuncia
España,2016,7,1,Total,Total,Pareja,Sí,Había denuncia
España,2016,7,0,Total,Total,Pareja,Sí,No consta denuncia
España,2016,7,1,Total,Total,Pareja,Sí,No había denuncia
España,2016,6,0,Total,Total,Expareja,No,Había denuncia
España,2016,6,0,Total,Total,Expareja,No,No consta denuncia
España,2016,6,0,Total,Total,Expareja,No,No había denuncia
España,2016,6,0,Total,Total,Expareja,No contesta,Había denuncia
España,2016,6,0,Total,Total,Expareja,No contesta,No consta denuncia
España,2016,6,0,Total,Total,Expareja,No contesta,No había denuncia
España,2016,6,0,Total,Total,Expareja,Sí,Había denuncia
España,2016,6,0,Total,Total,Expareja,Sí,No consta denuncia
España,2016,6,0,Total,Total,Expareja,Sí,No había denuncia
España,2016,6,0,Total,Total,Pareja,No,Había denuncia
España,2016,6,0,Total,Total,Pareja,No,No consta denuncia
España,2016,6,1,Total,Total,Pareja,No,No había denuncia
España,2016,6,0,Total,Total,Pareja,No contesta,Había denuncia
España,2016,6,0,Total,Total,Pareja,No contesta,No consta denuncia
España,2016,6,0,Total,Total,Pareja,No contesta,No había denuncia
España,2016,6,0,Total,Total,Pareja,Sí,Había denuncia
España,2016,6,0,Total,Total,Pareja,Sí,No consta denuncia
España,2016,6,2,Total,Total,Pareja,Sí,No había denuncia
España,2016,3,0,Total,Total,Expareja,No,Había denuncia
España,2016,3,0,Total,Total,Expareja,No,No consta denuncia
España,2016,3,0,Total,Total,Expareja,No,No había denuncia
España,2016,3,0,Total,Total,Expareja,No contesta,Había denuncia
España,2016,3,0,Total,Total,Expareja,No contesta,No consta denuncia
España,2016,3,0,Total,Total,Expareja,No contesta,No había denuncia
España,2016,3,0,Total,Total,Expareja,Sí,Había denuncia
España,2016,3,0,Total,Total,Expareja,Sí,No consta denuncia
España,2016,3,0,Total,Total,Expareja,Sí,No había denuncia
España,2016,3,1,Total,Total,Pareja,No,Había denuncia
España,2016,3,0,Total,Total,Pareja,No,No consta denuncia
España,2016,3,0,Total,Total,Pareja,No,No había denuncia
España,2016,3,0,Total,Total,Pareja,No contesta,Había denuncia
España,2016,3,0,Total,Total,Pareja,No contesta,No consta denuncia
España,2016,3,0,Total,Total,Pareja,No contesta,No había denuncia
España,2016,3,1,Total,Total,Pareja,Sí,Había denuncia
España,2016,3,0,Total,Total,Pareja,Sí,No consta denuncia
España,2016,3,0,Total,Total,Pareja,Sí,No había denuncia
España,2016,5,0,Total,Total,Expareja,No,Había denuncia
España,2016,5,0,Total,Total,Expareja,No,No consta denuncia
España,2016,5,1,Total,Total,Expareja,No,No había denuncia
España,2016,5,0,Total,Total,Expareja,No contesta,Había denuncia
España,2016,5,0,Total,Total,Expareja,No contesta,No consta denuncia
España,2016,5,0,Total,Total,Expareja,No contesta,No había denuncia
España,2016,5,0,Total,Total,Expareja,Sí,Había denuncia
España,2016,5,0,Total,Total,Expareja,Sí,No consta denuncia
España,2016,5,0,Total,Total,Expareja,Sí,No había denuncia
España,2016,5,0,Total,Total,Pareja,No,Había denuncia
España,2016,5,0,Total,Total,Pareja,No,No consta denuncia
España,2016,5,0,Total,Total,Pareja,No,No había denuncia
España,2016,5,0,Total,Total,Pareja,No contesta,Había denuncia
España,2016,5,0,Total,Total,Pareja,No contesta,No consta denuncia
España,2016,5,0,Total,Total,Pareja,No contesta,No había denuncia
España,2016,5,1,Total,Total,Pareja,Sí,Había denuncia
España,2016,5,0,Total,Total,Pareja,Sí,No consta denuncia
España,2016,5,2,Total,Total,Pareja,Sí,No había denuncia
España,2016,11,0,Total,Total,Expareja,No,Había denuncia
España,2016,11,0,Total,Total,Expareja,No,No consta denuncia
España,2016,11,1,Total,Total,Expareja,No,No había denuncia
España,2016,11,0,Total,Total,Expareja,No contesta,Había denuncia
España,2016,11,0,Total,Total,Expareja,No contesta,No consta denuncia
España,2016,11,0,Total,Total,Expareja,No contesta,No había denuncia
España,2016,11,0,Total,Total,Expareja,Sí,Había denuncia
España,2016,11,0,Total,Total,Expareja,Sí,No consta denuncia
España,2016,11,0,Total,Total,Expareja,Sí,No había denuncia
España,2016,11,0,Total,Total,Pareja,No,Había denuncia
España,2016,11,0,Total,Total,Pareja,No,No consta denuncia
España,2016,11,1,Total,Total,Pareja,No,No había denuncia
España,2016,11,0,Total,Total,Pareja,No contesta,Había denuncia
España,2016,11,0,Total,Total,Pareja,No contesta,No consta denuncia
España,2016,11,0,Total,Total,Pareja,No contesta,No había denuncia
España,2016,11,1,Total,Total,Pareja,Sí,Había denuncia
España,2016,11,0,Total,Total,Pareja,Sí,No consta denuncia
España,2016,11,2,Total,Total,Pareja,Sí,No había denuncia
España,2016,10,0,Total,Total,Expareja,No,Había denuncia
España,2016,10,0,Total,Total,Expareja,No,No consta denuncia
España,2016,10,0,Total,Total,Expareja,No,No había denuncia
España,2016,10,0,Total,Total,Expareja,No contesta,Había denuncia
España,2016,10,0,Total,Total,Expareja,No contesta,No consta denuncia
España,2016,10,0,Total,Total,Expareja,No contesta,No había denuncia
España,2016,10,0,Total,Total,Expareja,Sí,Había denuncia
España,2016,10,0,Total,Total,Expareja,Sí,No consta denuncia
España,2016,10,0,Total,Total,Expareja,Sí,No había denuncia
España,2016,10,1,Total,Total,Pareja,No,Había denuncia
España,2016,10,0,Total,Total,Pareja,No,No consta denuncia
España,2016,10,0,Total,Total,Pareja,No,No había denuncia
España,2016,10,0,Total,Total,Pareja,No contesta,Había denuncia
España,2016,10,0,Total,Total,Pareja,No contesta,No consta denuncia
España,2016,10,0,Total,Total,Pareja,No contesta,No había denuncia
España,2016,10,1,Total,Total,Pareja,Sí,Había denuncia
España,2016,10,0,Total,Total,Pareja,Sí,No consta denuncia
España,2016,10,2,Total,Total,Pareja,Sí,No había denuncia
España,2016,9,0,Total,Total,Expareja,No,Había denuncia
España,2016,9,0,Total,Total,Expareja,No,No consta denuncia
España,2016,9,0,Total,Total,Expareja,No,No había denuncia
España,2016,9,0,Total,Total,Expareja,No contesta,Había denuncia
España,2016,9,0,Total,Total,Expareja,No contesta,No consta denuncia
España,2016,9,0,Total,Total,Expareja,No contesta,No había denuncia
España,2016,9,0,Total,Total,Expareja,Sí,Había denuncia
España,2016,9,0,Total,Total,Expareja,Sí,No consta denuncia
España,2016,9,0,Total,Total,Expareja,Sí,No había denuncia
España,2016,9,0,Total,Total,Pareja,No,Había denuncia
España,2016,9,0,Total,Total,Pareja,No,No consta denuncia
España,2016,9,0,Total,Total,Pareja,No,No había denuncia
España,2016,9,0,Total,Total,Pareja,No contesta,Había denuncia
España,2016,9,0,Total,Total,Pareja,No contesta,No consta denuncia
España,2016,9,0,Total,Total,Pareja,No contesta,No había denuncia
España,2016,9,0,Total,Total,Pareja,Sí,Había denuncia
España,2016,9,0,Total,Total,Pareja,Sí,No consta denuncia
España,2016,9,2,Total,Total,Pareja,Sí,No había denuncia
España,2017,4,0,Total,Total,Expareja,No,Había denuncia
España,2017,4,0,Total,Total,Expareja,No,No consta denuncia
España,2017,4,1,Total,Total,Expareja,No,No había denuncia
España,2017,4,0,Total,Total,Expareja,No contesta,Había denuncia
España,2017,4,0,Total,Total,Expareja,No contesta,No consta denuncia
España,2017,4,0,Total,Total,Expareja,No contesta,No había denuncia
España,2017,4,0,Total,Total,Expareja,Sí,Había denuncia
España,2017,4,0,Total,Total,Expareja,Sí,No consta denuncia
España,2017,4,0,Total,Total,Expareja,Sí,No había denuncia
España,2017,4,0,Total,Total,Pareja,No,Había denuncia
España,2017,4,0,Total,Total,Pareja,No,No consta denuncia
España,2017,4,1,Total,Total,Pareja,No,No había denuncia
España,2017,4,0,Total,Total,Pareja,No contesta,Había denuncia
España,2017,4,0,Total,Total,Pareja,No contesta,No consta denuncia
España,2017,4,0,Total,Total,Pareja,No contesta,No había denuncia
España,2017,4,0,Total,Total,Pareja,Sí,Había denuncia
España,2017,4,0,Total,Total,Pareja,Sí,No consta denuncia
España,2017,4,2,Total,Total,Pareja,Sí,No había denuncia
España,2017,8,0,Total,Total,Expareja,No,Había denuncia
España,2017,8,0,Total,Total,Expareja,No,No consta denuncia
España,2017,8,1,Total,Total,Expareja,No,No había denuncia
España,2017,8,0,Total,Total,Expareja,No contesta,Había denuncia
España,2017,8,0,Total,Total,Expareja,No contesta,No consta denuncia
España,2017,8,0,Total,Total,Expareja,No contesta,No había denuncia
España,2017,8,0,Total,Total,Expareja,Sí,Había denuncia
España,2017,8,0,Total,Total,Expareja,Sí,No consta denuncia
España,2017,8,0,Total,Total,Expareja,Sí,No había denuncia
España,2017,8,0,Total,Total,Pareja,No,Había denuncia
España,2017,8,0,Total,Total,Pareja,No,No consta denuncia
España,2017,8,0,Total,Total,Pareja,No,No había denuncia
España,2017,8,0,Total,Total,Pareja,No contesta,Había denuncia
España,2017,8,0,Total,Total,Pareja,No contesta,No consta denuncia
España,2017,8,0,Total,Total,Pareja,No contesta,No había denuncia
España,2017,8,1,Total,Total,Pareja,Sí,Había denuncia
España,2017,8,0,Total,Total,Pareja,Sí,No consta denuncia
España,2017,8,1,Total,Total,Pareja,Sí,No había denuncia
España,2017,12,1,Total,Total,Expareja,No,Había denuncia
España,2017,12,0,Total,Total,Expareja,No,No consta denuncia
España,2017,12,0,Total,Total,Expareja,No,No había denuncia
España,2017,12,0,Total,Total,Expareja,No contesta,Había denuncia
España,2017,12,0,Total,Total,Expareja,No contesta,No consta denuncia
España,2017,12,0,Total,Total,Expareja,No contesta,No había denuncia
España,2017,12,0,Total,Total,Expareja,Sí,Había denuncia
España,2017,12,0,Total,Total,Expareja,Sí,No consta denuncia
España,2017,12,0,Total,Total,Expareja,Sí,No había denuncia
España,2017,12,1,Total,Total,Pareja,No,Había denuncia
España,2017,12,0,Total,Total,Pareja,No,No consta denuncia
España,2017,12,0,Total,Total,Pareja,No,No había denuncia
España,2017,12,0,Total,Total,Pareja,No contesta,Había denuncia
España,2017,12,0,Total,Total,Pareja,No contesta,No consta denuncia
España,2017,12,0,Total,Total,Pareja,No contesta,No había denuncia
España,2017,12,0,Total,Total,Pareja,Sí,Había denuncia
España,2017,12,0,Total,Total,Pareja,Sí,No consta denuncia
España,2017,12,1,Total,Total,Pareja,Sí,No había denuncia
España,2017,1,1,Total,Total,Expareja,No,Había denuncia
España,2017,1,0,Total,Total,Expareja,No,No consta denuncia
España,2017,1,1,Total,Total,Expareja,No,No había denuncia
España,2017,1,0,Total,Total,Expareja,No contesta,Había denuncia
España,2017,1,0,Total,Total,Expareja,No contesta,No consta denuncia
España,2017,1,0,Total,Total,Expareja,No contesta,No había denuncia
España,2017,1,0,Total,Total,Expareja,Sí,Había denuncia
España,2017,1,0,Total,Total,Expareja,Sí,No consta denuncia
España,2017,1,0,Total,Total,Expareja,Sí,No había denuncia
España,2017,1,0,Total,Total,Pareja,No,Había denuncia
España,2017,1,0,Total,Total,Pareja,No,No consta denuncia
España,2017,1,0,Total,Total,Pareja,No,No había denuncia
España,2017,1,0,Total,Total,Pareja,No contesta,Había denuncia
España,2017,1,0,Total,Total,Pareja,No contesta,No consta denuncia
España,2017,1,0,Total,Total,Pareja,No contesta,No había denuncia
España,2017,1,1,Total,Total,Pareja,Sí,Había denuncia
España,2017,1,0,Total,Total,Pareja,Sí,No consta denuncia
España,2017,1,2,Total,Total,Pareja,Sí,No había denuncia
España,2017,2,1,Total,Total,Expareja,No,Había denuncia
España,2017,2,0,Total,Total,Expareja,No,No consta denuncia
España,2017,2,1,Total,Total,Expareja,No,No había denuncia
España,2017,2,0,Total,Total,Expareja,No contesta,Había denuncia
España,2017,2,0,Total,Total,Expareja,No contesta,No consta denuncia
España,2017,2,0,Total,Total,Expareja,No contesta,No había denuncia
España,2017,2,0,Total,Total,Expareja,Sí,Había denuncia
España,2017,2,0,Total,Total,Expareja,Sí,No consta denuncia
España,2017,2,0,Total,Total,Expareja,Sí,No había denuncia
España,2017,2,1,Total,Total,Pareja,No,Había denuncia
España,2017,2,0,Total,Total,Pareja,No,No consta denuncia
España,2017,2,1,Total,Total,Pareja,No,No había denuncia
España,2017,2,0,Total,Total,Pareja,No contesta,Había denuncia
España,2017,2,0,Total,Total,Pareja,No contesta,No consta denuncia
España,2017,2,1,Total,Total,Pareja,No contesta,No había denuncia
España,2017,2,0,Total,Total,Pareja,Sí,Había denuncia
España,2017,2,0,Total,Total,Pareja,Sí,No consta denuncia
España,2017,2,5,Total,Total,Pareja,Sí,No había denuncia
España,2017,7,0,Total,Total,Expareja,No,Había denuncia
España,2017,7,0,Total,Total,Expareja,No,No consta denuncia
España,2017,7,0,Total,Total,Expareja,No,No había denuncia
España,2017,7,0,Total,Total,Expareja,No contesta,Había denuncia
España,2017,7,0,Total,Total,Expareja,No contesta,No consta denuncia
España,2017,7,0,Total,Total,Expareja,No contesta,No había denuncia
España,2017,7,0,Total,Total,Expareja,Sí,Había denuncia
España,2017,7,0,Total,Total,Expareja,Sí,No consta denuncia
España,2017,7,0,Total,Total,Expareja,Sí,No había denuncia
España,2017,7,0,Total,Total,Pareja,No,Había denuncia
España,2017,7,0,Total,Total,Pareja,No,No consta denuncia
España,2017,7,0,Total,Total,Pareja,No,No había denuncia
España,2017,7,0,Total,Total,Pareja,No contesta,Había denuncia
España,2017,7,0,Total,Total,Pareja,No contesta,No consta denuncia
España,2017,7,0,Total,Total,Pareja,No contesta,No había denuncia
España,2017,7,0,Total,Total,Pareja,Sí,Había denuncia
España,2017,7,0,Total,Total,Pareja,Sí,No consta denuncia
España,2017,7,2,Total,Total,Pareja,Sí,No había denuncia
España,2017,6,1,Total,Total,Expareja,No,Había denuncia
España,2017,6,0,Total,Total,Expareja,No,No consta denuncia
España,2017,6,0,Total,Total,Expareja,No,No había denuncia
España,2017,6,0,Total,Total,Expareja,No contesta,Había denuncia
España,2017,6,0,Total,Total,Expareja,No contesta,No consta denuncia
España,2017,6,0,Total,Total,Expareja,No contesta,No había denuncia
España,2017,6,0,Total,Total,Expareja,Sí,Había denuncia
España,2017,6,0,Total,Total,Expareja,Sí,No consta denuncia
España,2017,6,0,Total,Total,Expareja,Sí,No había denuncia
España,2017,6,0,Total,Total,Pareja,No,Había denuncia
España,2017,6,0,Total,Total,Pareja,No,No consta denuncia
España,2017,6,1,Total,Total,Pareja,No,No había denuncia
España,2017,6,0,Total,Total,Pareja,No contesta,Había denuncia
España,2017,6,0,Total,Total,Pareja,No contesta,No consta denuncia
España,2017,6,0,Total,Total,Pareja,No contesta,No había denuncia
España,2017,6,0,Total,Total,Pareja,Sí,Había denuncia
España,2017,6,0,Total,Total,Pareja,Sí,No consta denuncia
España,2017,6,2,Total,Total,Pareja,Sí,No había denuncia
España,2017,3,0,Total,Total,Expareja,No,Había denuncia
España,2017,3,0,Total,Total,Expareja,No,No consta denuncia
España,2017,3,0,Total,Total,Expareja,No,No había denuncia
España,2017,3,0,Total,Total,Expareja,No contesta,Había denuncia
España,2017,3,0,Total,Total,Expareja,No contesta,No consta denuncia
España,2017,3,0,Total,Total,Expareja,No contesta,No había denuncia
España,2017,3,0,Total,Total,Expareja,Sí,Había denuncia
España,2017,3,0,Total,Total,Expareja,Sí,No consta denuncia
España,2017,3,0,Total,Total,Expareja,Sí,No había denuncia
España,2017,3,0,Total,Total,Pareja,No,Había denuncia
España,2017,3,0,Total,Total,Pareja,No,No consta denuncia
España,2017,3,0,Total,Total,Pareja,No,No había denuncia
España,2017,3,0,Total,Total,Pareja,No contesta,Había denuncia
España,2017,3,0,Total,Total,Pareja,No contesta,No consta denuncia
España,2017,3,0,Total,Total,Pareja,No contesta,No había denuncia
España,2017,3,0,Total,Total,Pareja,Sí,Había denuncia
España,2017,3,0,Total,Total,Pareja,Sí,No consta denuncia
España,2017,3,3,Total,Total,Pareja,Sí,No había denuncia
España,2017,5,0,Total,Total,Expareja,No,Había denuncia
España,2017,5,0,Total,Total,Expareja,No,No consta denuncia
España,2017,5,0,Total,Total,Expareja,No,No había denuncia
España,2017,5,0,Total,Total,Expareja,No contesta,Había denuncia
España,2017,5,0,Total,Total,Expareja,No contesta,No consta denuncia
España,2017,5,0,Total,Total,Expareja,No contesta,No había denuncia
España,2017,5,0,Total,Total,Expareja,Sí,Había denuncia
España,2017,5,0,Total,Total,Expareja,Sí,No consta denuncia
España,2017,5,0,Total,Total,Expareja,Sí,No había denuncia
España,2017,5,1,Total,Total,Pareja,No,Había denuncia
España,2017,5,0,Total,Total,Pareja,No,No consta denuncia
España,2017,5,1,Total,Total,Pareja,No,No había denuncia
España,2017,5,0,Total,Total,Pareja,No contesta,Había denuncia
España,2017,5,0,Total,Total,Pareja,No contesta,No consta denuncia
España,2017,5,0,Total,Total,Pareja,No contesta,No había denuncia
España,2017,5,1,Total,Total,Pareja,Sí,Había denuncia
España,2017,5,0,Total,Total,Pareja,Sí,No consta denuncia
España,2017,5,3,Total,Total,Pareja,Sí,No había denuncia
España,2017,11,1,Total,Total,Expareja,No,Había denuncia
España,2017,11,0,Total,Total,Expareja,No,No consta denuncia
España,2017,11,1,Total,Total,Expareja,No,No había denuncia
España,2017,11,0,Total,Total,Expareja,No contesta,Había denuncia
España,2017,11,0,Total,Total,Expareja,No contesta,No consta denuncia
España,2017,11,0,Total,Total,Expareja,No contesta,No había denuncia
España,2017,11,0,Total,Total,Expareja,Sí,Había denuncia
España,2017,11,0,Total,Total,Expareja,Sí,No consta denuncia
España,2017,11,0,Total,Total,Expareja,Sí,No había denuncia
España,2017,11,0,Total,Total,Pareja,No,Había denuncia
España,2017,11,0,Total,Total,Pareja,No,No consta denuncia
España,2017,11,0,Total,Total,Pareja,No,No había denuncia
España,2017,11,0,Total,Total,Pareja,No contesta,Había denuncia
España,2017,11,0,Total,Total,Pareja,No contesta,No consta denuncia
España,2017,11,0,Total,Total,Pareja,No contesta,No había denuncia
España,2017,11,0,Total,Total,Pareja,Sí,Había denuncia
España,2017,11,0,Total,Total,Pareja,Sí,No consta denuncia
España,2017,11,0,Total,Total,Pareja,Sí,No había denuncia
España,2017,10,0,Total,Total,Expareja,No,Había denuncia
España,2017,10,0,Total,Total,Expareja,No,No consta denuncia
España,2017,10,1,Total,Total,Expareja,No,No había denuncia
España,2017,10,0,Total,Total,Expareja,No contesta,Había denuncia
España,2017,10,0,Total,Total,Expareja,No contesta,No consta denuncia
España,2017,10,0,Total,Total,Expareja,No contesta,No había denuncia
España,2017,10,0,Total,Total,Expareja,Sí,Había denuncia
España,2017,10,0,Total,Total,Expareja,Sí,No consta denuncia
España,2017,10,0,Total,Total,Expareja,Sí,No había denuncia
España,2017,10,0,Total,Total,Pareja,No,Había denuncia
España,2017,10,0,Total,Total,Pareja,No,No consta denuncia
España,2017,10,0,Total,Total,Pareja,No,No había denuncia
España,2017,10,0,Total,Total,Pareja,No contesta,Había denuncia
España,2017,10,0,Total,Total,Pareja,No contesta,No consta denuncia
España,2017,10,0,Total,Total,Pareja,No contesta,No había denuncia
España,2017,10,0,Total,Total,Pareja,Sí,Había denuncia
España,2017,10,0,Total,Total,Pareja,Sí,No consta denuncia
España,2017,10,4,Total,Total,Pareja,Sí,No había denuncia
España,2017,9,1,Total,Total,Expareja,No,Había denuncia
España,2017,9,0,Total,Total,Expareja,No,No consta denuncia
España,2017,9,0,Total,Total,Expareja,No,No había denuncia
España,2017,9,0,Total,Total,Expareja,No contesta,Había denuncia
España,2017,9,0,Total,Total,Expareja,No contesta,No consta denuncia
España,2017,9,0,Total,Total,Expareja,No contesta,No había denuncia
España,2017,9,0,Total,Total,Expareja,Sí,Había denuncia
España,2017,9,0,Total,Total,Expareja,Sí,No consta denuncia
España,2017,9,0,Total,Total,Expareja,Sí,No había denuncia
España,2017,9,0,Total,Total,Pareja,No,Había denuncia
España,2017,9,0,Total,Total,Pareja,No,No consta denuncia
España,2017,9,0,Total,Total,Pareja,No,No había denuncia
España,2017,9,0,Total,Total,Pareja,No contesta,Había denuncia
España,2017,9,0,Total,Total,Pareja,No contesta,No consta denuncia
España,2017,9,0,Total,Total,Pareja,No contesta,No había denuncia
España,2017,9,0,Total,Total,Pareja,Sí,Había denuncia
España,2017,9,0,Total,Total,Pareja,Sí,No consta denuncia
España,2017,9,1,Total,Total,Pareja,Sí,No había denuncia
España,2018,4,0,Total,Total,Expareja,No,Había denuncia
España,2018,4,0,Total,Total,Expareja,No,No consta denuncia
España,2018,4,1,Total,Total,Expareja,No,No había denuncia
España,2018,4,0,Total,Total,Expareja,No contesta,Había denuncia
España,2018,4,0,Total,Total,Expareja,No contesta,No consta denuncia
España,2018,4,0,Total,Total,Expareja,No contesta,No había denuncia
España,2018,4,0,Total,Total,Expareja,Sí,Había denuncia
España,2018,4,0,Total,Total,Expareja,Sí,No consta denuncia
España,2018,4,0,Total,Total,Expareja,Sí,No había denuncia
España,2018,4,1,Total,Total,Pareja,No,Había denuncia
España,2018,4,0,Total,Total,Pareja,No,No consta denuncia
España,2018,4,1,Total,Total,Pareja,No,No había denuncia
España,2018,4,0,Total,Total,Pareja,No contesta,Había denuncia
España,2018,4,0,Total,Total,Pareja,No contesta,No consta denuncia
España,2018,4,1,Total,Total,Pareja,No contesta,No había denuncia
España,2018,4,0,Total,Total,Pareja,Sí,Había denuncia
España,2018,4,0,Total,Total,Pareja,Sí,No consta denuncia
España,2018,4,0,Total,Total,Pareja,Sí,No había denuncia
España,2018,8,0,Total,Total,Expareja,No,Había denuncia
España,2018,8,0,Total,Total,Expareja,No,No consta denuncia
España,2018,8,0,Total,Total,Expareja,No,No había denuncia
España,2018,8,0,Total,Total,Expareja,No contesta,Había denuncia
España,2018,8,0,Total,Total,Expareja,No contesta,No consta denuncia
España,2018,8,0,Total,Total,Expareja,No contesta,No había denuncia
España,2018,8,0,Total,Total,Expareja,Sí,Había denuncia
España,2018,8,0,Total,Total,Expareja,Sí,No consta denuncia
España,2018,8,0,Total,Total,Expareja,Sí,No había denuncia
España,2018,8,0,Total,Total,Pareja,No,Había denuncia
España,2018,8,0,Total,Total,Pareja,No,No consta denuncia
España,2018,8,0,Total,Total,Pareja,No,No había denuncia
España,2018,8,0,Total,Total,Pareja,No contesta,Había denuncia
España,2018,8,0,Total,Total,Pareja,No contesta,No consta denuncia
España,2018,8,0,Total,Total,Pareja,No contesta,No había denuncia
España,2018,8,1,Total,Total,Pareja,Sí,Había denuncia
España,2018,8,0,Total,Total,Pareja,Sí,No consta denuncia
España,2018,8,7,Total,Total,Pareja,Sí,No había denuncia
España,2018,12,0,Total,Total,Expareja,No,Había denuncia
España,2018,12,0,Total,Total,Expareja,No,No consta denuncia
España,2018,12,0,Total,Total,Expareja,No,No había denuncia
España,2018,12,0,Total,Total,Expareja,No contesta,Había denuncia
España,2018,12,0,Total,Total,Expareja,No contesta,No consta denuncia
España,2018,12,0,Total,Total,Expareja,No contesta,No había denuncia
España,2018,12,0,Total,Total,Expareja,Sí,Había denuncia
España,2018,12,0,Total,Total,Expareja,Sí,No consta denuncia
España,2018,12,0,Total,Total,Expareja,Sí,No había denuncia
España,2018,12,0,Total,Total,Pareja,No,Había denuncia
España,2018,12,0,Total,Total,Pareja,No,No consta denuncia
España,2018,12,0,Total,Total,Pareja,No,No había denuncia
España,2018,12,0,Total,Total,Pareja,No contesta,Había denuncia
España,2018,12,0,Total,Total,Pareja,No contesta,No consta denuncia
España,2018,12,0,Total,Total,Pareja,No contesta,No había denuncia
España,2018,12,0,Total,Total,Pareja,Sí,Había denuncia
España,2018,12,0,Total,Total,Pareja,Sí,No consta denuncia
España,2018,12,2,Total,Total,Pareja,Sí,No había denuncia
España,2018,1,0,Total,Total,Expareja,No,Había denuncia
España,2018,1,0,Total,Total,Expareja,No,No consta denuncia
España,2018,1,0,Total,Total,Expareja,No,No había denuncia
España,2018,1,0,Total,Total,Expareja,No contesta,Había denuncia
España,2018,1,0,Total,Total,Expareja,No contesta,No consta denuncia
España,2018,1,0,Total,Total,Expareja,No contesta,No había denuncia
España,2018,1,0,Total,Total,Expareja,Sí,Había denuncia
España,2018,1,0,Total,Total,Expareja,Sí,No consta denuncia
España,2018,1,0,Total,Total,Expareja,Sí,No había denuncia
España,2018,1,0,Total,Total,Pareja,No,Había denuncia
España,2018,1,0,Total,Total,Pareja,No,No consta denuncia
España,2018,1,0,Total,Total,Pareja,No,No había denuncia
España,2018,1,0,Total,Total,Pareja,No contesta,Había denuncia
España,2018,1,0,Total,Total,Pareja,No contesta,No consta denuncia
España,2018,1,0,Total,Total,Pareja,No contesta,No había denuncia
España,2018,1,1,Total,Total,Pareja,Sí,Había denuncia
España,2018,1,0,Total,Total,Pareja,Sí,No consta denuncia
España,2018,1,1,Total,Total,Pareja,Sí,No había denuncia
España,2018,2,0,Total,Total,Expareja,No,Había denuncia
España,2018,2,0,Total,Total,Expareja,No,No consta denuncia
España,2018,2,0,Total,Total,Expareja,No,No había denuncia
España,2018,2,0,Total,Total,Expareja,No contesta,Había denuncia
España,2018,2,0,Total,Total,Expareja,No contesta,No consta denuncia
España,2018,2,0,Total,Total,Expareja,No contesta,No había denuncia
España,2018,2,0,Total,Total,Expareja,Sí,Había denuncia
España,2018,2,0,Total,Total,Expareja,Sí,No consta denuncia
España,2018,2,0,Total,Total,Expareja,Sí,No había denuncia
España,2018,2,0,Total,Total,Pareja,No,Había denuncia
España,2018,2,0,Total,Total,Pareja,No,No consta denuncia
España,2018,2,1,Total,Total,Pareja,No,No había denuncia
España,2018,2,0,Total,Total,Pareja,No contesta,Había denuncia
España,2018,2,0,Total,Total,Pareja,No contesta,No consta denuncia
España,2018,2,0,Total,Total,Pareja,No contesta,No había denuncia
España,2018,2,0,Total,Total,Pareja,Sí,Había denuncia
España,2018,2,0,Total,Total,Pareja,Sí,No consta denuncia
España,2018,2,1,Total,Total,Pareja,Sí,No había denuncia
España,2018,7,1,Total,Total,Expareja,No,Había denuncia
España,2018,7,0,Total,Total,Expareja,No,No consta denuncia
España,2018,7,0,Total,Total,Expareja,No,No había denuncia
España,2018,7,0,Total,Total,Expareja,No contesta,Había denuncia
España,2018,7,0,Total,Total,Expareja,No contesta,No consta denuncia
España,2018,7,0,Total,Total,Expareja,No contesta,No había denuncia
España,2018,7,0,Total,Total,Expareja,Sí,Había denuncia
España,2018,7,0,Total,Total,Expareja,Sí,No consta denuncia
España,2018,7,0,Total,Total,Expareja,Sí,No había denuncia
España,2018,7,0,Total,Total,Pareja,No,Había denuncia
España,2018,7,0,Total,Total,Pareja,No,No consta denuncia
España,2018,7,0,Total,Total,Pareja,No,No había denuncia
España,2018,7,0,Total,Total,Pareja,No contesta,Había denuncia
España,2018,7,0,Total,Total,Pareja,No contesta,No consta denuncia
España,2018,7,1,Total,Total,Pareja,No contesta,No había denuncia
España,2018,7,1,Total,Total,Pareja,Sí,Había denuncia
España,2018,7,0,Total,Total,Pareja,Sí,No consta denuncia
España,2018,7,5,Total,Total,Pareja,Sí,No había denuncia
España,2018,6,0,Total,Total,Expareja,No,Había denuncia
España,2018,6,0,Total,Total,Expareja,No,No consta denuncia
España,2018,6,0,Total,Total,Expareja,No,No había denuncia
España,2018,6,0,Total,Total,Expareja,No contesta,Había denuncia
España,2018,6,0,Total,Total,Expareja,No contesta,No consta denuncia
España,2018,6,0,Total,Total,Expareja,No contesta,No había denuncia
España,2018,6,0,Total,Total,Expareja,Sí,Había denuncia
España,2018,6,0,Total,Total,Expareja,Sí,No consta denuncia
España,2018,6,0,Total,Total,Expareja,Sí,No había denuncia
España,2018,6,0,Total,Total,Pareja,No,Había denuncia
España,2018,6,0,Total,Total,Pareja,No,No consta denuncia
España,2018,6,2,Total,Total,Pareja,No,No había denuncia
España,2018,6,0,Total,Total,Pareja,No contesta,Había denuncia
España,2018,6,0,Total,Total,Pareja,No contesta,No consta denuncia
España,2018,6,0,Total,Total,Pareja,No contesta,No había denuncia
España,2018,6,1,Total,Total,Pareja,Sí,Había denuncia
España,2018,6,0,Total,Total,Pareja,Sí,No consta denuncia
España,2018,6,3,Total,Total,Pareja,Sí,No había denuncia
España,2018,3,0,Total,Total,Expareja,No,Había denuncia
España,2018,3,0,Total,Total,Expareja,No,No consta denuncia
España,2018,3,0,Total,Total,Expareja,No,No había denuncia
España,2018,3,0,Total,Total,Expareja,No contesta,Había denuncia
España,2018,3,0,Total,Total,Expareja,No contesta,No consta denuncia
España,2018,3,0,Total,Total,Expareja,No contesta,No había denuncia
España,2018,3,0,Total,Total,Expareja,Sí,Había denuncia
España,2018,3,0,Total,Total,Expareja,Sí,No consta denuncia
España,2018,3,0,Total,Total,Expareja,Sí,No había denuncia
España,2018,3,0,Total,Total,Pareja,No,Había denuncia
España,2018,3,0,Total,Total,Pareja,No,No consta denuncia
España,2018,3,1,Total,Total,Pareja,No,No había denuncia
España,2018,3,0,Total,Total,Pareja,No contesta,Había denuncia
España,2018,3,0,Total,Total,Pareja,No contesta,No consta denuncia
España,2018,3,0,Total,Total,Pareja,No contesta,No había denuncia
España,2018,3,1,Total,Total,Pareja,Sí,Había denuncia
España,2018,3,0,Total,Total,Pareja,Sí,No consta denuncia
España,2018,3,1,Total,Total,Pareja,Sí,No había denuncia
España,2018,5,0,Total,Total,Expareja,No,Había denuncia
España,2018,5,0,Total,Total,Expareja,No,No consta denuncia
España,2018,5,0,Total,Total,Expareja,No,No había denuncia
España,2018,5,0,Total,Total,Expareja,No contesta,Había denuncia
España,2018,5,0,Total,Total,Expareja,No contesta,No consta denuncia
España,2018,5,0,Total,Total,Expareja,No contesta,No había denuncia
España,2018,5,0,Total,Total,Expareja,Sí,Había denuncia
España,2018,5,0,Total,Total,Expareja,Sí,No consta denuncia
España,2018,5,0,Total,Total,Expareja,Sí,No había denuncia
España,2018,5,0,Total,Total,Pareja,No,Había denuncia
España,2018,5,0,Total,Total,Pareja,No,No consta denuncia
España,2018,5,1,Total,Total,Pareja,No,No había denuncia
España,2018,5,0,Total,Total,Pareja,No contesta,Había denuncia
España,2018,5,0,Total,Total,Pareja,No contesta,No consta denuncia
España,2018,5,0,Total,Total,Pareja,No contesta,No había denuncia
España,2018,5,0,Total,Total,Pareja,Sí,Había denuncia
España,2018,5,0,Total,Total,Pareja,Sí,No consta denuncia
España,2018,5,0,Total,Total,Pareja,Sí,No había denuncia
España,2018,11,1,Total,Total,Expareja,No,Había denuncia
España,2018,11,0,Total,Total,Expareja,No,No consta denuncia
España,2018,11,1,Total,Total,Expareja,No,No había denuncia
España,2018,11,0,Total,Total,Expareja,No contesta,Había denuncia
España,2018,11,0,Total,Total,Expareja,No contesta,No consta denuncia
España,2018,11,0,Total,Total,Expareja,No contesta,No había denuncia
España,2018,11,0,Total,Total,Expareja,Sí,Había denuncia
España,2018,11,0,Total,Total,Expareja,Sí,No consta denuncia
España,2018,11,0,Total,Total,Expareja,Sí,No había denuncia
España,2018,11,0,Total,Total,Pareja,No,Había denuncia
España,2018,11,0,Total,Total,Pareja,No,No consta denuncia
España,2018,11,0,Total,Total,Pareja,No,No había denuncia
España,2018,11,0,Total,Total,Pareja,No contesta,Había denuncia
España,2018,11,0,Total,Total,Pareja,No contesta,No consta denuncia
España,2018,11,0,Total,Total,Pareja,No contesta,No había denuncia
España,2018,11,0,Total,Total,Pareja,Sí,Había denuncia
España,2018,11,0,Total,Total,Pareja,Sí,No consta denuncia
España,2018,11,0,Total,Total,Pareja,Sí,No había denuncia
España,2018,10,2,Total,Total,Expareja,No,Había denuncia
España,2018,10,0,Total,Total,Expareja,No,No consta denuncia
España,2018,10,0,Total,Total,Expareja,No,No había denuncia
España,2018,10,0,Total,Total,Expareja,No contesta,Había denuncia
España,2018,10,0,Total,Total,Expareja,No contesta,No consta denuncia
España,2018,10,0,Total,Total,Expareja,No contesta,No había denuncia
España,2018,10,0,Total,Total,Expareja,Sí,Había denuncia
España,2018,10,0,Total,Total,Expareja,Sí,No consta denuncia
España,2018,10,0,Total,Total,Expareja,Sí,No había denuncia
España,2018,10,1,Total,Total,Pareja,No,Había denuncia
España,2018,10,0,Total,Total,Pareja,No,No consta denuncia
España,2018,10,0,Total,Total,Pareja,No,No había denuncia
España,2018,10,0,Total,Total,Pareja,No contesta,Había denuncia
España,2018,10,0,Total,Total,Pareja,No contesta,No consta denuncia
España,2018,10,0,Total,Total,Pareja,No contesta,No había denuncia
España,2018,10,0,Total,Total,Pareja,Sí,Había denuncia
España,2018,10,0,Total,Total,Pareja,Sí,No consta denuncia
España,2018,10,1,Total,Total,Pareja,Sí,No había denuncia
España,2018,9,1,Total,Total,Expareja,No,Había denuncia
España,2018,9,0,Total,Total,Expareja,No,No consta denuncia
España,2018,9,1,Total,Total,Expareja,No,No había denuncia
España,2018,9,0,Total,Total,Expareja,No contesta,Había denuncia
España,2018,9,0,Total,Total,Expareja,No contesta,No consta denuncia
España,2018,9,0,Total,Total,Expareja,No contesta,No había denuncia
España,2018,9,0,Total,Total,Expareja,Sí,Había denuncia
España,2018,9,0,Total,Total,Expareja,Sí,No consta denuncia
España,2018,9,0,Total,Total,Expareja,Sí,No había denuncia
España,2018,9,0,Total,Total,Pareja,No,Había denuncia
España,2018,9,0,Total,Total,Pareja,No,No consta denuncia
España,2018,9,0,Total,Total,Pareja,No,No había denuncia
España,2018,9,1,Total,Total,Pareja,No contesta,Había denuncia
España,2018,9,0,Total,Total,Pareja,No contesta,No consta denuncia
España,2018,9,0,Total,Total,Pareja,No contesta,No había denuncia
España,2018,9,2,Total,Total,Pareja,Sí,Había denuncia
España,2018,9,0,Total,Total,Pareja,Sí,No consta denuncia
España,2018,9,5,Total,Total,Pareja,Sí,No había denuncia
España,2019,4,0,Total,Total,Expareja,No,Había denuncia
España,2019,4,0,Total,Total,Expareja,No,No consta denuncia
España,2019,4,0,Total,Total,Expareja,No,No había denuncia
España,2019,4,0,Total,Total,Expareja,No contesta,Había denuncia
España,2019,4,0,Total,Total,Expareja,No contesta,No consta denuncia
España,2019,4,0,Total,Total,Expareja,No contesta,No había denuncia
España,2019,4,0,Total,Total,Expareja,Sí,Había denuncia
España,2019,4,0,Total,Total,Expareja,Sí,No consta denuncia
España,2019,4,0,Total,Total,Expareja,Sí,No había denuncia
España,2019,4,0,Total,Total,Pareja,No,Había denuncia
España,2019,4,0,Total,Total,Pareja,No,No consta denuncia
España,2019,4,0,Total,Total,Pareja,No,No había denuncia
España,2019,4,0,Total,Total,Pareja,No contesta,Había denuncia
España,2019,4,0,Total,Total,Pareja,No contesta,No consta denuncia
España,2019,4,0,Total,Total,Pareja,No contesta,No había denuncia
España,2019,4,1,Total,Total,Pareja,Sí,Había denuncia
España,2019,4,0,Total,Total,Pareja,Sí,No consta denuncia
España,2019,4,5,Total,Total,Pareja,Sí,No había denuncia
España,2019,8,1,Total,Total,Expareja,No,Había denuncia
España,2019,8,0,Total,Total,Expareja,No,No consta denuncia
España,2019,8,1,Total,Total,Expareja,No,No había denuncia
España,2019,8,0,Total,Total,Expareja,No contesta,Había denuncia
España,2019,8,0,Total,Total,Expareja,No contesta,No consta denuncia
España,2019,8,0,Total,Total,Expareja,No contesta,No había denuncia
España,2019,8,0,Total,Total,Expareja,Sí,Había denuncia
España,2019,8,0,Total,Total,Expareja,Sí,No consta denuncia
España,2019,8,0,Total,Total,Expareja,Sí,No había denuncia
España,2019,8,0,Total,Total,Pareja,No,Había denuncia
España,2019,8,0,Total,Total,Pareja,No,No consta denuncia
España,2019,8,0,Total,Total,Pareja,No,No había denuncia
España,2019,8,0,Total,Total,Pareja,No contesta,Había denuncia
España,2019,8,0,Total,Total,Pareja,No contesta,No consta denuncia
España,2019,8,1,Total,Total,Pareja,No contesta,No había denuncia
España,2019,8,1,Total,Total,Pareja,Sí,Había denuncia
España,2019,8,0,Total,Total,Pareja,Sí,No consta denuncia
España,2019,8,0,Total,Total,Pareja,Sí,No había denuncia
España,2019,12,0,Total,Total,Expareja,No,Había denuncia
España,2019,12,0,Total,Total,Expareja,No,No consta denuncia
España,2019,12,0,Total,Total,Expareja,No,No había denuncia
España,2019,12,0,Total,Total,Expareja,No contesta,Había denuncia
España,2019,12,0,Total,Total,Expareja,No contesta,No consta denuncia
España,2019,12,0,Total,Total,Expareja,No contesta,No había denuncia
España,2019,12,0,Total,Total,Expareja,Sí,Había denuncia
España,2019,12,0,Total,Total,Expareja,Sí,No consta denuncia
España,2019,12,0,Total,Total,Expareja,Sí,No había denuncia
España,2019,12,0,Total,Total,Pareja,No,Había denuncia
España,2019,12,0,Total,Total,Pareja,No,No consta denuncia
España,2019,12,0,Total,Total,Pareja,No,No había denuncia
España,2019,12,0,Total,Total,Pareja,No contesta,Había denuncia
España,2019,12,0,Total,Total,Pareja,No contesta,No consta denuncia
España,2019,12,0,Total,Total,Pareja,No contesta,No había denuncia
España,2019,12,0,Total,Total,Pareja,Sí,Había denuncia
España,2019,12,0,Total,Total,Pareja,Sí,No consta denuncia
España,2019,12,1,Total,Total,Pareja,Sí,No había denuncia
España,2019,1,0,Total,Total,Expareja,No,Había denuncia
España,2019,1,0,Total,Total,Expareja,No,No consta denuncia
España,2019,1,1,Total,Total,Expareja,No,No había denuncia
España,2019,1,0,Total,Total,Expareja,No contesta,Había denuncia
España,2019,1,0,Total,Total,Expareja,No contesta,No consta denuncia
España,2019,1,0,Total,Total,Expareja,No contesta,No había denuncia
España,2019,1,0,Total,Total,Expareja,Sí,Había denuncia
España,2019,1,0,Total,Total,Expareja,Sí,No consta denuncia
España,2019,1,0,Total,Total,Expareja,Sí,No había denuncia
España,2019,1,0,Total,Total,Pareja,No,Había denuncia
España,2019,1,0,Total,Total,Pareja,No,No consta denuncia
España,2019,1,4,Total,Total,Pareja,No,No había denuncia
España,2019,1,0,Total,Total,Pareja,No contesta,Había denuncia
España,2019,1,0,Total,Total,Pareja,No contesta,No consta denuncia
España,2019,1,0,Total,Total,Pareja,No contesta,No había denuncia
España,2019,1,1,Total,Total,Pareja,Sí,Había denuncia
España,2019,1,0,Total,Total,Pareja,Sí,No consta denuncia
España,2019,1,2,Total,Total,Pareja,Sí,No había denuncia
España,2019,2,0,Total,Total,Expareja,No,Había denuncia
España,2019,2,0,Total,Total,Expareja,No,No consta denuncia
España,2019,2,0,Total,Total,Expareja,No,No había denuncia
España,2019,2,0,Total,Total,Expareja,No contesta,Había denuncia
España,2019,2,0,Total,Total,Expareja,No contesta,No consta denuncia
España,2019,2,0,Total,Total,Expareja,No contesta,No había denuncia
España,2019,2,0,Total,Total,Expareja,Sí,Había denuncia
España,2019,2,0,Total,Total,Expareja,Sí,No consta denuncia
España,2019,2,0,Total,Total,Expareja,Sí,No había denuncia
España,2019,2,0,Total,Total,Pareja,No,Había denuncia
España,2019,2,0,Total,Total,Pareja,No,No consta denuncia
España,2019,2,0,Total,Total,Pareja,No,No había denuncia
España,2019,2,0,Total,Total,Pareja,No contesta,Había denuncia
España,2019,2,0,Total,Total,Pareja,No contesta,No consta denuncia
España,2019,2,0,Total,Total,Pareja,No contesta,No había denuncia
España,2019,2,1,Total,Total,Pareja,Sí,Había denuncia
España,2019,2,0,Total,Total,Pareja,Sí,No consta denuncia
España,2019,2,2,Total,Total,Pareja,Sí,No había denuncia
España,2019,7,0,Total,Total,Expareja,No,Había denuncia
España,2019,7,0,Total,Total,Expareja,No,No consta denuncia
España,2019,7,0,Total,Total,Expareja,No,No había denuncia
España,2019,7,0,Total,Total,Expareja,No contesta,Había denuncia
España,2019,7,0,Total,Total,Expareja,No contesta,No consta denuncia
España,2019,7,0,Total,Total,Expareja,No contesta,No había denuncia
España,2019,7,0,Total,Total,Expareja,Sí,Había denuncia
España,2019,7,0,Total,Total,Expareja,Sí,No consta denuncia
España,2019,7,0,Total,Total,Expareja,Sí,No había denuncia
España,2019,7,1,Total,Total,Pareja,No,Había denuncia
España,2019,7,0,Total,Total,Pareja,No,No consta denuncia
España,2019,7,1,Total,Total,Pareja,No,No había denuncia
España,2019,7,0,Total,Total,Pareja,No contesta,Había denuncia
España,2019,7,0,Total,Total,Pareja,No contesta,No consta denuncia
España,2019,7,1,Total,Total,Pareja,No contesta,No había denuncia
España,2019,7,1,Total,Total,Pareja,Sí,Había denuncia
España,2019,7,0,Total,Total,Pareja,Sí,No consta denuncia
España,2019,7,5,Total,Total,Pareja,Sí,No había denuncia
España,2019,6,1,Total,Total,Expareja,No,Había denuncia
España,2019,6,0,Total,Total,Expareja,No,No consta denuncia
España,2019,6,0,Total,Total,Expareja,No,No había denuncia
España,2019,6,0,Total,Total,Expareja,No contesta,Había denuncia
España,2019,6,0,Total,Total,Expareja,No contesta,No consta denuncia
España,2019,6,0,Total,Total,Expareja,No contesta,No había denuncia
España,2019,6,0,Total,Total,Expareja,Sí,Había denuncia
España,2019,6,0,Total,Total,Expareja,Sí,No consta denuncia
España,2019,6,0,Total,Total,Expareja,Sí,No había denuncia
España,2019,6,0,Total,Total,Pareja,No,Había denuncia
España,2019,6,0,Total,Total,Pareja,No,No consta denuncia
España,2019,6,0,Total,Total,Pareja,No,No había denuncia
España,2019,6,1,Total,Total,Pareja,No contesta,Había denuncia
España,2019,6,0,Total,Total,Pareja,No contesta,No consta denuncia
España,2019,6,1,Total,Total,Pareja,No contesta,No había denuncia
España,2019,6,0,Total,Total,Pareja,Sí,Había denuncia
España,2019,6,0,Total,Total,Pareja,Sí,No consta denuncia
España,2019,6,4,Total,Total,Pareja,Sí,No había denuncia
España,2019,3,0,Total,Total,Expareja,No,Había denuncia
España,2019,3,0,Total,Total,Expareja,No,No consta denuncia
España,2019,3,0,Total,Total,Expareja,No,No había denuncia
España,2019,3,0,Total,Total,Expareja,No contesta,Había denuncia
España,2019,3,0,Total,Total,Expareja,No contesta,No consta denuncia
España,2019,3,0,Total,Total,Expareja,No contesta,No había denuncia
España,2019,3,0,Total,Total,Expareja,Sí,Había denuncia
España,2019,3,0,Total,Total,Expareja,Sí,No consta denuncia
España,2019,3,0,Total,Total,Expareja,Sí,No había denuncia
España,2019,3,0,Total,Total,Pareja,No,Había denuncia
España,2019,3,0,Total,Total,Pareja,No,No consta denuncia
España,2019,3,1,Total,Total,Pareja,No,No había denuncia
España,2019,3,0,Total,Total,Pareja,No contesta,Había denuncia
España,2019,3,0,Total,Total,Pareja,No contesta,No consta denuncia
España,2019,3,0,Total,Total,Pareja,No contesta,No había denuncia
España,2019,3,0,Total,Total,Pareja,Sí,Había denuncia
España,2019,3,0,Total,Total,Pareja,Sí,No consta denuncia
España,2019,3,4,Total,Total,Pareja,Sí,No había denuncia
España,2019,5,0,Total,Total,Expareja,No,Había denuncia
España,2019,5,0,Total,Total,Expareja,No,No consta denuncia
España,2019,5,0,Total,Total,Expareja,No,No había denuncia
España,2019,5,0,Total,Total,Expareja,No contesta,Había denuncia
España,2019,5,0,Total,Total,Expareja,No contesta,No consta denuncia
España,2019,5,0,Total,Total,Expareja,No contesta,No había denuncia
España,2019,5,0,Total,Total,Expareja,Sí,Había denuncia
España,2019,5,0,Total,Total,Expareja,Sí,No consta denuncia
España,2019,5,0,Total,Total,Expareja,Sí,No había denuncia
España,2019,5,0,Total,Total,Pareja,No,Había denuncia
España,2019,5,0,Total,Total,Pareja,No,No consta denuncia
España,2019,5,0,Total,Total,Pareja,No,No había denuncia
España,2019,5,0,Total,Total,Pareja,No contesta,Había denuncia
España,2019,5,0,Total,Total,Pareja,No contesta,No consta denuncia
España,2019,5,1,Total,Total,Pareja,No contesta,No había denuncia
España,2019,5,2,Total,Total,Pareja,Sí,Había denuncia
España,2019,5,0,Total,Total,Pareja,Sí,No consta denuncia
España,2019,5,0,Total,Total,Pareja,Sí,No había denuncia
España,2019,11,0,Total,Total,Expareja,No,Había denuncia
España,2019,11,0,Total,Total,Expareja,No,No consta denuncia
España,2019,11,0,Total,Total,Expareja,No,No había denuncia
España,2019,11,0,Total,Total,Expareja,No contesta,Había denuncia
España,2019,11,0,Total,Total,Expareja,No contesta,No consta denuncia
España,2019,11,0,Total,Total,Expareja,No contesta,No había denuncia
España,2019,11,0,Total,Total,Expareja,Sí,Había denuncia
España,2019,11,0,Total,Total,Expareja,Sí,No consta denuncia
España,2019,11,0,Total,Total,Expareja,Sí,No había denuncia
España,2019,11,0,Total,Total,Pareja,No,Había denuncia
España,2019,11,0,Total,Total,Pareja,No,No consta denuncia
España,2019,11,0,Total,Total,Pareja,No,No había denuncia
España,2019,11,0,Total,Total,Pareja,No contesta,Había denuncia
España,2019,11,0,Total,Total,Pareja,No contesta,No consta denuncia
España,2019,11,0,Total,Total,Pareja,No contesta,No había denuncia
España,2019,11,0,Total,Total,Pareja,Sí,Había denuncia
España,2019,11,0,Total,Total,Pareja,Sí,No consta denuncia
España,2019,11,2,Total,Total,Pareja,Sí,No había denuncia
España,2019,10,1,Total,Total,Expareja,No,Había denuncia
España,2019,10,0,Total,Total,Expareja,No,No consta denuncia
España,2019,10,0,Total,Total,Expareja,No,No había denuncia
España,2019,10,0,Total,Total,Expareja,No contesta,Había denuncia
España,2019,10,0,Total,Total,Expareja,No contesta,No consta denuncia
España,2019,10,0,Total,Total,Expareja,No contesta,No había denuncia
España,2019,10,0,Total,Total,Expareja,Sí,Había denuncia
España,2019,10,0,Total,Total,Expareja,Sí,No consta denuncia
España,2019,10,0,Total,Total,Expareja,Sí,No había denuncia
España,2019,10,0,Total,Total,Pareja,No,Había denuncia
España,2019,10,0,Total,Total,Pareja,No,No consta denuncia
España,2019,10,0,Total,Total,Pareja,No,No había denuncia
España,2019,10,0,Total,Total,Pareja,No contesta,Había denuncia
España,2019,10,0,Total,Total,Pareja,No contesta,No consta denuncia
España,2019,10,0,Total,Total,Pareja,No contesta,No había denuncia
España,2019,10,0,Total,Total,Pareja,Sí,Había denuncia
España,2019,10,0,Total,Total,Pareja,Sí,No consta denuncia
España,2019,10,3,Total,Total,Pareja,Sí,No había denuncia
España,2019,9,0,Total,Total,Expareja,No,Había denuncia
España,2019,9,0,Total,Total,Expareja,No,No consta denuncia
España,2019,9,1,Total,Total,Expareja,No,No había denuncia
España,2019,9,0,Total,Total,Expareja,No contesta,Había denuncia
España,2019,9,0,Total,Total,Expareja,No contesta,No consta denuncia
España,2019,9,1,Total,Total,Expareja,No contesta,No había denuncia
España,2019,9,0,Total,Total,Expareja,Sí,Había denuncia
España,2019,9,0,Total,Total,Expareja,Sí,No consta denuncia
España,2019,9,0,Total,Total,Expareja,Sí,No había denuncia
España,2019,9,0,Total,Total,Pareja,No,Había denuncia
España,2019,9,0,Total,Total,Pareja,No,No consta denuncia
España,2019,9,0,Total,Total,Pareja,No,No había denuncia
España,2019,9,0,Total,Total,Pareja,No contesta,Había denuncia
España,2019,9,0,Total,Total,Pareja,No contesta,No consta denuncia
España,2019,9,0,Total,Total,Pareja,No contesta,No había denuncia
España,2019,9,1,Total,Total,Pareja,Sí,Había denuncia
España,2019,9,0,Total,Total,Pareja,Sí,No consta denuncia
España,2019,9,1,Total,Total,Pareja,Sí,No había denuncia
España,2020,4,0,Total,Total,Expareja,No,Había denuncia
España,2020,4,0,Total,Total,Expareja,No,No consta denuncia
España,2020,4,0,Total,Total,Expareja,No,No había denuncia
España,2020,4,0,Total,Total,Expareja,No contesta,Había denuncia
España,2020,4,0,Total,Total,Expareja,No contesta,No consta denuncia
España,2020,4,0,Total,Total,Expareja,No contesta,No había denuncia
España,2020,4,0,Total,Total,Expareja,Sí,Había denuncia
España,2020,4,0,Total,Total,Expareja,Sí,No consta denuncia
España,2020,4,0,Total,Total,Expareja,Sí,No había denuncia
España,2020,4,0,Total,Total,Pareja,No,Había denuncia
España,2020,4,0,Total,Total,Pareja,No,No consta denuncia
España,2020,4,0,Total,Total,Pareja,No,No había denuncia
España,2020,4,0,Total,Total,Pareja,No contesta,Había denuncia
España,2020,4,0,Total,Total,Pareja,No contesta,No consta denuncia
España,2020,4,0,Total,Total,Pareja,No contesta,No había denuncia
España,2020,4,1,Total,Total,Pareja,Sí,Había denuncia
España,2020,4,0,Total,Total,Pareja,Sí,No consta denuncia
España,2020,4,1,Total,Total,Pareja,Sí,No había denuncia
España,2020,8,0,Total,Total,Expareja,No,Había denuncia
España,2020,8,0,Total,Total,Expareja,No,No consta denuncia
España,2020,8,1,Total,Total,Expareja,No,No había denuncia
España,2020,8,0,Total,Total,Expareja,No contesta,Había denuncia
España,2020,8,0,Total,Total,Expareja,No contesta,No consta denuncia
España,2020,8,0,Total,Total,Expareja,No contesta,No había denuncia
España,2020,8,0,Total,Total,Expareja,Sí,Había denuncia
España,2020,8,0,Total,Total,Expareja,Sí,No consta denuncia
España,2020,8,1,Total,Total,Expareja,Sí,No había denuncia
España,2020,8,0,Total,Total,Pareja,No,Había denuncia
España,2020,8,0,Total,Total,Pareja,No,No consta denuncia
España,2020,8,0,Total,Total,Pareja,No,No había denuncia
España,2020,8,0,Total,Total,Pareja,No contesta,Había denuncia
España,2020,8,0,Total,Total,Pareja,No contesta,No consta denuncia
España,2020,8,0,Total,Total,Pareja,No contesta,No había denuncia
España,2020,8,0,Total,Total,Pareja,Sí,Había denuncia
España,2020,8,0,Total,Total,Pareja,Sí,No consta denuncia
España,2020,8,5,Total,Total,Pareja,Sí,No había denuncia
España,2020,12,0,Total,Total,Expareja,No,Había denuncia
España,2020,12,0,Total,Total,Expareja,No,No consta denuncia
España,2020,12,0,Total,Total,Expareja,No,No había denuncia
España,2020,12,0,Total,Total,Expareja,No contesta,Había denuncia
España,2020,12,0,Total,Total,Expareja,No contesta,No consta denuncia
España,2020,12,0,Total,Total,Expareja,No contesta,No había denuncia
España,2020,12,0,Total,Total,Expareja,Sí,Había denuncia
España,2020,12,0,Total,Total,Expareja,Sí,No consta denuncia
España,2020,12,0,Total,Total,Expareja,Sí,No había denuncia
España,2020,12,1,Total,Total,Pareja,No,Había denuncia
España,2020,12,0,Total,Total,Pareja,No,No consta denuncia
España,2020,12,0,Total,Total,Pareja,No,No había denuncia
España,2020,12,0,Total,Total,Pareja,No contesta,Había denuncia
España,2020,12,0,Total,Total,Pareja,No contesta,No consta denuncia
España,2020,12,0,Total,Total,Pareja,No contesta,No había denuncia
España,2020,12,1,Total,Total,Pareja,Sí,Había denuncia
España,2020,12,0,Total,Total,Pareja,Sí,No consta denuncia
España,2020,12,3,Total,Total,Pareja,Sí,No había denuncia
España,2020,1,0,Total,Total,Expareja,No,Había denuncia
España,2020,1,0,Total,Total,Expareja,No,No consta denuncia
España,2020,1,1,Total,Total,Expareja,No,No había denuncia
España,2020,1,0,Total,Total,Expareja,No contesta,Había denuncia
España,2020,1,0,Total,Total,Expareja,No contesta,No consta denuncia
España,2020,1,0,Total,Total,Expareja,No contesta,No había denuncia
España,2020,1,0,Total,Total,Expareja,Sí,Había denuncia
España,2020,1,0,Total,Total,Expareja,Sí,No consta denuncia
España,2020,1,0,Total,Total,Expareja,Sí,No había denuncia
España,2020,1,0,Total,Total,Pareja,No,Había denuncia
España,2020,1,0,Total,Total,Pareja,No,No consta denuncia
España,2020,1,1,Total,Total,Pareja,No,No había denuncia
España,2020,1,0,Total,Total,Pareja,No contesta,Había denuncia
España,2020,1,0,Total,Total,Pareja,No contesta,No consta denuncia
España,2020,1,0,Total,Total,Pareja,No contesta,No había denuncia
España,2020,1,0,Total,Total,Pareja,Sí,Había denuncia
España,2020,1,0,Total,Total,Pareja,Sí,No consta denuncia
España,2020,1,6,Total,Total,Pareja,Sí,No había denuncia
España,2020,2,0,Total,Total,Expareja,No,Había denuncia
España,2020,2,0,Total,Total,Expareja,No,No consta denuncia
España,2020,2,1,Total,Total,Expareja,No,No había denuncia
España,2020,2,0,Total,Total,Expareja,No contesta,Había denuncia
España,2020,2,0,Total,Total,Expareja,No contesta,No consta denuncia
España,2020,2,1,Total,Total,Expareja,No contesta,No había denuncia
España,2020,2,0,Total,Total,Expareja,Sí,Había denuncia
España,2020,2,0,Total,Total,Expareja,Sí,No consta denuncia
España,2020,2,0,Total,Total,Expareja,Sí,No había denuncia
España,2020,2,0,Total,Total,Pareja,No,Había denuncia
España,2020,2,0,Total,Total,Pareja,No,No consta denuncia
España,2020,2,0,Total,Total,Pareja,No,No había denuncia
España,2020,2,0,Total,Total,Pareja,No contesta,Había denuncia
España,2020,2,0,Total,Total,Pareja,No contesta,No consta denuncia
España,2020,2,2,Total,Total,Pareja,No contesta,No había denuncia
España,2020,2,1,Total,Total,Pareja,Sí,Había denuncia
España,2020,2,0,Total,Total,Pareja,Sí,No consta denuncia
España,2020,2,2,Total,Total,Pareja,Sí,No había denuncia
España,2020,7,1,Total,Total,Expareja,No,Había denuncia
España,2020,7,0,Total,Total,Expareja,No,No consta denuncia
España,2020,7,0,Total,Total,Expareja,No,No había denuncia
España,2020,7,0,Total,Total,Expareja,No contesta,Había denuncia
España,2020,7,0,Total,Total,Expareja,No contesta,No consta denuncia
España,2020,7,0,Total,Total,Expareja,No contesta,No había denuncia
España,2020,7,0,Total,Total,Expareja,Sí,Había denuncia
España,2020,7,0,Total,Total,Expareja,Sí,No consta denuncia
España,2020,7,0,Total,Total,Expareja,Sí,No había denuncia
España,2020,7,0,Total,Total,Pareja,No,Había denuncia
España,2020,7,0,Total,Total,Pareja,No,No consta denuncia
España,2020,7,0,Total,Total,Pareja,No,No había denuncia
España,2020,7,0,Total,Total,Pareja,No contesta,Había denuncia
España,2020,7,0,Total,Total,Pareja,No contesta,No consta denuncia
España,2020,7,0,Total,Total,Pareja,No contesta,No había denuncia
España,2020,7,1,Total,Total,Pareja,Sí,Había denuncia
España,2020,7,0,Total,Total,Pareja,Sí,No consta denuncia
España,2020,7,2,Total,Total,Pareja,Sí,No había denuncia
España,2020,6,0,Total,Total,Expareja,No,Había denuncia
España,2020,6,0,Total,Total,Expareja,No,No consta denuncia
España,2020,6,0,Total,Total,Expareja,No,No había denuncia
España,2020,6,0,Total,Total,Expareja,No contesta,Había denuncia
España,2020,6,0,Total,Total,Expareja,No contesta,No consta denuncia
España,2020,6,0,Total,Total,Expareja,No contesta,No había denuncia
España,2020,6,0,Total,Total,Expareja,Sí,Había denuncia
España,2020,6,0,Total,Total,Expareja,Sí,No consta denuncia
España,2020,6,0,Total,Total,Expareja,Sí,No había denuncia
España,2020,6,0,Total,Total,Pareja,No,Había denuncia
España,2020,6,0,Total,Total,Pareja,No,No consta denuncia
España,2020,6,0,Total,Total,Pareja,No,No había denuncia
España,2020,6,0,Total,Total,Pareja,No contesta,Había denuncia
España,2020,6,0,Total,Total,Pareja,No contesta,No consta denuncia
España,2020,6,0,Total,Total,Pareja,No contesta,No había denuncia
España,2020,6,0,Total,Total,Pareja,Sí,Había denuncia
España,2020,6,0,Total,Total,Pareja,Sí,No consta denuncia
España,2020,6,2,Total,Total,Pareja,Sí,No había denuncia
España,2020,3,0,Total,Total,Expareja,No,Había denuncia
España,2020,3,0,Total,Total,Expareja,No,No consta denuncia
España,2020,3,0,Total,Total,Expareja,No,No había denuncia
España,2020,3,0,Total,Total,Expareja,No contesta,Había denuncia
España,2020,3,0,Total,Total,Expareja,No contesta,No consta denuncia
España,2020,3,0,Total,Total,Expareja,No contesta,No había denuncia
España,2020,3,0,Total,Total,Expareja,Sí,Había denuncia
España,2020,3,0,Total,Total,Expareja,Sí,No consta denuncia
España,2020,3,0,Total,Total,Expareja,Sí,No había denuncia
España,2020,3,0,Total,Total,Pareja,No,Había denuncia
España,2020,3,0,Total,Total,Pareja,No,No consta denuncia
España,2020,3,0,Total,Total,Pareja,No,No había denuncia
España,2020,3,0,Total,Total,Pareja,No contesta,Había denuncia
España,2020,3,0,Total,Total,Pareja,No contesta,No consta denuncia
España,2020,3,0,Total,Total,Pareja,No contesta,No había denuncia
España,2020,3,0,Total,Total,Pareja,Sí,Había denuncia
España,2020,3,0,Total,Total,Pareja,Sí,No consta denuncia
España,2020,3,4,Total,Total,Pareja,Sí,No había denuncia
España,2020,5,0,Total,Total,Expareja,No,Había denuncia
España,2020,5,0,Total,Total,Expareja,No,No consta denuncia
España,2020,5,0,Total,Total,Expareja,No,No había denuncia
España,2020,5,0,Total,Total,Expareja,No contesta,Había denuncia
España,2020,5,0,Total,Total,Expareja,No contesta,No consta denuncia
España,2020,5,0,Total,Total,Expareja,No contesta,No había denuncia
España,2020,5,0,Total,Total,Expareja,Sí,Había denuncia
España,2020,5,0,Total,Total,Expareja,Sí,No consta denuncia
España,2020,5,0,Total,Total,Expareja,Sí,No había denuncia
España,2020,5,0,Total,Total,Pareja,No,Había denuncia
España,2020,5,0,Total,Total,Pareja,No,No consta denuncia
España,2020,5,0,Total,Total,Pareja,No,No había denuncia
España,2020,5,0,Total,Total,Pareja,No contesta,Había denuncia
España,2020,5,0,Total,Total,Pareja,No contesta,No consta denuncia
España,2020,5,0,Total,Total,Pareja,No contesta,No había denuncia
España,2020,5,1,Total,Total,Pareja,Sí,Había denuncia
España,2020,5,0,Total,Total,Pareja,Sí,No consta denuncia
España,2020,5,1,Total,Total,Pareja,Sí,No había denuncia
España,2020,11,0,Total,Total,Expareja,No,Había denuncia
España,2020,11,0,Total,Total,Expareja,No,No consta denuncia
España,2020,11,0,Total,Total,Expareja,No,No había denuncia
España,2020,11,0,Total,Total,Expareja,No contesta,Había denuncia
España,2020,11,0,Total,Total,Expareja,No contesta,No consta denuncia
España,2020,11,0,Total,Total,Expareja,No contesta,No había denuncia
España,2020,11,0,Total,Total,Expareja,Sí,Había denuncia
España,2020,11,0,Total,Total,Expareja,Sí,No consta denuncia
España,2020,11,0,Total,Total,Expareja,Sí,No había denuncia
España,2020,11,0,Total,Total,Pareja,No,Había denuncia
España,2020,11,0,Total,Total,Pareja,No,No consta denuncia
España,2020,11,1,Total,Total,Pareja,No,No había denuncia
España,2020,11,0,Total,Total,Pareja,No contesta,Había denuncia
España,2020,11,0,Total,Total,Pareja,No contesta,No consta denuncia
España,2020,11,0,Total,Total,Pareja,No contesta,No había denuncia
España,2020,11,0,Total,Total,Pareja,Sí,Había denuncia
España,2020,11,0,Total,Total,Pareja,Sí,No consta denuncia
España,2020,11,3,Total,Total,Pareja,Sí,No había denuncia
España,2020,10,0,Total,Total,Expareja,No,Había denuncia
España,2020,10,0,Total,Total,Expareja,No,No consta denuncia
España,2020,10,1,Total,Total,Expareja,No,No había denuncia
España,2020,10,0,Total,Total,Expareja,No contesta,Había denuncia
España,2020,10,0,Total,Total,Expareja,No contesta,No consta denuncia
España,2020,10,0,Total,Total,Expareja,No contesta,No había denuncia
España,2020,10,0,Total,Total,Expareja,Sí,Había denuncia
España,2020,10,0,Total,Total,Expareja,Sí,No consta denuncia
España,2020,10,0,Total,Total,Expareja,Sí,No había denuncia
España,2020,10,0,Total,Total,Pareja,No,Había denuncia
España,2020,10,0,Total,Total,Pareja,No,No consta denuncia
España,2020,10,0,Total,Total,Pareja,No,No había denuncia
España,2020,10,0,Total,Total,Pareja,No contesta,Había denuncia
España,2020,10,0,Total,Total,Pareja,No contesta,No consta denuncia
España,2020,10,0,Total,Total,Pareja,No contesta,No había denuncia
España,2020,10,0,Total,Total,Pareja,Sí,Había denuncia
España,2020,10,0,Total,Total,Pareja,Sí,No consta denuncia
España,2020,10,0,Total,Total,Pareja,Sí,No había denuncia
España,2020,9,0,Total,Total,Expareja,No,Había denuncia
España,2020,9,0,Total,Total,Expareja,No,No consta denuncia
España,2020,9,0,Total,Total,Expareja,No,No había denuncia
España,2020,9,0,Total,Total,Expareja,No contesta,Había denuncia
España,2020,9,0,Total,Total,Expareja,No contesta,No consta denuncia
España,2020,9,0,Total,Total,Expareja,No contesta,No había denuncia
España,2020,9,0,Total,Total,Expareja,Sí,Había denuncia
España,2020,9,0,Total,Total,Expareja,Sí,No consta denuncia
España,2020,9,0,Total,Total,Expareja,Sí,No había denuncia
España,2020,9,0,Total,Total,Pareja,No,Había denuncia
España,2020,9,0,Total,Total,Pareja,No,No consta denuncia
España,2020,9,0,Total,Total,Pareja,No,No había denuncia
España,2020,9,0,Total,Total,Pareja,No contesta,Había denuncia
España,2020,9,0,Total,Total,Pareja,No contesta,No consta denuncia
España,2020,9,0,Total,Total,Pareja,No contesta,No había denuncia
España,2020,9,0,Total,Total,Pareja,Sí,Había denuncia
España,2020,9,0,Total,Total,Pareja,Sí,No consta denuncia
España,2020,9,4,Total,Total,Pareja,Sí,No había denuncia
España,2021,4,0,Total,Total,Expareja,No,Había denuncia
España,2021,4,0,Total,Total,Expareja,No,No consta denuncia
España,2021,4,2,Total,Total,Expareja,No,No había denuncia
España,2021,4,0,Total,Total,Expareja,No contesta,Había denuncia
España,2021,4,0,Total,Total,Expareja,No contesta,No consta denuncia
España,2021,4,0,Total,Total,Expareja,No contesta,No había denuncia
España,2021,4,0,Total,Total,Expareja,Sí,Había denuncia
España,2021,4,0,Total,Total,Expareja,Sí,No consta denuncia
España,2021,4,0,Total,Total,Expareja,Sí,No había denuncia
España,2021,4,0,Total,Total,Pareja,No,Había denuncia
España,2021,4,0,Total,Total,Pareja,No,No consta denuncia
España,2021,4,0,Total,Total,Pareja,No,No había denuncia
España,2021,4,0,Total,Total,Pareja,No contesta,Había denuncia
España,2021,4,0,Total,Total,Pareja,No contesta,No consta denuncia
España,2021,4,0,Total,Total,Pareja,No contesta,No había denuncia
España,2021,4,0,Total,Total,Pareja,Sí,Había denuncia
España,2021,4,0,Total,Total,Pareja,Sí,No consta denuncia
España,2021,4,2,Total,Total,Pareja,Sí,No había denuncia
España,2021,8,0,Total,Total,Expareja,No,Había denuncia
España,2021,8,0,Total,Total,Expareja,No,No consta denuncia
España,2021,8,0,Total,Total,Expareja,No,No había denuncia
España,2021,8,0,Total,Total,Expareja,No contesta,Había denuncia
España,2021,8,0,Total,Total,Expareja,No contesta,No consta denuncia
España,2021,8,0,Total,Total,Expareja,No contesta,No había denuncia
España,2021,8,0,Total,Total,Expareja,Sí,Había denuncia
España,2021,8,0,Total,Total,Expareja,Sí,No consta denuncia
España,2021,8,0,Total,Total,Expareja,Sí,No había denuncia
España,2021,8,0,Total,Total,Pareja,No,Había denuncia
España,2021,8,0,Total,Total,Pareja,No,No consta denuncia
España,2021,8,0,Total,Total,Pareja,No,No había denuncia
España,2021,8,0,Total,Total,Pareja,No contesta,Había denuncia
España,2021,8,0,Total,Total,Pareja,No contesta,No consta denuncia
España,2021,8,0,Total,Total,Pareja,No contesta,No había denuncia
España,2021,8,0,Total,Total,Pareja,Sí,Había denuncia
España,2021,8,0,Total,Total,Pareja,Sí,No consta denuncia
España,2021,8,3,Total,Total,Pareja,Sí,No había denuncia
España,2021,12,2,Total,Total,Expareja,No,Había denuncia
España,2021,12,0,Total,Total,Expareja,No,No consta denuncia
España,2021,12,1,Total,Total,Expareja,No,No había denuncia
España,2021,12,0,Total,Total,Expareja,No contesta,Había denuncia
España,2021,12,0,Total,Total,Expareja,No contesta,No consta denuncia
España,2021,12,0,Total,Total,Expareja,No contesta,No había denuncia
España,2021,12,0,Total,Total,Expareja,Sí,Había denuncia
España,2021,12,0,Total,Total,Expareja,Sí,No consta denuncia
España,2021,12,0,Total,Total,Expareja,Sí,No había denuncia
España,2021,12,0,Total,Total,Pareja,No,Había denuncia
España,2021,12,0,Total,Total,Pareja,No,No consta denuncia
España,2021,12,2,Total,Total,Pareja,No,No había denuncia
España,2021,12,0,Total,Total,Pareja,No contesta,Había denuncia
España,2021,12,0,Total,Total,Pareja,No contesta,No consta denuncia
España,2021,12,1,Total,Total,Pareja,No contesta,No había denuncia
España,2021,12,0,Total,Total,Pareja,Sí,Había denuncia
España,2021,12,0,Total,Total,Pareja,Sí,No consta denuncia
España,2021,12,2,Total,Total,Pareja,Sí,No había denuncia
España,2021,1,0,Total,Total,Expareja,No,Había denuncia
España,2021,1,0,Total,Total,Expareja,No,No consta denuncia
España,2021,1,0,Total,Total,Expareja,No,No había denuncia
España,2021,1,0,Total,Total,Expareja,No contesta,Había denuncia
España,2021,1,0,Total,Total,Expareja,No contesta,No consta denuncia
España,2021,1,0,Total,Total,Expareja,No contesta,No había denuncia
España,2021,1,0,Total,Total,Expareja,Sí,Había denuncia
España,2021,1,0,Total,Total,Expareja,Sí,No consta denuncia
España,2021,1,0,Total,Total,Expareja,Sí,No había denuncia
España,2021,1,0,Total,Total,Pareja,No,Había denuncia
España,2021,1,0,Total,Total,Pareja,No,No consta denuncia
España,2021,1,0,Total,Total,Pareja,No,No había denuncia
España,2021,1,0,Total,Total,Pareja,No contesta,Había denuncia
España,2021,1,0,Total,Total,Pareja,No contesta,No consta denuncia
España,2021,1,0,Total,Total,Pareja,No contesta,No había denuncia
España,2021,1,0,Total,Total,Pareja,Sí,Había denuncia
España,2021,1,0,Total,Total,Pareja,Sí,No consta denuncia
España,2021,1,1,Total,Total,Pareja,Sí,No había denuncia
España,2021,2,0,Total,Total,Expareja,No,Había denuncia
España,2021,2,0,Total,Total,Expareja,No,No consta denuncia
España,2021,2,0,Total,Total,Expareja,No,No había denuncia
España,2021,2,0,Total,Total,Expareja,No contesta,Había denuncia
España,2021,2,0,Total,Total,Expareja,No contesta,No consta denuncia
España,2021,2,0,Total,Total,Expareja,No contesta,No había denuncia
España,2021,2,0,Total,Total,Expareja,Sí,Había denuncia
España,2021,2,0,Total,Total,Expareja,Sí,No consta denuncia
España,2021,2,0,Total,Total,Expareja,Sí,No había denuncia
España,2021,2,0,Total,Total,Pareja,No,Había denuncia
España,2021,2,0,Total,Total,Pareja,No,No consta denuncia
España,2021,2,1,Total,Total,Pareja,No,No había denuncia
España,2021,2,0,Total,Total,Pareja,No contesta,Había denuncia
España,2021,2,0,Total,Total,Pareja,No contesta,No consta denuncia
España,2021,2,0,Total,Total,Pareja,No contesta,No había denuncia
España,2021,2,0,Total,Total,Pareja,Sí,Había denuncia
España,2021,2,0,Total,Total,Pareja,Sí,No consta denuncia
España,2021,2,2,Total,Total,Pareja,Sí,No había denuncia
España,2021,7,1,Total,Total,Expareja,No,Había denuncia
España,2021,7,0,Total,Total,Expareja,No,No consta denuncia
España,2021,7,0,Total,Total,Expareja,No,No había denuncia
España,2021,7,0,Total,Total,Expareja,No contesta,Había denuncia
España,2021,7,0,Total,Total,Expareja,No contesta,No consta denuncia
España,2021,7,1,Total,Total,Expareja,No contesta,No había denuncia
España,2021,7,1,Total,Total,Expareja,Sí,Había denuncia
España,2021,7,0,Total,Total,Expareja,Sí,No consta denuncia
España,2021,7,0,Total,Total,Expareja,Sí,No había denuncia
España,2021,7,0,Total,Total,Pareja,No,Había denuncia
España,2021,7,0,Total,Total,Pareja,No,No consta denuncia
España,2021,7,0,Total,Total,Pareja,No,No había denuncia
España,2021,7,0,Total,Total,Pareja,No contesta,Había denuncia
España,2021,7,0,Total,Total,Pareja,No contesta,No consta denuncia
España,2021,7,0,Total,Total,Pareja,No contesta,No había denuncia
España,2021,7,0,Total,Total,Pareja,Sí,Había denuncia
España,2021,7,0,Total,Total,Pareja,Sí,No consta denuncia
España,2021,7,3,Total,Total,Pareja,Sí,No había denuncia
España,2021,6,2,Total,Total,Expareja,No,Había denuncia
España,2021,6,0,Total,Total,Expareja,No,No consta denuncia
España,2021,6,2,Total,Total,Expareja,No,No había denuncia
España,2021,6,0,Total,Total,Expareja,No contesta,Había denuncia
España,2021,6,0,Total,Total,Expareja,No contesta,No consta denuncia
España,2021,6,0,Total,Total,Expareja,No contesta,No había denuncia
España,2021,6,0,Total,Total,Expareja,Sí,Había denuncia
España,2021,6,0,Total,Total,Expareja,Sí,No consta denuncia
España,2021,6,0,Total,Total,Expareja,Sí,No había denuncia
España,2021,6,0,Total,Total,Pareja,No,Había denuncia
España,2021,6,0,Total,Total,Pareja,No,No consta denuncia
España,2021,6,0,Total,Total,Pareja,No,No había denuncia
España,2021,6,0,Total,Total,Pareja,No contesta,Había denuncia
España,2021,6,0,Total,Total,Pareja,No contesta,No consta denuncia
España,2021,6,2,Total,Total,Pareja,No contesta,No había denuncia
España,2021,6,0,Total,Total,Pareja,Sí,Había denuncia
España,2021,6,0,Total,Total,Pareja,Sí,No consta denuncia
España,2021,6,4,Total,Total,Pareja,Sí,No había denuncia
España,2021,3,0,Total,Total,Expareja,No,Había denuncia
España,2021,3,0,Total,Total,Expareja,No,No consta denuncia
España,2021,3,1,Total,Total,Expareja,No,No había denuncia
España,2021,3,0,Total,Total,Expareja,No contesta,Había denuncia
España,2021,3,0,Total,Total,Expareja,No contesta,No consta denuncia
España,2021,3,0,Total,Total,Expareja,No contesta,No había denuncia
España,2021,3,0,Total,Total,Expareja,Sí,Había denuncia
España,2021,3,0,Total,Total,Expareja,Sí,No consta denuncia
España,2021,3,0,Total,Total,Expareja,Sí,No había denuncia
España,2021,3,0,Total,Total,Pareja,No,Había denuncia
España,2021,3,0,Total,Total,Pareja,No,No consta denuncia
España,2021,3,0,Total,Total,Pareja,No,No había denuncia
España,2021,3,0,Total,Total,Pareja,No contesta,Había denuncia
España,2021,3,0,Total,Total,Pareja,No contesta,No consta denuncia
España,2021,3,0,Total,Total,Pareja,No contesta,No había denuncia
España,2021,3,0,Total,Total,Pareja,Sí,Había denuncia
España,2021,3,0,Total,Total,Pareja,Sí,No consta denuncia
España,2021,3,1,Total,Total,Pareja,Sí,No había denuncia
España,2021,5,1,Total,Total,Expareja,No,Había denuncia
España,2021,5,0,Total,Total,Expareja,No,No consta denuncia
España,2021,5,0,Total,Total,Expareja,No,No había denuncia
España,2021,5,0,Total,Total,Expareja,No contesta,Había denuncia
España,2021,5,0,Total,Total,Expareja,No contesta,No consta denuncia
España,2021,5,0,Total,Total,Expareja,No contesta,No había denuncia
España,2021,5,1,Total,Total,Expareja,Sí,Había denuncia
España,2021,5,0,Total,Total,Expareja,Sí,No consta denuncia
España,2021,5,0,Total,Total,Expareja,Sí,No había denuncia
España,2021,5,0,Total,Total,Pareja,No,Había denuncia
España,2021,5,0,Total,Total,Pareja,No,No consta denuncia
España,2021,5,1,Total,Total,Pareja,No,No había denuncia
España,2021,5,1,Total,Total,Pareja,No contesta,Había denuncia
España,2021,5,0,Total,Total,Pareja,No contesta,No consta denuncia
España,2021,5,0,Total,Total,Pareja,No contesta,No había denuncia
España,2021,5,1,Total,Total,Pareja,Sí,Había denuncia
España,2021,5,0,Total,Total,Pareja,Sí,No consta denuncia
España,2021,5,2,Total,Total,Pareja,Sí,No había denuncia
España,2021,11,0,Total,Total,Expareja,No,Había denuncia
España,2021,11,0,Total,Total,Expareja,No,No consta denuncia
España,2021,11,0,Total,Total,Expareja,No,No había denuncia
España,2021,11,0,Total,Total,Expareja,No contesta,Había denuncia
España,2021,11,0,Total,Total,Expareja,No contesta,No consta denuncia
España,2021,11,0,Total,Total,Expareja,No contesta,No había denuncia
España,2021,11,0,Total,Total,Expareja,Sí,Había denuncia
España,2021,11,0,Total,Total,Expareja,Sí,No consta denuncia
España,2021,11,0,Total,Total,Expareja,Sí,No había denuncia
España,2021,11,0,Total,Total,Pareja,No,Había denuncia
España,2021,11,0,Total,Total,Pareja,No,No consta denuncia
España,2021,11,0,Total,Total,Pareja,No,No había denuncia
España,2021,11,0,Total,Total,Pareja,No contesta,Había denuncia
España,2021,11,0,Total,Total,Pareja,No contesta,No consta denuncia
España,2021,11,0,Total,Total,Pareja,No contesta,No había denuncia
España,2021,11,0,Total,Total,Pareja,Sí,Había denuncia
España,2021,11,0,Total,Total,Pareja,Sí,No consta denuncia
España,2021,11,1,Total,Total,Pareja,Sí,No había denuncia
España,2021,10,0,Total,Total,Expareja,No,Había denuncia
España,2021,10,0,Total,Total,Expareja,No,No consta denuncia
España,2021,10,0,Total,Total,Expareja,No,No había denuncia
España,2021,10,0,Total,Total,Expareja,No contesta,Había denuncia
España,2021,10,0,Total,Total,Expareja,No contesta,No consta denuncia
España,2021,10,0,Total,Total,Expareja,No contesta,No había denuncia
España,2021,10,0,Total,Total,Expareja,Sí,Había denuncia
España,2021,10,0,Total,Total,Expareja,Sí,No consta denuncia
España,2021,10,0,Total,Total,Expareja,Sí,No había denuncia
España,2021,10,0,Total,Total,Pareja,No,Había denuncia
España,2021,10,0,Total,Total,Pareja,No,No consta denuncia
España,2021,10,0,Total,Total,Pareja,No,No había denuncia
España,2021,10,0,Total,Total,Pareja,No contesta,Había denuncia
España,2021,10,0,Total,Total,Pareja,No contesta,No consta denuncia
España,2021,10,0,Total,Total,Pareja,No contesta,No había denuncia
España,2021,10,0,Total,Total,Pareja,Sí,Había denuncia
España,2021,10,0,Total,Total,Pareja,Sí,No consta denuncia
España,2021,10,2,Total,Total,Pareja,Sí,No había denuncia
España,2021,9,0,Total,Total,Expareja,No,Había denuncia
España,2021,9,0,Total,Total,Expareja,No,No consta denuncia
España,2021,9,0,Total,Total,Expareja,No,No había denuncia
España,2021,9,0,Total,Total,Expareja,No contesta,Había denuncia
España,2021,9,0,Total,Total,Expareja,No contesta,No consta denuncia
España,2021,9,0,Total,Total,Expareja,No contesta,No había denuncia
España,2021,9,0,Total,Total,Expareja,Sí,Había denuncia
España,2021,9,0,Total,Total,Expareja,Sí,No consta denuncia
España,2021,9,0,Total,Total,Expareja,Sí,No había denuncia
España,2021,9,0,Total,Total,Pareja,No,Había denuncia
España,2021,9,0,Total,Total,Pareja,No,No consta denuncia
España,2021,9,0,Total,Total,Pareja,No,No había denuncia
España,2021,9,0,Total,Total,Pareja,No contesta,Había denuncia
España,2021,9,0,Total,Total,Pareja,No contesta,No consta denuncia
España,2021,9,0,Total,Total,Pareja,No contesta,No había denuncia
España,2021,9,0,Total,Total,Pareja,Sí,Había denuncia
España,2021,9,0,Total,Total,Pareja,Sí,No consta denuncia
España,2021,9,2,Total,Total,Pareja,Sí,No había denuncia
España,2022,4,1,Total,Total,Expareja,No,Había denuncia
España,2022,4,0,Total,Total,Expareja,No,No consta denuncia
España,2022,4,0,Total,Total,Expareja,No,No había denuncia
España,2022,4,0,Total,Total,Expareja,No contesta,Había denuncia
España,2022,4,0,Total,Total,Expareja,No contesta,No consta denuncia
España,2022,4,0,Total,Total,Expareja,No contesta,No había denuncia
España,2022,4,1,Total,Total,Expareja,Sí,Había denuncia
España,2022,4,0,Total,Total,Expareja,Sí,No consta denuncia
España,2022,4,1,Total,Total,Expareja,Sí,No había denuncia
España,2022,4,0,Total,Total,Pareja,No,Había denuncia
España,2022,4,0,Total,Total,Pareja,No,No consta denuncia
España,2022,4,0,Total,Total,Pareja,No,No había denuncia
España,2022,4,0,Total,Total,Pareja,No contesta,Había denuncia
España,2022,4,0,Total,Total,Pareja,No contesta,No consta denuncia
España,2022,4,1,Total,Total,Pareja,No contesta,No había denuncia
España,2022,4,0,Total,Total,Pareja,Sí,Había denuncia
España,2022,4,0,Total,Total,Pareja,Sí,No consta denuncia
España,2022,4,1,Total,Total,Pareja,Sí,No había denuncia
España,2022,8,0,Total,Total,Expareja,No,Había denuncia
España,2022,8,0,Total,Total,Expareja,No,No consta denuncia
España,2022,8,0,Total,Total,Expareja,No,No había denuncia
España,2022,8,0,Total,Total,Expareja,No contesta,Había denuncia
España,2022,8,0,Total,Total,Expareja,No contesta,No consta denuncia
España,2022,8,0,Total,Total,Expareja,No contesta,No había denuncia
España,2022,8,0,Total,Total,Expareja,Sí,Había denuncia
España,2022,8,0,Total,Total,Expareja,Sí,No consta denuncia
España,2022,8,0,Total,Total,Expareja,Sí,No había denuncia
España,2022,8,0,Total,Total,Pareja,No,Había denuncia
España,2022,8,0,Total,Total,Pareja,No,No consta denuncia
España,2022,8,0,Total,Total,Pareja,No,No había denuncia
España,2022,8,0,Total,Total,Pareja,No contesta,Había denuncia
España,2022,8,0,Total,Total,Pareja,No contesta,No consta denuncia
España,2022,8,0,Total,Total,Pareja,No contesta,No había denuncia
España,2022,8,2,Total,Total,Pareja,Sí,Había denuncia
España,2022,8,0,Total,Total,Pareja,Sí,No consta denuncia
España,2022,8,1,Total,Total,Pareja,Sí,No había denuncia
España,2022,12,1,Total,Total,Expareja,No,Había denuncia
España,2022,12,0,Total,Total,Expareja,No,No consta denuncia
España,2022,12,0,Total,Total,Expareja,No,No había denuncia
España,2022,12,0,Total,Total,Expareja,No contesta,Había denuncia
España,2022,12,0,Total,Total,Expareja,No contesta,No consta denuncia
España,2022,12,0,Total,Total,Expareja,No contesta,No había denuncia
España,2022,12,0,Total,Total,Expareja,Sí,Había denuncia
España,2022,12,0,Total,Total,Expareja,Sí,No consta denuncia
España,2022,12,0,Total,Total,Expareja,Sí,No había denuncia
España,2022,12,1,Total,Total,Pareja,No,Había denuncia
España,2022,12,0,Total,Total,Pareja,No,No consta denuncia
España,2022,12,0,Total,Total,Pareja,No,No había denuncia
España,2022,12,0,Total,Total,Pareja,No contesta,Había denuncia
España,2022,12,0,Total,Total,Pareja,No contesta,No consta denuncia
España,2022,12,1,Total,Total,Pareja,No contesta,No había denuncia
España,2022,12,4,Total,Total,Pareja,Sí,Había denuncia
España,2022,12,0,Total,Total,Pareja,Sí,No consta denuncia
España,2022,12,3,Total,Total,Pareja,Sí,No había denuncia
España,2022,1,0,Total,Total,Expareja,No,Había denuncia
España,2022,1,0,Total,Total,Expareja,No,No consta denuncia
España,2022,1,0,Total,Total,Expareja,No,No había denuncia
España,2022,1,0,Total,Total,Expareja,No contesta,Había denuncia
España,2022,1,0,Total,Total,Expareja,No contesta,No consta denuncia
España,2022,1,0,Total,Total,Expareja,No contesta,No había denuncia
España,2022,1,0,Total,Total,Expareja,Sí,Había denuncia
España,2022,1,0,Total,Total,Expareja,Sí,No consta denuncia
España,2022,1,0,Total,Total,Expareja,Sí,No había denuncia
España,2022,1,0,Total,Total,Pareja,No,Había denuncia
España,2022,1,0,Total,Total,Pareja,No,No consta denuncia
España,2022,1,0,Total,Total,Pareja,No,No había denuncia
España,2022,1,0,Total,Total,Pareja,No contesta,Había denuncia
España,2022,1,0,Total,Total,Pareja,No contesta,No consta denuncia
España,2022,1,0,Total,Total,Pareja,No contesta,No había denuncia
España,2022,1,0,Total,Total,Pareja,Sí,Había denuncia
España,2022,1,0,Total,Total,Pareja,Sí,No consta denuncia
España,2022,1,2,Total,Total,Pareja,Sí,No había denuncia
España,2022,2,0,Total,Total,Expareja,No,Había denuncia
España,2022,2,0,Total,Total,Expareja,No,No consta denuncia
España,2022,2,1,Total,Total,Expareja,No,No había denuncia
España,2022,2,0,Total,Total,Expareja,No contesta,Había denuncia
España,2022,2,0,Total,Total,Expareja,No contesta,No consta denuncia
España,2022,2,0,Total,Total,Expareja,No contesta,No había denuncia
España,2022,2,0,Total,Total,Expareja,Sí,Había denuncia
España,2022,2,0,Total,Total,Expareja,Sí,No consta denuncia
España,2022,2,0,Total,Total,Expareja,Sí,No había denuncia
España,2022,2,0,Total,Total,Pareja,No,Había denuncia
España,2022,2,0,Total,Total,Pareja,No,No consta denuncia
España,2022,2,0,Total,Total,Pareja,No,No había denuncia
España,2022,2,0,Total,Total,Pareja,No contesta,Había denuncia
España,2022,2,0,Total,Total,Pareja,No contesta,No consta denuncia
España,2022,2,0,Total,Total,Pareja,No contesta,No había denuncia
España,2022,2,0,Total,Total,Pareja,Sí,Había denuncia
España,2022,2,0,Total,Total,Pareja,Sí,No consta denuncia
España,2022,2,1,Total,Total,Pareja,Sí,No había denuncia
España,2022,7,0,Total,Total,Expareja,No,Había denuncia
España,2022,7,0,Total,Total,Expareja,No,No consta denuncia
España,2022,7,2,Total,Total,Expareja,No,No había denuncia
España,2022,7,0,Total,Total,Expareja,No contesta,Había denuncia
España,2022,7,0,Total,Total,Expareja,No contesta,No consta denuncia
España,2022,7,0,Total,Total,Expareja,No contesta,No había denuncia
España,2022,7,0,Total,Total,Expareja,Sí,Había denuncia
España,2022,7,0,Total,Total,Expareja,Sí,No consta denuncia
España,2022,7,0,Total,Total,Expareja,Sí,No había denuncia
España,2022,7,0,Total,Total,Pareja,No,Había denuncia
España,2022,7,0,Total,Total,Pareja,No,No consta denuncia
España,2022,7,0,Total,Total,Pareja,No,No había denuncia
España,2022,7,0,Total,Total,Pareja,No contesta,Había denuncia
España,2022,7,0,Total,Total,Pareja,No contesta,No consta denuncia
España,2022,7,0,Total,Total,Pareja,No contesta,No había denuncia
España,2022,7,0,Total,Total,Pareja,Sí,Había denuncia
España,2022,7,0,Total,Total,Pareja,Sí,No consta denuncia
España,2022,7,2,Total,Total,Pareja,Sí,No había denuncia
España,2022,6,0,Total,Total,Expareja,No,Había denuncia
España,2022,6,0,Total,Total,Expareja,No,No consta denuncia
España,2022,6,0,Total,Total,Expareja,No,No había denuncia
España,2022,6,0,Total,Total,Expareja,No contesta,Había denuncia
España,2022,6,0,Total,Total,Expareja,No contesta,No consta denuncia
España,2022,6,0,Total,Total,Expareja,No contesta,No había denuncia
España,2022,6,0,Total,Total,Expareja,Sí,Había denuncia
España,2022,6,0,Total,Total,Expareja,Sí,No consta denuncia
España,2022,6,0,Total,Total,Expareja,Sí,No había denuncia
España,2022,6,0,Total,Total,Pareja,No,Había denuncia
España,2022,6,0,Total,Total,Pareja,No,No consta denuncia
España,2022,6,0,Total,Total,Pareja,No,No había denuncia
España,2022,6,0,Total,Total,Pareja,No contesta,Había denuncia
España,2022,6,0,Total,Total,Pareja,No contesta,No consta denuncia
España,2022,6,0,Total,Total,Pareja,No contesta,No había denuncia
España,2022,6,2,Total,Total,Pareja,Sí,Había denuncia
España,2022,6,0,Total,Total,Pareja,Sí,No consta denuncia
España,2022,6,2,Total,Total,Pareja,Sí,No había denuncia
España,2022,3,1,Total,Total,Expareja,No,Había denuncia
España,2022,3,0,Total,Total,Expareja,No,No consta denuncia
España,2022,3,1,Total,Total,Expareja,No,No había denuncia
España,2022,3,0,Total,Total,Expareja,No contesta,Había denuncia
España,2022,3,0,Total,Total,Expareja,No contesta,No consta denuncia
España,2022,3,0,Total,Total,Expareja,No contesta,No había denuncia
España,2022,3,0,Total,Total,Expareja,Sí,Había denuncia
España,2022,3,0,Total,Total,Expareja,Sí,No consta denuncia
España,2022,3,0,Total,Total,Expareja,Sí,No había denuncia
España,2022,3,1,Total,Total,Pareja,No,Había denuncia
España,2022,3,0,Total,Total,Pareja,No,No consta denuncia
España,2022,3,0,Total,Total,Pareja,No,No había denuncia
España,2022,3,0,Total,Total,Pareja,No contesta,Había denuncia
España,2022,3,0,Total,Total,Pareja,No contesta,No consta denuncia
España,2022,3,0,Total,Total,Pareja,No contesta,No había denuncia
España,2022,3,1,Total,Total,Pareja,Sí,Había denuncia
España,2022,3,0,Total,Total,Pareja,Sí,No consta denuncia
España,2022,3,1,Total,Total,Pareja,Sí,No había denuncia
España,2022,5,0,Total,Total,Expareja,No,Había denuncia
España,2022,5,0,Total,Total,Expareja,No,No consta denuncia
España,2022,5,1,Total,Total,Expareja,No,No había denuncia
España,2022,5,0,Total,Total,Expareja,No contesta,Había denuncia
España,2022,5,0,Total,Total,Expareja,No contesta,No consta denuncia
España,2022,5,0,Total,Total,Expareja,No contesta,No había denuncia
España,2022,5,0,Total,Total,Expareja,Sí,Había denuncia
España,2022,5,0,Total,Total,Expareja,Sí,No consta denuncia
España,2022,5,0,Total,Total,Expareja,Sí,No había denuncia
España,2022,5,0,Total,Total,Pareja,No,Había denuncia
España,2022,5,0,Total,Total,Pareja,No,No consta denuncia
España,2022,5,0,Total,Total,Pareja,No,No había denuncia
España,2022,5,0,Total,Total,Pareja,No contesta,Había denuncia
España,2022,5,0,Total,Total,Pareja,No contesta,No consta denuncia
España,2022,5,1,Total,Total,Pareja,No contesta,No había denuncia
España,2022,5,2,Total,Total,Pareja,Sí,Había denuncia
España,2022,5,0,Total,Total,Pareja,Sí,No consta denuncia
España,2022,5,2,Total,Total,Pareja,Sí,No había denuncia
España,2022,11,0,Total,Total,Expareja,No,Había denuncia
España,2022,11,0,Total,Total,Expareja,No,No consta denuncia
España,2022,11,0,Total,Total,Expareja,No,No había denuncia
España,2022,11,0,Total,Total,Expareja,No contesta,Había denuncia
España,2022,11,0,Total,Total,Expareja,No contesta,No consta denuncia
España,2022,11,0,Total,Total,Expareja,No contesta,No había denuncia
España,2022,11,0,Total,Total,Expareja,Sí,Había denuncia
España,2022,11,0,Total,Total,Expareja,Sí,No consta denuncia
España,2022,11,0,Total,Total,Expareja,Sí,No había denuncia
España,2022,11,0,Total,Total,Pareja,No,Había denuncia
España,2022,11,0,Total,Total,Pareja,No,No consta denuncia
España,2022,11,0,Total,Total,Pareja,No,No había denuncia
España,2022,11,0,Total,Total,Pareja,No contesta,Había denuncia
España,2022,11,0,Total,Total,Pareja,No contesta,No consta denuncia
España,2022,11,0,Total,Total,Pareja,No contesta,No había denuncia
España,2022,11,2,Total,Total,Pareja,Sí,Había denuncia
España,2022,11,0,Total,Total,Pareja,Sí,No consta denuncia
España,2022,11,1,Total,Total,Pareja,Sí,No había denuncia
España,2022,10,0,Total,Total,Expareja,No,Había denuncia
España,2022,10,0,Total,Total,Expareja,No,No consta denuncia
España,2022,10,0,Total,Total,Expareja,No,No había denuncia
España,2022,10,0,Total,Total,Expareja,No contesta,Había denuncia
España,2022,10,0,Total,Total,Expareja,No contesta,No consta denuncia
España,2022,10,0,Total,Total,Expareja,No contesta,No había denuncia
España,2022,10,0,Total,Total,Expareja,Sí,Había denuncia
España,2022,10,0,Total,Total,Expareja,Sí,No consta denuncia
España,2022,10,0,Total,Total,Expareja,Sí,No había denuncia
España,2022,10,0,Total,Total,Pareja,No,Había denuncia
España,2022,10,0,Total,Total,Pareja,No,No consta denuncia
España,2022,10,0,Total,Total,Pareja,No,No había denuncia
España,2022,10,0,Total,Total,Pareja,No contesta,Había denuncia
España,2022,10,0,Total,Total,Pareja,No contesta,No consta denuncia
España,2022,10,0,Total,Total,Pareja,No contesta,No había denuncia
España,2022,10,0,Total,Total,Pareja,Sí,Había denuncia
España,2022,10,0,Total,Total,Pareja,Sí,No consta denuncia
España,2022,10,1,Total,Total,Pareja,Sí,No había denuncia
España,2022,9,0,Total,Total,Expareja,No,Había denuncia
España,2022,9,0,Total,Total,Expareja,No,No consta denuncia
España,2022,9,0,Total,Total,Expareja,No,No había denuncia
España,2022,9,0,Total,Total,Expareja,No contesta,Había denuncia
España,2022,9,0,Total,Total,Expareja,No contesta,No consta denuncia
España,2022,9,0,Total,Total,Expareja,No contesta,No había denuncia
España,2022,9,0,Total,Total,Expareja,Sí,Había denuncia
España,2022,9,0,Total,Total,Expareja,Sí,No consta denuncia
España,2022,9,0,Total,Total,Expareja,Sí,No había denuncia
España,2022,9,1,Total,Total,Pareja,No,Había denuncia
España,2022,9,0,Total,Total,Pareja,No,No consta denuncia
España,2022,9,0,Total,Total,Pareja,No,No había denuncia
España,2022,9,0,Total,Total,Pareja,No contesta,Había denuncia
España,2022,9,0,Total,Total,Pareja,No contesta,No consta denuncia
España,2022,9,1,Total,Total,Pareja,No contesta,No había denuncia
España,2022,9,1,Total,Total,Pareja,Sí,Había denuncia
España,2022,9,0,Total,Total,Pareja,Sí,No consta denuncia
España,2022,9,2,Total,Total,Pareja,Sí,No había denuncia
España,2023,4,0,Total,Total,Expareja,No,Había denuncia
España,2023,4,0,Total,Total,Expareja,No,No consta denuncia
España,2023,4,1,Total,Total,Expareja,No,No había denuncia
España,2023,4,0,Total,Total,Expareja,No contesta,Había denuncia
España,2023,4,0,Total,Total,Expareja,No contesta,No consta denuncia
España,2023,4,0,Total,Total,Expareja,No contesta,No había denuncia
España,2023,4,0,Total,Total,Expareja,Sí,Había denuncia
España,2023,4,0,Total,Total,Expareja,Sí,No consta denuncia
España,2023,4,0,Total,Total,Expareja,Sí,No había denuncia
España,2023,4,0,Total,Total,Pareja,No,Había denuncia
España,2023,4,0,Total,Total,Pareja,No,No consta denuncia
España,2023,4,0,Total,Total,Pareja,No,No había denuncia
España,2023,4,0,Total,Total,Pareja,No contesta,Había denuncia
España,2023,4,0,Total,Total,Pareja,No contesta,No consta denuncia
España,2023,4,0,Total,Total,Pareja,No contesta,No había denuncia
España,2023,4,0,Total,Total,Pareja,Sí,Había denuncia
España,2023,4,0,Total,Total,Pareja,Sí,No consta denuncia
España,2023,4,2,Total,Total,Pareja,Sí,No había denuncia
España,2023,8,0,Total,Total,Expareja,No,Había denuncia
España,2023,8,0,Total,Total,Expareja,No,No consta denuncia
España,2023,8,1,Total,Total,Expareja,No,No había denuncia
España,2023,8,0,Total,Total,Expareja,No contesta,Había denuncia
España,2023,8,0,Total,Total,Expareja,No contesta,No consta denuncia
España,2023,8,0,Total,Total,Expareja,No contesta,No había denuncia
España,2023,8,0,Total,Total,Expareja,Sí,Había denuncia
España,2023,8,0,Total,Total,Expareja,Sí,No consta denuncia
España,2023,8,0,Total,Total,Expareja,Sí,No había denuncia
España,2023,8,0,Total,Total,Pareja,No,Había denuncia
España,2023,8,0,Total,Total,Pareja,No,No consta denuncia
España,2023,8,0,Total,Total,Pareja,No,No había denuncia
España,2023,8,0,Total,Total,Pareja,No contesta,Había denuncia
España,2023,8,0,Total,Total,Pareja,No contesta,No consta denuncia
España,2023,8,0,Total,Total,Pareja,No contesta,No había denuncia
España,2023,8,1,Total,Total,Pareja,Sí,Había denuncia
España,2023,8,0,Total,Total,Pareja,Sí,No consta denuncia
España,2023,8,6,Total,Total,Pareja,Sí,No había denuncia
España,2023,12,0,Total,Total,Expareja,No,Había denuncia
España,2023,12,0,Total,Total,Expareja,No,No consta denuncia
España,2023,12,0,Total,Total,Expareja,No,No había denuncia
España,2023,12,1,Total,Total,Expareja,No contesta,Había denuncia
España,2023,12,0,Total,Total,Expareja,No contesta,No consta denuncia
España,2023,12,0,Total,Total,Expareja,No contesta,No había denuncia
España,2023,12,0,Total,Total,Expareja,Sí,Había denuncia
España,2023,12,0,Total,Total,Expareja,Sí,No consta denuncia
España,2023,12,0,Total,Total,Expareja,Sí,No había denuncia
España,2023,12,0,Total,Total,Pareja,No,Había denuncia
España,2023,12,0,Total,Total,Pareja,No,No consta denuncia
España,2023,12,0,Total,Total,Pareja,No,No había denuncia
España,2023,12,0,Total,Total,Pareja,No contesta,Había denuncia
España,2023,12,0,Total,Total,Pareja,No contesta,No consta denuncia
España,2023,12,0,Total,Total,Pareja,No contesta,No había denuncia
España,2023,12,0,Total,Total,Pareja,Sí,Había denuncia
España,2023,12,0,Total,Total,Pareja,Sí,No consta denuncia
España,2023,12,1,Total,Total,Pareja,Sí,No había denuncia
España,2023,1,2,Total,Total,Expareja,No,Había denuncia
España,2023,1,0,Total,Total,Expareja,No,No consta denuncia
España,2023,1,0,Total,Total,Expareja,No,No había denuncia
España,2023,1,0,Total,Total,Expareja,No contesta,Había denuncia
España,2023,1,0,Total,Total,Expareja,No contesta,No consta denuncia
España,2023,1,0,Total,Total,Expareja,No contesta,No había denuncia
España,2023,1,0,Total,Total,Expareja,Sí,Había denuncia
España,2023,1,0,Total,Total,Expareja,Sí,No consta denuncia
España,2023,1,0,Total,Total,Expareja,Sí,No había denuncia
España,2023,1,0,Total,Total,Pareja,No,Había denuncia
España,2023,1,0,Total,Total,Pareja,No,No consta denuncia
España,2023,1,0,Total,Total,Pareja,No,No había denuncia
España,2023,1,0,Total,Total,Pareja,No contesta,Había denuncia
España,2023,1,0,Total,Total,Pareja,No contesta,No consta denuncia
España,2023,1,1,Total,Total,Pareja,No contesta,No había denuncia
España,2023,1,0,Total,Total,Pareja,Sí,Había denuncia
España,2023,1,0,Total,Total,Pareja,Sí,No consta denuncia
España,2023,1,4,Total,Total,Pareja,Sí,No había denuncia
España,2023,2,0,Total,Total,Expareja,No,Había denuncia
España,2023,2,0,Total,Total,Expareja,No,No consta denuncia
España,2023,2,1,Total,Total,Expareja,No,No había denuncia
España,2023,2,0,Total,Total,Expareja,No contesta,Había denuncia
España,2023,2,0,Total,Total,Expareja,No contesta,No consta denuncia
España,2023,2,0,Total,Total,Expareja,No contesta,No había denuncia
España,2023,2,0,Total,Total,Expareja,Sí,Había denuncia
España,2023,2,0,Total,Total,Expareja,Sí,No consta denuncia
España,2023,2,0,Total,Total,Expareja,Sí,No había denuncia
España,2023,2,0,Total,Total,Pareja,No,Había denuncia
España,2023,2,0,Total,Total,Pareja,No,No consta denuncia
España,2023,2,0,Total,Total,Pareja,No,No había denuncia
España,2023,2,0,Total,Total,Pareja,No contesta,Había denuncia
España,2023,2,0,Total,Total,Pareja,No contesta,No consta denuncia
España,2023,2,0,Total,Total,Pareja,No contesta,No había denuncia
España,2023,2,0,Total,Total,Pareja,Sí,Había denuncia
España,2023,2,0,Total,Total,Pareja,Sí,No consta denuncia
España,2023,2,2,Total,Total,Pareja,Sí,No había denuncia
España,2023,7,0,Total,Total,Expareja,No,Había denuncia
España,2023,7,0,Total,Total,Expareja,No,No consta denuncia
España,2023,7,2,Total,Total,Expareja,No,No había denuncia
España,2023,7,0,Total,Total,Expareja,No contesta,Había denuncia
España,2023,7,0,Total,Total,Expareja,No contesta,No consta denuncia
España,2023,7,0,Total,Total,Expareja,No contesta,No había denuncia
España,2023,7,0,Total,Total,Expareja,Sí,Había denuncia
España,2023,7,0,Total,Total,Expareja,Sí,No consta denuncia
España,2023,7,0,Total,Total,Expareja,Sí,No había denuncia
España,2023,7,0,Total,Total,Pareja,No,Había denuncia
España,2023,7,0,Total,Total,Pareja,No,No consta denuncia
España,2023,7,0,Total,Total,Pareja,No,No había denuncia
España,2023,7,0,Total,Total,Pareja,No contesta,Había denuncia
España,2023,7,0,Total,Total,Pareja,No contesta,No consta denuncia
España,2023,7,1,Total,Total,Pareja,No contesta,No había denuncia
España,2023,7,0,Total,Total,Pareja,Sí,Había denuncia
España,2023,7,0,Total,Total,Pareja,Sí,No consta denuncia
España,2023,7,4,Total,Total,Pareja,Sí,No había denuncia
España,2023,6,1,Total,Total,Expareja,No,Había denuncia
España,2023,6,0,Total,Total,Expareja,No,No consta denuncia
España,2023,6,0,Total,Total,Expareja,No,No había denuncia
España,2023,6,0,Total,Total,Expareja,No contesta,Había denuncia
España,2023,6,0,Total,Total,Expareja,No contesta,No consta denuncia
España,2023,6,0,Total,Total,Expareja,No contesta,No había denuncia
España,2023,6,0,Total,Total,Expareja,Sí,Había denuncia
España,2023,6,0,Total,Total,Expareja,Sí,No consta denuncia
España,2023,6,0,Total,Total,Expareja,Sí,No había denuncia
España,2023,6,0,Total,Total,Pareja,No,Había denuncia
España,2023,6,0,Total,Total,Pareja,No,No consta denuncia
España,2023,6,0,Total,Total,Pareja,No,No había denuncia
España,2023,6,0,Total,Total,Pareja,No contesta,Había denuncia
España,2023,6,0,Total,Total,Pareja,No contesta,No consta denuncia
España,2023,6,0,Total,Total,Pareja,No contesta,No había denuncia
España,2023,6,1,Total,Total,Pareja,Sí,Había denuncia
España,2023,6,0,Total,Total,Pareja,Sí,No consta denuncia
España,2023,6,3,Total,Total,Pareja,Sí,No había denuncia
España,2023,3,1,Total,Total,Expareja,No,Había denuncia
España,2023,3,0,Total,Total,Expareja,No,No consta denuncia
España,2023,3,0,Total,Total,Expareja,No,No había denuncia
España,2023,3,0,Total,Total,Expareja,No contesta,Había denuncia
España,2023,3,0,Total,Total,Expareja,No contesta,No consta denuncia
España,2023,3,0,Total,Total,Expareja,No contesta,No había denuncia
España,2023,3,0,Total,Total,Expareja,Sí,Había denuncia
España,2023,3,0,Total,Total,Expareja,Sí,No consta denuncia
España,2023,3,0,Total,Total,Expareja,Sí,No había denuncia
España,2023,3,0,Total,Total,Pareja,No,Había denuncia
España,2023,3,0,Total,Total,Pareja,No,No consta denuncia
España,2023,3,0,Total,Total,Pareja,No,No había denuncia
España,2023,3,0,Total,Total,Pareja,No contesta,Había denuncia
España,2023,3,0,Total,Total,Pareja,No contesta,No consta denuncia
España,2023,3,0,Total,Total,Pareja,No contesta,No había denuncia
España,2023,3,1,Total,Total,Pareja,Sí,Había denuncia
España,2023,3,0,Total,Total,Pareja,Sí,No consta denuncia
España,2023,3,0,Total,Total,Pareja,Sí,No había denuncia
España,2023,5,0,Total,Total,Expareja,No,Había denuncia
España,2023,5,0,Total,Total,Expareja,No,No consta denuncia
España,2023,5,1,Total,Total,Expareja,No,No había denuncia
España,2023,5,0,Total,Total,Expareja,No contesta,Había denuncia
España,2023,5,0,Total,Total,Expareja,No contesta,No consta denuncia
España,2023,5,0,Total,Total,Expareja,No contesta,No había denuncia
España,2023,5,0,Total,Total,Expareja,Sí,Había denuncia
España,2023,5,0,Total,Total,Expareja,Sí,No consta denuncia
España,2023,5,0,Total,Total,Expareja,Sí,No había denuncia
España,2023,5,1,Total,Total,Pareja,No,Había denuncia
España,2023,5,0,Total,Total,Pareja,No,No consta denuncia
España,2023,5,0,Total,Total,Pareja,No,No había denuncia
España,2023,5,0,Total,Total,Pareja,No contesta,Había denuncia
España,2023,5,0,Total,Total,Pareja,No contesta,No consta denuncia
España,2023,5,0,Total,Total,Pareja,No contesta,No había denuncia
España,2023,5,0,Total,Total,Pareja,Sí,Había denuncia
España,2023,5,0,Total,Total,Pareja,Sí,No consta denuncia
España,2023,5,4,Total,Total,Pareja,Sí,No había denuncia
España,2023,11,1,Total,Total,Expareja,No,Había denuncia
España,2023,11,0,Total,Total,Expareja,No,No consta denuncia
España,2023,11,0,Total,Total,Expareja,No,No había denuncia
España,2023,11,0,Total,Total,Expareja,No contesta,Había denuncia
España,2023,11,0,Total,Total,Expareja,No contesta,No consta denuncia
España,2023,11,0,Total,Total,Expareja,No contesta,No había denuncia
España,2023,11,0,Total,Total,Expareja,Sí,Había denuncia
España,2023,11,0,Total,Total,Expareja,Sí,No consta denuncia
España,2023,11,0,Total,Total,Expareja,Sí,No había denuncia
España,2023,11,1,Total,Total,Pareja,No,Había denuncia
España,2023,11,0,Total,Total,Pareja,No,No consta denuncia
España,2023,11,0,Total,Total,Pareja,No,No había denuncia
España,2023,11,0,Total,Total,Pareja,No contesta,Había denuncia
España,2023,11,0,Total,Total,Pareja,No contesta,No consta denuncia
España,2023,11,0,Total,Total,Pareja,No contesta,No había denuncia
España,2023,11,1,Total,Total,Pareja,Sí,Había denuncia
España,2023,11,0,Total,Total,Pareja,Sí,No consta denuncia
España,2023,11,1,Total,Total,Pareja,Sí,No había denuncia
España,2023,10,0,Total,Total,Expareja,No,Había denuncia
España,2023,10,0,Total,Total,Expareja,No,No consta denuncia
España,2023,10,0,Total,Total,Expareja,No,No había denuncia
España,2023,10,0,Total,Total,Expareja,No contesta,Había denuncia
España,2023,10,0,Total,Total,Expareja,No contesta,No consta denuncia
España,2023,10,0,Total,Total,Expareja,No contesta,No había denuncia
España,2023,10,0,Total,Total,Expareja,Sí,Había denuncia
España,2023,10,0,Total,Total,Expareja,Sí,No consta denuncia
España,2023,10,0,Total,Total,Expareja,Sí,No había denuncia
España,2023,10,0,Total,Total,Pareja,No,Había denuncia
España,2023,10,0,Total,Total,Pareja,No,No consta denuncia
España,2023,10,0,Total,Total,Pareja,No,No había denuncia
España,2023,10,0,Total,Total,Pareja,No contesta,Había denuncia
España,2023,10,0,Total,Total,Pareja,No contesta,No consta denuncia
España,2023,10,0,Total,Total,Pareja,No contesta,No había denuncia
España,2023,10,0,Total,Total,Pareja,Sí,Había denuncia
España,2023,10,0,Total,Total,Pareja,Sí,No consta denuncia
España,2023,10,1,Total,Total,Pareja,Sí,No había denuncia
España,2023,9,2,Total,Total,Expareja,No,Había denuncia
España,2023,9,0,Total,Total,Expareja,No,No consta denuncia
España,2023,9,0,Total,Total,Expareja,No,No había denuncia
España,2023,9,0,Total,Total,Expareja,No contesta,Había denuncia
España,2023,9,0,Total,Total,Expareja,No contesta,No consta denuncia
España,2023,9,0,Total,Total,Expareja,No contesta,No había denuncia
España,2023,9,0,Total,Total,Expareja,Sí,Había denuncia
España,2023,9,0,Total,Total,Expareja,Sí,No consta denuncia
España,2023,9,0,Total,Total,Expareja,Sí,No había denuncia
España,2023,9,0,Total,Total,Pareja,No,Había denuncia
España,2023,9,0,Total,Total,Pareja,No,No consta denuncia
España,2023,9,0,Total,Total,Pareja,No,No había denuncia
España,2023,9,0,Total,Total,Pareja,No contesta,Había denuncia
España,2023,9,0,Total,Total,Pareja,No contesta,No consta denuncia
España,2023,9,1,Total,Total,Pareja,No contesta,No había denuncia
España,2023,9,1,Total,Total,Pareja,Sí,Había denuncia
España,2023,9,0,Total,Total,Pareja,Sí,No consta denuncia
España,2023,9,6,Total,Total,Pareja,Sí,No había denuncia
España,2024,4,1,Total,Total,Expareja,No,Había denuncia
España,2024,4,0,Total,Total,Expareja,No,No consta denuncia
España,2024,4,1,Total,Total,Expareja,No,No había denuncia
España,2024,4,0,Total,Total,Expareja,No contesta,Había denuncia
España,2024,4,0,Total,Total,Expareja,No contesta,No consta denuncia
España,2024,4,0,Total,Total,Expareja,No contesta,No había denuncia
España,2024,4,0,Total,Total,Expareja,Sí,Había denuncia
España,2024,4,0,Total,Total,Expareja,Sí,No consta denuncia
España,2024,4,0,Total,Total,Expareja,Sí,No había denuncia
España,2024,4,0,Total,Total,Pareja,No,Había denuncia
España,2024,4,0,Total,Total,Pareja,No,No consta denuncia
España,2024,4,0,Total,Total,Pareja,No,No había denuncia
España,2024,4,1,Total,Total,Pareja,No contesta,Había denuncia
España,2024,4,0,Total,Total,Pareja,No contesta,No consta denuncia
España,2024,4,0,Total,Total,Pareja,No contesta,No había denuncia
España,2024,4,0,Total,Total,Pareja,Sí,Había denuncia
España,2024,4,0,Total,Total,Pareja,Sí,No consta denuncia
España,2024,4,1,Total,Total,Pareja,Sí,No había denuncia
España,2024,8,0,Total,Total,Expareja,No,Había denuncia
España,2024,8,0,Total,Total,Expareja,No,No consta denuncia
España,2024,8,1,Total,Total,Expareja,No,No había denuncia
España,2024,8,0,Total,Total,Expareja,No contesta,Había denuncia
España,2024,8,0,Total,Total,Expareja,No contesta,No consta denuncia
España,2024,8,0,Total,Total,Expareja,No contesta,No había denuncia
España,2024,8,0,Total,Total,Expareja,Sí,Había denuncia
España,2024,8,0,Total,Total,Expareja,Sí,No consta denuncia
España,2024,8,1,Total,Total,Expareja,Sí,No había denuncia
España,2024,8,0,Total,Total,Pareja,No,Había denuncia
España,2024,8,0,Total,Total,Pareja,No,No consta denuncia
España,2024,8,0,Total,Total,Pareja,No,No había denuncia
España,2024,8,0,Total,Total,Pareja,No contesta,Había denuncia
España,2024,8,0,Total,Total,Pareja,No contesta,No consta denuncia
España,2024,8,0,Total,Total,Pareja,No contesta,No había denuncia
España,2024,8,0,Total,Total,Pareja,Sí,Había denuncia
España,2024,8,0,Total,Total,Pareja,Sí,No consta denuncia
España,2024,8,3,Total,Total,Pareja,Sí,No había denuncia
España,2024,12,1,Total,Total,Expareja,No,Había denuncia
España,2024,12,0,Total,Total,Expareja,No,No consta denuncia
España,2024,12,0,Total,Total,Expareja,No,No había denuncia
España,2024,12,0,Total,Total,Expareja,No contesta,Había denuncia
España,2024,12,0,Total,Total,Expareja,No contesta,No consta denuncia
España,2024,12,0,Total,Total,Expareja,No contesta,No había denuncia
España,2024,12,0,Total,Total,Expareja,Sí,Había denuncia
España,2024,12,0,Total,Total,Expareja,Sí,No consta denuncia
España,2024,12,0,Total,Total,Expareja,Sí,No había denuncia
España,2024,12,0,Total,Total,Pareja,No,Había denuncia
España,2024,12,0,Total,Total,Pareja,No,No consta denuncia
España,2024,12,0,Total,Total,Pareja,No,No había denuncia
España,2024,12,0,Total,Total,Pareja,No contesta,Había denuncia
España,2024,12,0,Total,Total,Pareja,No contesta,No consta denuncia
España,2024,12,0,Total,Total,Pareja,No contesta,No había denuncia
España,2024,12,2,Total,Total,Pareja,Sí,Había denuncia
España,2024,12,0,Total,Total,Pareja,Sí,No consta denuncia
España,2024,12,1,Total,Total,Pareja,Sí,No había denuncia
España,2024,1,0,Total,Total,Expareja,No,Había denuncia
España,2024,1,0,Total,Total,Expareja,No,No consta denuncia
España,2024,1,0,Total,Total,Expareja,No,No había denuncia
España,2024,1,0,Total,Total,Expareja,No contesta,Había denuncia
España,2024,1,0,Total,Total,Expareja,No contesta,No consta denuncia
España,2024,1,0,Total,Total,Expareja,No contesta,No había denuncia
España,2024,1,0,Total,Total,Expareja,Sí,Había denuncia
España,2024,1,0,Total,Total,Expareja,Sí,No consta denuncia
España,2024,1,0,Total,Total,Expareja,Sí,No había denuncia
España,2024,1,0,Total,Total,Pareja,No,Había denuncia
España,2024,1,0,Total,Total,Pareja,No,No consta denuncia
España,2024,1,1,Total,Total,Pareja,No,No había denuncia
España,2024,1,0,Total,Total,Pareja,No contesta,Había denuncia
España,2024,1,0,Total,Total,Pareja,No contesta,No consta denuncia
España,2024,1,0,Total,Total,Pareja,No contesta,No había denuncia
España,2024,1,0,Total,Total,Pareja,Sí,Había denuncia
España,2024,1,0,Total,Total,Pareja,Sí,No consta denuncia
España,2024,1,1,Total,Total,Pareja,Sí,No había denuncia
España,2024,2,0,Total,Total,Expareja,No,Había denuncia
España,2024,2,0,Total,Total,Expareja,No,No consta denuncia
España,2024,2,0,Total,Total,Expareja,No,No había denuncia
España,2024,2,0,Total,Total,Expareja,No contesta,Había denuncia
España,2024,2,0,Total,Total,Expareja,No contesta,No consta denuncia
España,2024,2,0,Total,Total,Expareja,No contesta,No había denuncia
España,2024,2,0,Total,Total,Expareja,Sí,Había denuncia
España,2024,2,0,Total,Total,Expareja,Sí,No consta denuncia
España,2024,2,0,Total,Total,Expareja,Sí,No había denuncia
España,2024,2,0,Total,Total,Pareja,No,Había denuncia
España,2024,2,0,Total,Total,Pareja,No,No consta denuncia
España,2024,2,0,Total,Total,Pareja,No,No había denuncia
España,2024,2,0,Total,Total,Pareja,No contesta,Había denuncia
España,2024,2,0,Total,Total,Pareja,No contesta,No consta denuncia
España,2024,2,0,Total,Total,Pareja,No contesta,No había denuncia
España,2024,2,1,Total,Total,Pareja,Sí,Había denuncia
España,2024,2,0,Total,Total,Pareja,Sí,No consta denuncia
España,2024,2,2,Total,Total,Pareja,Sí,No había denuncia
España,2024,7,0,Total,Total,Expareja,No,Había denuncia
España,2024,7,0,Total,Total,Expareja,No,No consta denuncia
España,2024,7,1,Total,Total,Expareja,No,No había denuncia
España,2024,7,0,Total,Total,Expareja,No contesta,Había denuncia
España,2024,7,0,Total,Total,Expareja,No contesta,No consta denuncia
España,2024,7,0,Total,Total,Expareja,No contesta,No había denuncia
España,2024,7,0,Total,Total,Expareja,Sí,Había denuncia
España,2024,7,0,Total,Total,Expareja,Sí,No consta denuncia
España,2024,7,0,Total,Total,Expareja,Sí,No había denuncia
España,2024,7,0,Total,Total,Pareja,No,Había denuncia
España,2024,7,0,Total,Total,Pareja,No,No consta denuncia
España,2024,7,0,Total,Total,Pareja,No,No había denuncia
España,2024,7,0,Total,Total,Pareja,No contesta,Había denuncia
España,2024,7,0,Total,Total,Pareja,No contesta,No consta denuncia
España,2024,7,0,Total,Total,Pareja,No contesta,No había denuncia
España,2024,7,3,Total,Total,Pareja,Sí,Había denuncia
España,2024,7,0,Total,Total,Pareja,Sí,No consta denuncia
España,2024,7,4,Total,Total,Pareja,Sí,No había denuncia
España,2024,6,0,Total,Total,Expareja,No,Había denuncia
España,2024,6,0,Total,Total,Expareja,No,No consta denuncia
España,2024,6,1,Total,Total,Expareja,No,No había denuncia
España,2024,6,0,Total,Total,Expareja,No contesta,Había denuncia
España,2024,6,0,Total,Total,Expareja,No contesta,No consta denuncia
España,2024,6,0,Total,Total,Expareja,No contesta,No había denuncia
España,2024,6,0,Total,Total,Expareja,Sí,Había denuncia
España,2024,6,0,Total,Total,Expareja,Sí,No consta denuncia
España,2024,6,0,Total,Total,Expareja,Sí,No había denuncia
España,2024,6,1,Total,Total,Pareja,No,Había denuncia
España,2024,6,0,Total,Total,Pareja,No,No consta denuncia
España,2024,6,0,Total,Total,Pareja,No,No había denuncia
España,2024,6,0,Total,Total,Pareja,No contesta,Había denuncia
España,2024,6,0,Total,Total,Pareja,No contesta,No consta denuncia
España,2024,6,1,Total,Total,Pareja,No contesta,No había denuncia
España,2024,6,0,Total,Total,Pareja,Sí,Había denuncia
España,2024,6,0,Total,Total,Pareja,Sí,No consta denuncia
España,2024,6,4,Total,Total,Pareja,Sí,No había denuncia
España,2024,3,0,Total,Total,Expareja,No,Había denuncia
España,2024,3,0,Total,Total,Expareja,No,No consta denuncia
España,2024,3,1,Total,Total,Expareja,No,No había denuncia
España,2024,3,0,Total,Total,Expareja,No contesta,Había denuncia
España,2024,3,0,Total,Total,Expareja,No contesta,No consta denuncia
España,2024,3,1,Total,Total,Expareja,No contesta,No había denuncia
España,2024,3,0,Total,Total,Expareja,Sí,Había denuncia
España,2024,3,0,Total,Total,Expareja,Sí,No consta denuncia
España,2024,3,0,Total,Total,Expareja,Sí,No había denuncia
España,2024,3,0,Total,Total,Pareja,No,Había denuncia
España,2024,3,0,Total,Total,Pareja,No,No consta denuncia
España,2024,3,0,Total,Total,Pareja,No,No había denuncia
España,2024,3,0,Total,Total,Pareja,No contesta,Había denuncia
España,2024,3,0,Total,Total,Pareja,No contesta,No consta denuncia
España,2024,3,0,Total,Total,Pareja,No contesta,No había denuncia
España,2024,3,0,Total,Total,Pareja,Sí,Había denuncia
España,2024,3,0,Total,Total,Pareja,Sí,No consta denuncia
España,2024,3,0,Total,Total,Pareja,Sí,No había denuncia
España,2024,5,0,Total,Total,Expareja,No,Había denuncia
España,2024,5,0,Total,Total,Expareja,No,No consta denuncia
España,2024,5,1,Total,Total,Expareja,No,No había denuncia
España,2024,5,0,Total,Total,Expareja,No contesta,Había denuncia
España,2024,5,0,Total,Total,Expareja,No contesta,No consta denuncia
España,2024,5,0,Total,Total,Expareja,No contesta,No había denuncia
España,2024,5,0,Total,Total,Expareja,Sí,Había denuncia
España,2024,5,0,Total,Total,Expareja,Sí,No consta denuncia
España,2024,5,0,Total,Total,Expareja,Sí,No había denuncia
España,2024,5,0,Total,Total,Pareja,No,Había denuncia
España,2024,5,0,Total,Total,Pareja,No,No consta denuncia
España,2024,5,0,Total,Total,Pareja,No,No había denuncia
España,2024,5,0,Total,Total,Pareja,No contesta,Había denuncia
España,2024,5,0,Total,Total,Pareja,No contesta,No consta denuncia
España,2024,5,0,Total,Total,Pareja,No contesta,No había denuncia
España,2024,5,0,Total,Total,Pareja,Sí,Había denuncia
España,2024,5,0,Total,Total,Pareja,Sí,No consta denuncia
España,2024,5,0,Total,Total,Pareja,Sí,No había denuncia
España,2024,11,1,Total,Total,Expareja,No,Había denuncia
España,2024,11,0,Total,Total,Expareja,No,No consta denuncia
España,2024,11,1,Total,Total,Expareja,No,No había denuncia
España,2024,11,0,Total,Total,Expareja,No contesta,Había denuncia
España,2024,11,0,Total,Total,Expareja,No contesta,No consta denuncia
España,2024,11,0,Total,Total,Expareja,No contesta,No había denuncia
España,2024,11,1,Total,Total,Expareja,Sí,Había denuncia
España,2024,11,0,Total,Total,Expareja,Sí,No consta denuncia
España,2024,11,0,Total,Total,Expareja,Sí,No había denuncia
España,2024,11,0,Total,Total,Pareja,No,Había denuncia
España,2024,11,0,Total,Total,Pareja,No,No consta denuncia
España,2024,11,0,Total,Total,Pareja,No,No había denuncia
España,2024,11,0,Total,Total,Pareja,No contesta,Había denuncia
España,2024,11,0,Total,Total,Pareja,No contesta,No consta denuncia
España,2024,11,0,Total,Total,Pareja,No contesta,No había denuncia
España,2024,11,0,Total,Total,Pareja,Sí,Había denuncia
España,2024,11,0,Total,Total,Pareja,Sí,No consta denuncia
España,2024,11,1,Total,Total,Pareja,Sí,No había denuncia
España,2024,10,2,Total,Total,Expareja,No,Había denuncia
España,2024,10,0,Total,Total,Expareja,No,No consta denuncia
España,2024,10,0,Total,Total,Expareja,No,No había denuncia
España,2024,10,0,Total,Total,Expareja,No contesta,Había denuncia
España,2024,10,0,Total,Total,Expareja,No contesta,No consta denuncia
España,2024,10,0,Total,Total,Expareja,No contesta,No había denuncia
España,2024,10,0,Total,Total,Expareja,Sí,Había denuncia
España,2024,10,0,Total,Total,Expareja,Sí,No consta denuncia
España,2024,10,0,Total,Total,Expareja,Sí,No había denuncia
España,2024,10,0,Total,Total,Pareja,No,Había denuncia
España,2024,10,0,Total,Total,Pareja,No,No consta denuncia
España,2024,10,0,Total,Total,Pareja,No,No había denuncia
España,2024,10,0,Total,Total,Pareja,No contesta,Había denuncia
España,2024,10,0,Total,Total,Pareja,No contesta,No consta denuncia
España,2024,10,1,Total,Total,Pareja,No contesta,No había denuncia
España,2024,10,1,Total,Total,Pareja,Sí,Había denuncia
España,2024,10,0,Total,Total,Pareja,Sí,No consta denuncia
España,2024,10,1,Total,Total,Pareja,Sí,No había denuncia
España,2024,9,0,Total,Total,Expareja,No,Había denuncia
España,2024,9,0,Total,Total,Expareja,No,No consta denuncia
España,2024,9,0,Total,Total,Expareja,No,No había denuncia
España,2024,9,0,Total,Total,Expareja,No contesta,Había denuncia
España,2024,9,0,Total,Total,Expareja,No contesta,No consta denuncia
España,2024,9,0,Total,Total,Expareja,No contesta,No había denuncia
España,2024,9,0,Total,Total,Expareja,Sí,Había denuncia
España,2024,9,0,Total,Total,Expareja,Sí,No consta denuncia
España,2024,9,0,Total,Total,Expareja,Sí,No había denuncia
España,2024,9,0,Total,Total,Pareja,No,Había denuncia
España,2024,9,0,Total,Total,Pareja,No,No consta denuncia
España,2024,9,0,Total,Total,Pareja,No,No había denuncia
España,2024,9,0,Total,Total,Pareja,No contesta,Había denuncia
España,2024,9,0,Total,Total,Pareja,No contesta,No consta denuncia
España,2024,9,0,Total,Total,Pareja,No contesta,No había denuncia
España,2024,9,1,Total,Total,Pareja,Sí,Había denuncia
España,2024,9,0,Total,Total,Pareja,Sí,No consta denuncia
España,2024,9,3,Total,Total,Pareja,Sí,No había denuncia
España,2025,4,0,Total,Total,Expareja,No,Había denuncia
España,2025,4,0,Total,Total,Expareja,No,No consta denuncia
España,2025,4,0,Total,Total,Expareja,No,No había denuncia
España,2025,4,0,Total,Total,Expareja,No contesta,Había denuncia
España,2025,4,0,Total,Total,Expareja,No contesta,No consta denuncia
España,2025,4,0,Total,Total,Expareja,No contesta,No había denuncia
España,2025,4,0,Total,Total,Expareja,Sí,Había denuncia
España,2025,4,0,Total,Total,Expareja,Sí,No consta denuncia
España,2025,4,0,Total,Total,Expareja,Sí,No había denuncia
España,2025,4,0,Total,Total,Pareja,No,Había denuncia
España,2025,4,0,Total,Total,Pareja,No,No consta denuncia
España,2025,4,0,Total,Total,Pareja,No,No había denuncia
España,2025,4,0,Total,Total,Pareja,No contesta,Había denuncia
España,2025,4,0,Total,Total,Pareja,No contesta,No consta denuncia
España,2025,4,0,Total,Total,Pareja,No contesta,No había denuncia
España,2025,4,1,Total,Total,Pareja,Sí,Había denuncia
España,2025,4,0,Total,Total,Pareja,Sí,No consta denuncia
España,2025,4,3,Total,Total,Pareja,Sí,No había denuncia
España,2025,8,0,Total,Total,Expareja,No,Había denuncia
España,2025,8,0,Total,Total,Expareja,No,No consta denuncia
España,2025,8,0,Total,Total,Expareja,No,No había denuncia
España,2025,8,0,Total,Total,Expareja,No contesta,Había denuncia
España,2025,8,0,Total,Total,Expareja,No contesta,No consta denuncia
España,2025,8,0,Total,Total,Expareja,No contesta,No había denuncia
España,2025,8,1,Total,Total,Expareja,Sí,Había denuncia
España,2025,8,0,Total,Total,Expareja,Sí,No consta denuncia
España,2025,8,0,Total,Total,Expareja,Sí,No había denuncia
España,2025,8,0,Total,Total,Pareja,No,Había denuncia
España,2025,8,0,Total,Total,Pareja,No,No consta denuncia
España,2025,8,0,Total,Total,Pareja,No,No había denuncia
España,2025,8,0,Total,Total,Pareja,No contesta,Había denuncia
España,2025,8,0,Total,Total,Pareja,No contesta,No consta denuncia
España,2025,8,0,Total,Total,Pareja,No contesta,No había denuncia
España,2025,8,1,Total,Total,Pareja,Sí,Había denuncia
España,2025,8,0,Total,Total,Pareja,Sí,No consta denuncia
España,2025,8,0,Total,Total,Pareja,Sí,No había denuncia
España,2025,12,0,Total,Total,Expareja,No,Había denuncia
España,2025,12,0,Total,Total,Expareja,No,No consta denuncia
España,2025,12,0,Total,Total,Expareja,No,No había denuncia
España,2025,12,0,Total,Total,Expareja,No contesta,Había denuncia
España,2025,12,0,Total,Total,Expareja,No contesta,No consta denuncia
España,2025,12,0,Total,Total,Expareja,No contesta,No había denuncia
España,2025,12,0,Total,Total,Expareja,Sí,Había denuncia
España,2025,12,0,Total,Total,Expareja,Sí,No consta denuncia
España,2025,12,0,Total,Total,Expareja,Sí,No había denuncia
España,2025,12,0,Total,Total,Pareja,No,Había denuncia
España,2025,12,0,Total,Total,Pareja,No,No consta denuncia
España,2025,12,0,Total,Total,Pareja,No,No había denuncia
España,2025,12,0,Total,Total,Pareja,No contesta,Había denuncia
España,2025,12,0,Total,Total,Pareja,No contesta,No consta denuncia
España,2025,12,0,Total,Total,Pareja,No contesta,No había denuncia
España,2025,12,0,Total,Total,Pareja,Sí,Había denuncia
España,2025,12,0,Total,Total,Pareja,Sí,No consta denuncia
España,2025,12,5,Total,Total,Pareja,Sí,No había denuncia
España,2025,1,0,Total,Total,Expareja,No,Había denuncia
España,2025,1,0,Total,Total,Expareja,No,No consta denuncia
España,2025,1,0,Total,Total,Expareja,No,No había denuncia
España,2025,1,0,Total,Total,Expareja,No contesta,Había denuncia
España,2025,1,0,Total,Total,Expareja,No contesta,No consta denuncia
España,2025,1,0,Total,Total,Expareja,No contesta,No había denuncia
España,2025,1,0,Total,Total,Expareja,Sí,Había denuncia
España,2025,1,0,Total,Total,Expareja,Sí,No consta denuncia
España,2025,1,0,Total,Total,Expareja,Sí,No había denuncia
España,2025,1,0,Total,Total,Pareja,No,Había denuncia
España,2025,1,0,Total,Total,Pareja,No,No consta denuncia
España,2025,1,0,Total,Total,Pareja,No,No había denuncia
España,2025,1,0,Total,Total,Pareja,No contesta,Había denuncia
España,2025,1,0,Total,Total,Pareja,No contesta,No consta denuncia
España,2025,1,0,Total,Total,Pareja,No contesta,No había denuncia
España,2025,1,0,Total,Total,Pareja,Sí,Había denuncia
España,2025,1,0,Total,Total,Pareja,Sí,No consta denuncia
España,2025,1,1,Total,Total,Pareja,Sí,No había denuncia
España,2025,2,0,Total,Total,Expareja,No,Había denuncia
España,2025,2,0,Total,Total,Expareja,No,No consta denuncia
España,2025,2,0,Total,Total,Expareja,No,No había denuncia
España,2025,2,0,Total,Total,Expareja,No contesta,Había denuncia
España,2025,2,0,Total,Total,Expareja,No contesta,No consta denuncia
España,2025,2,0,Total,Total,Expareja,No contesta,No había denuncia
España,2025,2,0,Total,Total,Expareja,Sí,Había denuncia
España,2025,2,0,Total,Total,Expareja,Sí,No consta denuncia
España,2025,2,0,Total,Total,Expareja,Sí,No había denuncia
España,2025,2,0,Total,Total,Pareja,No,Había denuncia
España,2025,2,0,Total,Total,Pareja,No,No consta denuncia
España,2025,2,0,Total,Total,Pareja,No,No había denuncia
España,2025,2,0,Total,Total,Pareja,No contesta,Había denuncia
España,2025,2,0,Total,Total,Pareja,No contesta,No consta denuncia
España,2025,2,0,Total,Total,Pareja,No contesta,No había denuncia
España,2025,2,1,Total,Total,Pareja,Sí,Había denuncia
España,2025,2,0,Total,Total,Pareja,Sí,No consta denuncia
España,2025,2,1,Total,Total,Pareja,Sí,No había denuncia
España,2025,7,0,Total,Total,Expareja,No,Había denuncia
España,2025,7,0,Total,Total,Expareja,No,No consta denuncia
España,2025,7,0,Total,Total,Expareja,No,No había denuncia
España,2025,7,0,Total,Total,Expareja,No contesta,Había denuncia
España,2025,7,0,Total,Total,Expareja,No contesta,No consta denuncia
España,2025,7,0,Total,Total,Expareja,No contesta,No había denuncia
España,2025,7,0,Total,Total,Expareja,Sí,Había denuncia
España,2025,7,0,Total,Total,Expareja,Sí,No consta denuncia
España,2025,7,0,Total,Total,Expareja,Sí,No había denuncia
España,2025,7,0,Total,Total,Pareja,No,Había denuncia
España,2025,7,0,Total,Total,Pareja,No,No consta denuncia
España,2025,7,0,Total,Total,Pareja,No,No había denuncia
España,2025,7,0,Total,Total,Pareja,No contesta,Había denuncia
España,2025,7,0,Total,Total,Pareja,No contesta,No consta denuncia
España,2025,7,0,Total,Total,Pareja,No contesta,No había denuncia
España,2025,7,1,Total,Total,Pareja,Sí,Había denuncia
España,2025,7,0,Total,Total,Pareja,Sí,No consta denuncia
España,2025,7,2,Total,Total,Pareja,Sí,No había denuncia
España,2025,6,0,Total,Total,Expareja,No,Había denuncia
España,2025,6,0,Total,Total,Expareja,No,No consta denuncia
España,2025,6,0,Total,Total,Expareja,No,No había denuncia
España,2025,6,0,Total,Total,Expareja,No contesta,Había denuncia
España,2025,6,0,Total,Total,Expareja,No contesta,No consta denuncia
España,2025,6,0,Total,Total,Expareja,No contesta,No había denuncia
España,2025,6,0,Total,Total,Expareja,Sí,Había denuncia
España,2025,6,0,Total,Total,Expareja,Sí,No consta denuncia
España,2025,6,0,Total,Total,Expareja,Sí,No había denuncia
España,2025,6,0,Total,Total,Pareja,No,Había denuncia
España,2025,6,0,Total,Total,Pareja,No,No consta denuncia
España,2025,6,0,Total,Total,Pareja,No,No había denuncia
España,2025,6,0,Total,Total,Pareja,No contesta,Había denuncia
España,2025,6,0,Total,Total,Pareja,No contesta,No consta denuncia
España,2025,6,0,Total,Total,Pareja,No contesta,No había denuncia
España,2025,6,2,Total,Total,Pareja,Sí,Había denuncia
España,2025,6,0,Total,Total,Pareja,Sí,No consta denuncia
España,2025,6,6,Total,Total,Pareja,Sí,No había denuncia
España,2025,3,0,Total,Total,Expareja,No,Había denuncia
España,2025,3,0,Total,Total,Expareja,No,No consta denuncia
España,2025,3,0,Total,Total,Expareja,No,No había denuncia
España,2025,3,0,Total,Total,Expareja,No contesta,Había denuncia
España,2025,3,0,Total,Total,Expareja,No contesta,No consta denuncia
España,2025,3,0,Total,Total,Expareja,No contesta,No había denuncia
España,2025,3,0,Total,Total,Expareja,Sí,Había denuncia
España,2025,3,0,Total,Total,Expareja,Sí,No consta denuncia
España,2025,3,0,Total,Total,Expareja,Sí,No había denuncia
España,2025,3,0,Total,Total,Pareja,No,Había denuncia
España,2025,3,0,Total,Total,Pareja,No,No consta denuncia
España,2025,3,0,Total,Total,Pareja,No,No había denuncia
España,2025,3,0,Total,Total,Pareja,No contesta,Había denuncia
España,2025,3,0,Total,Total,Pareja,No contesta,No consta denuncia
España,2025,3,0,Total,Total,Pareja,No contesta,No había denuncia
España,2025,3,0,Total,Total,Pareja,Sí,Había denuncia
España,2025,3,0,Total,Total,Pareja,Sí,No consta denuncia
España,2025,3,5,Total,Total,Pareja,Sí,No había denuncia
España,2025,5,0,Total,Total,Expareja,No,Había denuncia
España,2025,5,0,Total,Total,Expareja,No,No consta denuncia
España,2025,5,0,Total,Total,Expareja,No,No había denuncia
España,2025,5,0,Total,Total,Expareja,No contesta,Había denuncia
España,2025,5,0,Total,Total,Expareja,No contesta,No consta denuncia
España,2025,5,0,Total,Total,Expareja,No contesta,No había denuncia
España,2025,5,0,Total,Total,Expareja,Sí,Había denuncia
España,2025,5,0,Total,Total,Expareja,Sí,No consta denuncia
España,2025,5,0,Total,Total,Expareja,Sí,No había denuncia
España,2025,5,0,Total,Total,Pareja,No,Había denuncia
España,2025,5,0,Total,Total,Pareja,No,No consta denuncia
España,2025,5,0,Total,Total,Pareja,No,No había denuncia
España,2025,5,0,Total,Total,Pareja,No contesta,Había denuncia
España,2025,5,0,Total,Total,Pareja,No contesta,No consta denuncia
España,2025,5,0,Total,Total,Pareja,No contesta,No había denuncia
España,2025,5,0,Total,Total,Pareja,Sí,Había denuncia
España,2025,5,0,Total,Total,Pareja,Sí,No consta denuncia
España,2025,5,1,Total,Total,Pareja,Sí,No había denuncia
España,2025,11,0,Total,Total,Expareja,No,Había denuncia
España,2025,11,0,Total,Total,Expareja,No,No consta denuncia
España,2025,11,1,Total,Total,Expareja,No,No había denuncia
España,2025,11,0,Total,Total,Expareja,No contesta,Había denuncia
España,2025,11,0,Total,Total,Expareja,No contesta,No consta denuncia
España,2025,11,0,Total,Total,Expareja,No contesta,No había denuncia
España,2025,11,0,Total,Total,Expareja,Sí,Había denuncia
España,2025,11,0,Total,Total,Expareja,Sí,No consta denuncia
España,2025,11,0,Total,Total,Expareja,Sí,No había denuncia
España,2025,11,1,Total,Total,Pareja,No,Había denuncia
España,2025,11,0,Total,Total,Pareja,No,No consta denuncia
España,2025,11,1,Total,Total,Pareja,No,No había denuncia
España,2025,11,0,Total,Total,Pareja,No contesta,Había denuncia
España,2025,11,0,Total,Total,Pareja,No contesta,No consta denuncia
España,2025,11,0,Total,Total,Pareja,No contesta,No había denuncia
España,2025,11,1,Total,Total,Pareja,Sí,Había denuncia
España,2025,11,0,Total,Total,Pareja,Sí,No consta denuncia
España,2025,11,3,Total,Total,Pareja,Sí,No había denuncia
España,2025,10,1,Total,Total,Expareja,No,Había denuncia
España,2025,10,0,Total,Total,Expareja,No,No consta denuncia
España,2025,10,1,Total,Total,Expareja,No,No había denuncia
España,2025,10,0,Total,Total,Expareja,No contesta,Había denuncia
España,2025,10,0,Total,Total,Expareja,No contesta,No consta denuncia
España,2025,10,0,Total,Total,Expareja,No contesta,No había denuncia
España,2025,10,0,Total,Total,Expareja,Sí,Había denuncia
España,2025,10,0,Total,Total,Expareja,Sí,No consta denuncia
España,2025,10,0,Total,Total,Expareja,Sí,No había denuncia
España,2025,10,0,Total,Total,Pareja,No,Había denuncia
España,2025,10,0,Total,Total,Pareja,No,No consta denuncia
España,2025,10,0,Total,Total,Pareja,No,No había denuncia
España,2025,10,0,Total,Total,Pareja,No contesta,Había denuncia
España,2025,10,0,Total,Total,Pareja,No contesta,No consta denuncia
España,2025,10,0,Total,Total,Pareja,No contesta,No había denuncia
España,2025,10,0,Total,Total,Pareja,Sí,Había denuncia
España,2025,10,0,Total,Total,Pareja,Sí,No consta denuncia
España,2025,10,3,Total,Total,Pareja,Sí,No había denuncia
España,2025,9,1,Total,Total,Expareja,No,Había denuncia
España,2025,9,0,Total,Total,Expareja,No,No consta denuncia
España,2025,9,0,Total,Total,Expareja,No,No había denuncia
España,2025,9,0,Total,Total,Expareja,No contesta,Había denuncia
España,2025,9,0,Total,Total,Expareja,No contesta,No consta denuncia
España,2025,9,0,Total,Total,Expareja,No contesta,No había denuncia
España,2025,9,0,Total,Total,Expareja,Sí,Había denuncia
España,2025,9,0,Total,Total,Expareja,Sí,No consta denuncia
España,2025,9,0,Total,Total,Expareja,Sí,No había denuncia
España,2025,9,0,Total,Total,Pareja,No,Había denuncia
España,2025,9,0,Total,Total,Pareja,No,No consta denuncia
España,2025,9,2,Total,Total,Pareja,No,No había denuncia
España,2025,9,0,Total,Total,Pareja,No contesta,Había denuncia
España,2025,9,0,Total,Total,Pareja,No contesta,No consta denuncia
España,2025,9,0,Total,Total,Pareja,No contesta,No había denuncia
España,2025,9,0,Total,Total,Pareja,Sí,Había denuncia
España,2025,9,0,Total,Total,Pareja,Sí,No consta denuncia
España,2025,9,2,Total,Total,Pareja,Sí,No había denuncia
España,2026,4,2,Total,Total,Expareja,No,Había denuncia
España,2026,4,0,Total,Total,Expareja,No,No consta denuncia
España,2026,4,0,Total,Total,Expareja,No,No había denuncia
España,2026,4,0,Total,Total,Expareja,No contesta,Había denuncia
España,2026,4,0,Total,Total,Expareja,No contesta,No consta denuncia
España,2026,4,0,Total,Total,Expareja,No contesta,No había denuncia
España,2026,4,0,Total,Total,Expareja,Sí,Había denuncia
España,2026,4,0,Total,Total,Expareja,Sí,No consta denuncia
España,2026,4,0,Total,Total,Expareja,Sí,No había denuncia
España,2026,4,0,Total,Total,Pareja,No,Había denuncia
España,2026,4,0,Total,Total,Pareja,No,No consta denuncia
España,2026,4,0,Total,Total,Pareja,No,No había denuncia
España,2026,4,0,Total,Total,Pareja,No contesta,Había denuncia
España,2026,4,0,Total,Total,Pareja,No contesta,No consta denuncia
España,2026,4,0,Total,Total,Pareja,No contesta,No había denuncia
España,2026,4,0,Total,Total,Pareja,Sí,Había denuncia
España,2026,4,0,Total,Total,Pareja,Sí,No consta denuncia
España,2026,4,0,Total,Total,Pareja,Sí,No había denuncia
España,2026,1,2,Total,Total,Expareja,No,Había denuncia
España,2026,1,0,Total,Total,Expareja,No,No consta denuncia
España,2026,1,0,Total,Total,Expareja,No,No había denuncia
España,2026,1,0,Total,Total,Expareja,No contesta,Había denuncia
España,2026,1,0,Total,Total,Expareja,No contesta,No consta denuncia
España,2026,1,0,Total,Total,Expareja,No contesta,No había denuncia
España,2026,1,0,Total,Total,Expareja,Sí,Había denuncia
España,2026,1,0,Total,Total,Expareja,Sí,No consta denuncia
España,2026,1,1,Total,Total,Expareja,Sí,No había denuncia
España,2026,1,0,Total,Total,Pareja,No,Había denuncia
España,2026,1,0,Total,Total,Pareja,No,No consta denuncia
España,2026,1,2,Total,Total,Pareja,No,No había denuncia
España,2026,1,0,Total,Total,Pareja,No contesta,Había denuncia
España,2026,1,0,Total,Total,Pareja,No contesta,No consta denuncia
España,2026,1,0,Total,Total,Pareja,No contesta,No había denuncia
España,2026,1,1,Total,Total,Pareja,Sí,Había denuncia
España,2026,1,0,Total,Total,Pareja,Sí,No consta denuncia
España,2026,1,0,Total,Total,Pareja,Sí,No había denuncia
España,2026,2,2,Total,Total,Expareja,No,Había denuncia
España,2026,2,0,Total,Total,Expareja,No,No consta denuncia
España,2026,2,2,Total,Total,Expareja,No,No había denuncia
España,2026,2,0,Total,Total,Expareja,No contesta,Había denuncia
España,2026,2,0,Total,Total,Expareja,No contesta,No consta denuncia
España,2026,2,0,Total,Total,Expareja,No contesta,No había denuncia
España,2026,2,0,Total,Total,Expareja,Sí,Había denuncia
España,2026,2,0,Total,Total,Expareja,Sí,No consta denuncia
España,2026,2,0,Total,Total,Expareja,Sí,No había denuncia
España,2026,2,0,Total,Total,Pareja,No,Había denuncia
España,2026,2,0,Total,Total,Pareja,No,No consta denuncia
España,2026,2,0,Total,Total,Pareja,No,No había denuncia
España,2026,2,0,Total,Total,Pareja,No contesta,Había denuncia
España,2026,2,0,Total,Total,Pareja,No contesta,No consta denuncia
España,2026,2,0,Total,Total,Pareja,No contesta,No había denuncia
España,2026,2,0,Total,Total,Pareja,Sí,Había denuncia
España,2026,2,0,Total,Total,Pareja,Sí,No consta denuncia
España,2026,2,1,Total,Total,Pareja,Sí,No había denuncia
España,2026,7,1,Total,Total,Expareja,No,Había denuncia
España,2026,7,0,Total,Total,Expareja,No,No consta denuncia
España,2026,7,0,Total,Total,Expareja,No,No había denuncia
España,2026,7,0,Total,Total,Expareja,No contesta,Había denuncia
España,2026,7,0,Total,Total,Expareja,No contesta,No consta denuncia
España,2026,7,0,Total,Total,Expareja,No contesta,No había denuncia
España,2026,7,0,Total,Total,Expareja,Sí,Había denuncia
España,2026,7,0,Total,Total,Expareja,Sí,No consta denuncia
España,2026,7,0,Total,Total,Expareja,Sí,No había denuncia
España,2026,7,0,Total,Total,Pareja,No,Había denuncia
España,2026,7,0,Total,Total,Pareja,No,No consta denuncia
España,2026,7,1,Total,Total,Pareja,No,No había denuncia
España,2026,7,0,Total,Total,Pareja,No contesta,Había denuncia
España,2026,7,0,Total,Total,Pareja,No contesta,No consta denuncia
España,2026,7,0,Total,Total,Pareja,No contesta,No había denuncia
España,2026,7,0,Total,Total,Pareja,Sí,Había denuncia
España,2026,7,0,Total,Total,Pareja,Sí,No consta denuncia
España,2026,7,4,Total,Total,Pareja,Sí,No había denuncia
España,2026,6,0,Total,Total,Expareja,No,Había denuncia
España,2026,6,0,Total,Total,Expareja,No,No consta denuncia
España,2026,6,0,Total,Total,Expareja,No,No había denuncia
España,2026,6,0,Total,Total,Expareja,No contesta,Había denuncia
España,2026,6,0,Total,Total,Expareja,No contesta,No consta denuncia
España,2026,6,0,Total,Total,Expareja,No contesta,No había denuncia
España,2026,6,0,Total,Total,Expareja,Sí,Había denuncia
España,2026,6,0,Total,Total,Expareja,Sí,No consta denuncia
España,2026,6,0,Total,Total,Expareja,Sí,No había denuncia
España,2026,6,0,Total,Total,Pareja,No,Había denuncia
España,2026,6,0,Total,Total,Pareja,No,No consta denuncia
España,2026,6,0,Total,Total,Pareja,No,No había denuncia
España,2026,6,0,Total,Total,Pareja,No contesta,Había denuncia
España,2026,6,0,Total,Total,Pareja,No contesta,No consta denuncia
España,2026,6,0,Total,Total,Pareja,No contesta,No había denuncia
España,2026,6,0,Total,Total,Pareja,Sí,Había denuncia
España,2026,6,0,Total,Total,Pareja,Sí,No consta denuncia
España,2026,6,3,Total,Total,Pareja,Sí,No había denuncia
España,2026,3,0,Total,Total,Expareja,No,Había denuncia
España,2026,3,0,Total,Total,Expareja,No,No consta denuncia
España,2026,3,2,Total,Total,Expareja,No,No había denuncia
España,2026,3,0,Total,Total,Expareja,No contesta,Había denuncia
España,2026,3,0,Total,Total,Expareja,No contesta,No consta denuncia
España,2026,3,0,Total,Total,Expareja,No contesta,No había denuncia
España,2026,3,0,Total,Total,Expareja,Sí,Había denuncia
España,2026,3,0,Total,Total,Expareja,Sí,No consta denuncia
España,2026,3,0,Total,Total,Expareja,Sí,No había denuncia
España,2026,3,0,Total,Total,Pareja,No,Había denuncia
España,2026,3,0,Total,Total,Pareja,No,No consta denuncia
España,2026,3,0,Total,Total,Pareja,No,No había denuncia
España,2026,3,0,Total,Total,Pareja,No contesta,Había denuncia
España,2026,3,0,Total,Total,Pareja,No contesta,No consta denuncia
España,2026,3,0,Total,Total,Pareja,No contesta,No había denuncia
España,2026,3,0,Total,Total,Pareja,Sí,Había denuncia
España,2026,3,0,Total,Total,Pareja,Sí,No consta denuncia
España,2026,3,3,Total,Total,Pareja,Sí,No había denuncia
España,2026,5,0,Total,Total,Expareja,No,Había denuncia
España,2026,5,0,Total,Total,Expareja,No,No consta denuncia
España,2026,5,1,Total,Total,Expareja,No,No había denuncia
España,2026,5,0,Total,Total,Expareja,No contesta,Había denuncia
España,2026,5,0,Total,Total,Expareja,No contesta,No consta denuncia
España,2026,5,0,Total,Total,Expareja,No contesta,No había denuncia
España,2026,5,1,Total,Total,Expareja,Sí,Había denuncia
España,2026,5,0,Total,Total,Expareja,Sí,No consta denuncia
España,2026,5,0,Total,Total,Expareja,Sí,No había denuncia
España,2026,5,0,Total,Total,Pareja,No,Había denuncia
España,2026,5,0,Total,Total,Pareja,No,No consta denuncia
España,2026,5,0,Total,Total,Pareja,No,No había denuncia
España,2026,5,0,Total,Total,Pareja,No contesta,Había denuncia
España,2026,5,0,Total,Total,Pareja,No contesta,No consta denuncia
España,2026,5,0,Total,Total,Pareja,No contesta,No había denuncia
España,2026,5,1,Total,Total,Pareja,Sí,Había denuncia
España,2026,5,0,Total,Total,Pareja,Sí,No consta denuncia
España,2026,5,2,Total,Total,Pareja,Sí,No había denuncia
España,2003,4,0,Total,Total,Total,No,Había denuncia
España,2003,4,0,Total,Total,Total,No,No consta denuncia
España,2003,4,0,Total,Total,Total,No,No había denuncia
España,2003,4,0,Total,Total,Total,No contesta,Había denuncia
España,2003,4,0,Total,Total,Total,No contesta,No consta denuncia
España,2003,4,0,Total,Total,Total,No contesta,No había denuncia
España,2003,4,0,Total,Total,Total,Sí,Había denuncia
España,2003,4,5,Total,Total,Total,Sí,No consta denuncia
España,2003,4,0,Total,Total,Total,Sí,No había denuncia
España,2003,8,0,Total,Total,Total,No,Había denuncia
España,2003,8,2,Total,Total,Total,No,No consta denuncia
España,2003,8,0,Total,Total,Total,No,No había denuncia
España,2003,8,0,Total,Total,Total,No contesta,Había denuncia
España,2003,8,0,Total,Total,Total,No contesta,No consta denuncia
España,2003,8,0,Total,Total,Total,No contesta,No había denuncia
España,2003,8,0,Total,Total,Total,Sí,Había denuncia
España,2003,8,6,Total,Total,Total,Sí,No consta denuncia
España,2003,8,0,Total,Total,Total,Sí,No había denuncia
España,2003,12,0,Total,Total,Total,No,Había denuncia
España,2003,12,1,Total,Total,Total,No,No consta denuncia
España,2003,12,0,Total,Total,Total,No,No había denuncia
España,2003,12,0,Total,Total,Total,No contesta,Había denuncia
España,2003,12,0,Total,Total,Total,No contesta,No consta denuncia
España,2003,12,0,Total,Total,Total,No contesta,No había denuncia
España,2003,12,0,Total,Total,Total,Sí,Había denuncia
España,2003,12,2,Total,Total,Total,Sí,No consta denuncia
España,2003,12,0,Total,Total,Total,Sí,No había denuncia
España,2003,1,0,Total,Total,Total,No,Había denuncia
España,2003,1,1,Total,Total,Total,No,No consta denuncia
España,2003,1,0,Total,Total,Total,No,No había denuncia
España,2003,1,0,Total,Total,Total,No contesta,Había denuncia
España,2003,1,0,Total,Total,Total,No contesta,No consta denuncia
España,2003,1,0,Total,Total,Total,No contesta,No había denuncia
España,2003,1,0,Total,Total,Total,Sí,Había denuncia
España,2003,1,7,Total,Total,Total,Sí,No consta denuncia
España,2003,1,0,Total,Total,Total,Sí,No había denuncia
España,2003,2,0,Total,Total,Total,No,Había denuncia
España,2003,2,1,Total,Total,Total,No,No consta denuncia
España,2003,2,0,Total,Total,Total,No,No había denuncia
España,2003,2,0,Total,Total,Total,No contesta,Había denuncia
España,2003,2,0,Total,Total,Total,No contesta,No consta denuncia
España,2003,2,0,Total,Total,Total,No contesta,No había denuncia
España,2003,2,0,Total,Total,Total,Sí,Había denuncia
España,2003,2,3,Total,Total,Total,Sí,No consta denuncia
España,2003,2,0,Total,Total,Total,Sí,No había denuncia
España,2003,7,0,Total,Total,Total,No,Había denuncia
España,2003,7,1,Total,Total,Total,No,No consta denuncia
España,2003,7,0,Total,Total,Total,No,No había denuncia
España,2003,7,0,Total,Total,Total,No contesta,Había denuncia
España,2003,7,0,Total,Total,Total,No contesta,No consta denuncia
España,2003,7,0,Total,Total,Total,No contesta,No había denuncia
España,2003,7,0,Total,Total,Total,Sí,Había denuncia
España,2003,7,7,Total,Total,Total,Sí,No consta denuncia
España,2003,7,0,Total,Total,Total,Sí,No había denuncia
España,2003,6,0,Total,Total,Total,No,Había denuncia
España,2003,6,2,Total,Total,Total,No,No consta denuncia
España,2003,6,0,Total,Total,Total,No,No había denuncia
España,2003,6,0,Total,Total,Total,No contesta,Había denuncia
España,2003,6,0,Total,Total,Total,No contesta,No consta denuncia
España,2003,6,0,Total,Total,Total,No contesta,No había denuncia
España,2003,6,0,Total,Total,Total,Sí,Había denuncia
España,2003,6,5,Total,Total,Total,Sí,No consta denuncia
España,2003,6,0,Total,Total,Total,Sí,No había denuncia
España,2003,3,0,Total,Total,Total,No,Había denuncia
España,2003,3,2,Total,Total,Total,No,No consta denuncia
España,2003,3,0,Total,Total,Total,No,No había denuncia
España,2003,3,0,Total,Total,Total,No contesta,Había denuncia
España,2003,3,0,Total,Total,Total,No contesta,No consta denuncia
España,2003,3,0,Total,Total,Total,No contesta,No había denuncia
España,2003,3,0,Total,Total,Total,Sí,Había denuncia
España,2003,3,4,Total,Total,Total,Sí,No consta denuncia
España,2003,3,0,Total,Total,Total,Sí,No había denuncia
España,2003,5,0,Total,Total,Total,No,Había denuncia
España,2003,5,1,Total,Total,Total,No,No consta denuncia
España,2003,5,0,Total,Total,Total,No,No había denuncia
España,2003,5,0,Total,Total,Total,No contesta,Había denuncia
España,2003,5,0,Total,Total,Total,No contesta,No consta denuncia
España,2003,5,0,Total,Total,Total,No contesta,No había denuncia
España,2003,5,0,Total,Total,Total,Sí,Había denuncia
España,2003,5,6,Total,Total,Total,Sí,No consta denuncia
España,2003,5,0,Total,Total,Total,Sí,No había denuncia
España,2003,11,0,Total,Total,Total,No,Había denuncia
España,2003,11,3,Total,Total,Total,No,No consta denuncia
España,2003,11,0,Total,Total,Total,No,No había denuncia
España,2003,11,0,Total,Total,Total,No contesta,Había denuncia
España,2003,11,0,Total,Total,Total,No contesta,No consta denuncia
España,2003,11,0,Total,Total,Total,No contesta,No había denuncia
España,2003,11,0,Total,Total,Total,Sí,Había denuncia
España,2003,11,6,Total,Total,Total,Sí,No consta denuncia
España,2003,11,0,Total,Total,Total,Sí,No había denuncia
España,2003,10,0,Total,Total,Total,No,Había denuncia
España,2003,10,0,Total,Total,Total,No,No consta denuncia
España,2003,10,0,Total,Total,Total,No,No había denuncia
España,2003,10,0,Total,Total,Total,No contesta,Había denuncia
España,2003,10,0,Total,Total,Total,No contesta,No consta denuncia
España,2003,10,0,Total,Total,Total,No contesta,No había denuncia
España,2003,10,0,Total,Total,Total,Sí,Había denuncia
España,2003,10,2,Total,Total,Total,Sí,No consta denuncia
España,2003,10,0,Total,Total,Total,Sí,No había denuncia
España,2003,9,0,Total,Total,Total,No,Había denuncia
España,2003,9,2,Total,Total,Total,No,No consta denuncia
España,2003,9,0,Total,Total,Total,No,No había denuncia
España,2003,9,0,Total,Total,Total,No contesta,Había denuncia
España,2003,9,0,Total,Total,Total,No contesta,No consta denuncia
España,2003,9,0,Total,Total,Total,No contesta,No había denuncia
España,2003,9,0,Total,Total,Total,Sí,Había denuncia
España,2003,9,2,Total,Total,Total,Sí,No consta denuncia
España,2003,9,0,Total,Total,Total,Sí,No había denuncia
España,2004,4,0,Total,Total,Total,No,Había denuncia
España,2004,4,1,Total,Total,Total,No,No consta denuncia
España,2004,4,0,Total,Total,Total,No,No había denuncia
España,2004,4,0,Total,Total,Total,No contesta,Había denuncia
España,2004,4,0,Total,Total,Total,No contesta,No consta denuncia
España,2004,4,0,Total,Total,Total,No contesta,No había denuncia
España,2004,4,0,Total,Total,Total,Sí,Había denuncia
España,2004,4,5,Total,Total,Total,Sí,No consta denuncia
España,2004,4,0,Total,Total,Total,Sí,No había denuncia
España,2004,8,0,Total,Total,Total,No,Había denuncia
España,2004,8,3,Total,Total,Total,No,No consta denuncia
España,2004,8,0,Total,Total,Total,No,No había denuncia
España,2004,8,0,Total,Total,Total,No contesta,Había denuncia
España,2004,8,0,Total,Total,Total,No contesta,No consta denuncia
España,2004,8,0,Total,Total,Total,No contesta,No había denuncia
España,2004,8,0,Total,Total,Total,Sí,Había denuncia
España,2004,8,3,Total,Total,Total,Sí,No consta denuncia
España,2004,8,0,Total,Total,Total,Sí,No había denuncia
España,2004,12,0,Total,Total,Total,No,Había denuncia
España,2004,12,2,Total,Total,Total,No,No consta denuncia
España,2004,12,0,Total,Total,Total,No,No había denuncia
España,2004,12,0,Total,Total,Total,No contesta,Había denuncia
España,2004,12,0,Total,Total,Total,No contesta,No consta denuncia
España,2004,12,0,Total,Total,Total,No contesta,No había denuncia
España,2004,12,0,Total,Total,Total,Sí,Había denuncia
España,2004,12,6,Total,Total,Total,Sí,No consta denuncia
España,2004,12,0,Total,Total,Total,Sí,No había denuncia
España,2004,1,0,Total,Total,Total,No,Había denuncia
España,2004,1,1,Total,Total,Total,No,No consta denuncia
España,2004,1,0,Total,Total,Total,No,No había denuncia
España,2004,1,0,Total,Total,Total,No contesta,Había denuncia
España,2004,1,0,Total,Total,Total,No contesta,No consta denuncia
España,2004,1,0,Total,Total,Total,No contesta,No había denuncia
España,2004,1,0,Total,Total,Total,Sí,Había denuncia
España,2004,1,1,Total,Total,Total,Sí,No consta denuncia
España,2004,1,0,Total,Total,Total,Sí,No había denuncia
España,2004,2,0,Total,Total,Total,No,Había denuncia
España,2004,2,0,Total,Total,Total,No,No consta denuncia
España,2004,2,0,Total,Total,Total,No,No había denuncia
España,2004,2,0,Total,Total,Total,No contesta,Había denuncia
España,2004,2,0,Total,Total,Total,No contesta,No consta denuncia
España,2004,2,0,Total,Total,Total,No contesta,No había denuncia
España,2004,2,0,Total,Total,Total,Sí,Había denuncia
España,2004,2,5,Total,Total,Total,Sí,No consta denuncia
España,2004,2,0,Total,Total,Total,Sí,No había denuncia
España,2004,7,0,Total,Total,Total,No,Había denuncia
España,2004,7,3,Total,Total,Total,No,No consta denuncia
España,2004,7,0,Total,Total,Total,No,No había denuncia
España,2004,7,0,Total,Total,Total,No contesta,Había denuncia
España,2004,7,0,Total,Total,Total,No contesta,No consta denuncia
España,2004,7,0,Total,Total,Total,No contesta,No había denuncia
España,2004,7,0,Total,Total,Total,Sí,Había denuncia
España,2004,7,4,Total,Total,Total,Sí,No consta denuncia
España,2004,7,0,Total,Total,Total,Sí,No había denuncia
España,2004,6,0,Total,Total,Total,No,Había denuncia
España,2004,6,2,Total,Total,Total,No,No consta denuncia
España,2004,6,0,Total,Total,Total,No,No había denuncia
España,2004,6,0,Total,Total,Total,No contesta,Había denuncia
España,2004,6,0,Total,Total,Total,No contesta,No consta denuncia
España,2004,6,0,Total,Total,Total,No contesta,No había denuncia
España,2004,6,0,Total,Total,Total,Sí,Había denuncia
España,2004,6,4,Total,Total,Total,Sí,No consta denuncia
España,2004,6,0,Total,Total,Total,Sí,No había denuncia
España,2004,3,0,Total,Total,Total,No,Había denuncia
España,2004,3,1,Total,Total,Total,No,No consta denuncia
España,2004,3,0,Total,Total,Total,No,No había denuncia
España,2004,3,0,Total,Total,Total,No contesta,Había denuncia
España,2004,3,0,Total,Total,Total,No contesta,No consta denuncia
España,2004,3,0,Total,Total,Total,No contesta,No había denuncia
España,2004,3,0,Total,Total,Total,Sí,Había denuncia
España,2004,3,5,Total,Total,Total,Sí,No consta denuncia
España,2004,3,0,Total,Total,Total,Sí,No había denuncia
España,2004,5,0,Total,Total,Total,No,Había denuncia
España,2004,5,3,Total,Total,Total,No,No consta denuncia
España,2004,5,0,Total,Total,Total,No,No había denuncia
España,2004,5,0,Total,Total,Total,No contesta,Había denuncia
España,2004,5,0,Total,Total,Total,No contesta,No consta denuncia
España,2004,5,0,Total,Total,Total,No contesta,No había denuncia
España,2004,5,0,Total,Total,Total,Sí,Había denuncia
España,2004,5,5,Total,Total,Total,Sí,No consta denuncia
España,2004,5,0,Total,Total,Total,Sí,No había denuncia
España,2004,11,0,Total,Total,Total,No,Había denuncia
España,2004,11,2,Total,Total,Total,No,No consta denuncia
España,2004,11,0,Total,Total,Total,No,No había denuncia
España,2004,11,0,Total,Total,Total,No contesta,Había denuncia
España,2004,11,0,Total,Total,Total,No contesta,No consta denuncia
España,2004,11,0,Total,Total,Total,No contesta,No había denuncia
España,2004,11,0,Total,Total,Total,Sí,Había denuncia
España,2004,11,2,Total,Total,Total,Sí,No consta denuncia
España,2004,11,0,Total,Total,Total,Sí,No había denuncia
España,2004,10,0,Total,Total,Total,No,Había denuncia
España,2004,10,3,Total,Total,Total,No,No consta denuncia
España,2004,10,0,Total,Total,Total,No,No había denuncia
España,2004,10,0,Total,Total,Total,No contesta,Había denuncia
España,2004,10,0,Total,Total,Total,No contesta,No consta denuncia
España,2004,10,0,Total,Total,Total,No contesta,No había denuncia
España,2004,10,0,Total,Total,Total,Sí,Había denuncia
España,2004,10,4,Total,Total,Total,Sí,No consta denuncia
España,2004,10,0,Total,Total,Total,Sí,No había denuncia
España,2004,9,0,Total,Total,Total,No,Había denuncia
España,2004,9,3,Total,Total,Total,No,No consta denuncia
España,2004,9,0,Total,Total,Total,No,No había denuncia
España,2004,9,0,Total,Total,Total,No contesta,Había denuncia
España,2004,9,0,Total,Total,Total,No contesta,No consta denuncia
España,2004,9,0,Total,Total,Total,No contesta,No había denuncia
España,2004,9,0,Total,Total,Total,Sí,Había denuncia
España,2004,9,4,Total,Total,Total,Sí,No consta denuncia
España,2004,9,0,Total,Total,Total,Sí,No había denuncia
España,2005,4,0,Total,Total,Total,No,Había denuncia
España,2005,4,0,Total,Total,Total,No,No consta denuncia
España,2005,4,0,Total,Total,Total,No,No había denuncia
España,2005,4,0,Total,Total,Total,No contesta,Había denuncia
España,2005,4,0,Total,Total,Total,No contesta,No consta denuncia
España,2005,4,0,Total,Total,Total,No contesta,No había denuncia
España,2005,4,0,Total,Total,Total,Sí,Había denuncia
España,2005,4,4,Total,Total,Total,Sí,No consta denuncia
España,2005,4,0,Total,Total,Total,Sí,No había denuncia
España,2005,8,0,Total,Total,Total,No,Había denuncia
España,2005,8,2,Total,Total,Total,No,No consta denuncia
España,2005,8,0,Total,Total,Total,No,No había denuncia
España,2005,8,0,Total,Total,Total,No contesta,Había denuncia
España,2005,8,0,Total,Total,Total,No contesta,No consta denuncia
España,2005,8,0,Total,Total,Total,No contesta,No había denuncia
España,2005,8,0,Total,Total,Total,Sí,Había denuncia
España,2005,8,4,Total,Total,Total,Sí,No consta denuncia
España,2005,8,0,Total,Total,Total,Sí,No había denuncia
España,2005,12,0,Total,Total,Total,No,Había denuncia
España,2005,12,0,Total,Total,Total,No,No consta denuncia
España,2005,12,0,Total,Total,Total,No,No había denuncia
España,2005,12,0,Total,Total,Total,No contesta,Había denuncia
España,2005,12,0,Total,Total,Total,No contesta,No consta denuncia
España,2005,12,0,Total,Total,Total,No contesta,No había denuncia
España,2005,12,0,Total,Total,Total,Sí,Había denuncia
España,2005,12,3,Total,Total,Total,Sí,No consta denuncia
España,2005,12,0,Total,Total,Total,Sí,No había denuncia
España,2005,1,0,Total,Total,Total,No,Había denuncia
España,2005,1,4,Total,Total,Total,No,No consta denuncia
España,2005,1,0,Total,Total,Total,No,No había denuncia
España,2005,1,0,Total,Total,Total,No contesta,Había denuncia
España,2005,1,0,Total,Total,Total,No contesta,No consta denuncia
España,2005,1,0,Total,Total,Total,No contesta,No había denuncia
España,2005,1,0,Total,Total,Total,Sí,Había denuncia
España,2005,1,2,Total,Total,Total,Sí,No consta denuncia
España,2005,1,0,Total,Total,Total,Sí,No había denuncia
España,2005,2,0,Total,Total,Total,No,Había denuncia
España,2005,2,3,Total,Total,Total,No,No consta denuncia
España,2005,2,0,Total,Total,Total,No,No había denuncia
España,2005,2,0,Total,Total,Total,No contesta,Había denuncia
España,2005,2,0,Total,Total,Total,No contesta,No consta denuncia
España,2005,2,0,Total,Total,Total,No contesta,No había denuncia
España,2005,2,0,Total,Total,Total,Sí,Había denuncia
España,2005,2,3,Total,Total,Total,Sí,No consta denuncia
España,2005,2,0,Total,Total,Total,Sí,No había denuncia
España,2005,7,0,Total,Total,Total,No,Había denuncia
España,2005,7,1,Total,Total,Total,No,No consta denuncia
España,2005,7,0,Total,Total,Total,No,No había denuncia
España,2005,7,0,Total,Total,Total,No contesta,Había denuncia
España,2005,7,0,Total,Total,Total,No contesta,No consta denuncia
España,2005,7,0,Total,Total,Total,No contesta,No había denuncia
España,2005,7,0,Total,Total,Total,Sí,Había denuncia
España,2005,7,3,Total,Total,Total,Sí,No consta denuncia
España,2005,7,0,Total,Total,Total,Sí,No había denuncia
España,2005,6,0,Total,Total,Total,No,Había denuncia
España,2005,6,0,Total,Total,Total,No,No consta denuncia
España,2005,6,0,Total,Total,Total,No,No había denuncia
España,2005,6,0,Total,Total,Total,No contesta,Había denuncia
España,2005,6,0,Total,Total,Total,No contesta,No consta denuncia
España,2005,6,0,Total,Total,Total,No contesta,No había denuncia
España,2005,6,0,Total,Total,Total,Sí,Había denuncia
España,2005,6,6,Total,Total,Total,Sí,No consta denuncia
España,2005,6,0,Total,Total,Total,Sí,No había denuncia
España,2005,3,0,Total,Total,Total,No,Había denuncia
España,2005,3,0,Total,Total,Total,No,No consta denuncia
España,2005,3,0,Total,Total,Total,No,No había denuncia
España,2005,3,0,Total,Total,Total,No contesta,Había denuncia
España,2005,3,0,Total,Total,Total,No contesta,No consta denuncia
España,2005,3,0,Total,Total,Total,No contesta,No había denuncia
España,2005,3,0,Total,Total,Total,Sí,Había denuncia
España,2005,3,3,Total,Total,Total,Sí,No consta denuncia
España,2005,3,0,Total,Total,Total,Sí,No había denuncia
España,2005,5,0,Total,Total,Total,No,Había denuncia
España,2005,5,3,Total,Total,Total,No,No consta denuncia
España,2005,5,0,Total,Total,Total,No,No había denuncia
España,2005,5,0,Total,Total,Total,No contesta,Había denuncia
España,2005,5,0,Total,Total,Total,No contesta,No consta denuncia
España,2005,5,0,Total,Total,Total,No contesta,No había denuncia
España,2005,5,0,Total,Total,Total,Sí,Había denuncia
España,2005,5,1,Total,Total,Total,Sí,No consta denuncia
España,2005,5,0,Total,Total,Total,Sí,No había denuncia
España,2005,11,0,Total,Total,Total,No,Había denuncia
España,2005,11,1,Total,Total,Total,No,No consta denuncia
España,2005,11,0,Total,Total,Total,No,No había denuncia
España,2005,11,0,Total,Total,Total,No contesta,Había denuncia
España,2005,11,0,Total,Total,Total,No contesta,No consta denuncia
España,2005,11,0,Total,Total,Total,No contesta,No había denuncia
España,2005,11,0,Total,Total,Total,Sí,Había denuncia
España,2005,11,5,Total,Total,Total,Sí,No consta denuncia
España,2005,11,0,Total,Total,Total,Sí,No había denuncia
España,2005,10,0,Total,Total,Total,No,Había denuncia
España,2005,10,4,Total,Total,Total,No,No consta denuncia
España,2005,10,0,Total,Total,Total,No,No había denuncia
España,2005,10,0,Total,Total,Total,No contesta,Había denuncia
España,2005,10,0,Total,Total,Total,No contesta,No consta denuncia
España,2005,10,0,Total,Total,Total,No contesta,No había denuncia
España,2005,10,0,Total,Total,Total,Sí,Había denuncia
España,2005,10,1,Total,Total,Total,Sí,No consta denuncia
España,2005,10,0,Total,Total,Total,Sí,No había denuncia
España,2005,9,0,Total,Total,Total,No,Había denuncia
España,2005,9,3,Total,Total,Total,No,No consta denuncia
España,2005,9,0,Total,Total,Total,No,No había denuncia
España,2005,9,0,Total,Total,Total,No contesta,Había denuncia
España,2005,9,0,Total,Total,Total,No contesta,No consta denuncia
España,2005,9,0,Total,Total,Total,No contesta,No había denuncia
España,2005,9,0,Total,Total,Total,Sí,Había denuncia
España,2005,9,1,Total,Total,Total,Sí,No consta denuncia
España,2005,9,0,Total,Total,Total,Sí,No había denuncia
España,2006,4,0,Total,Total,Total,No,Había denuncia
España,2006,4,0,Total,Total,Total,No,No consta denuncia
España,2006,4,2,Total,Total,Total,No,No había denuncia
España,2006,4,0,Total,Total,Total,No contesta,Había denuncia
España,2006,4,0,Total,Total,Total,No contesta,No consta denuncia
España,2006,4,0,Total,Total,Total,No contesta,No había denuncia
España,2006,4,0,Total,Total,Total,Sí,Había denuncia
España,2006,4,0,Total,Total,Total,Sí,No consta denuncia
España,2006,4,3,Total,Total,Total,Sí,No había denuncia
España,2006,8,0,Total,Total,Total,No,Había denuncia
España,2006,8,0,Total,Total,Total,No,No consta denuncia
España,2006,8,2,Total,Total,Total,No,No había denuncia
España,2006,8,0,Total,Total,Total,No contesta,Había denuncia
España,2006,8,0,Total,Total,Total,No contesta,No consta denuncia
España,2006,8,0,Total,Total,Total,No contesta,No había denuncia
España,2006,8,2,Total,Total,Total,Sí,Había denuncia
España,2006,8,0,Total,Total,Total,Sí,No consta denuncia
España,2006,8,5,Total,Total,Total,Sí,No había denuncia
España,2006,12,1,Total,Total,Total,No,Había denuncia
España,2006,12,0,Total,Total,Total,No,No consta denuncia
España,2006,12,1,Total,Total,Total,No,No había denuncia
España,2006,12,0,Total,Total,Total,No contesta,Había denuncia
España,2006,12,0,Total,Total,Total,No contesta,No consta denuncia
España,2006,12,0,Total,Total,Total,No contesta,No había denuncia
España,2006,12,2,Total,Total,Total,Sí,Había denuncia
España,2006,12,0,Total,Total,Total,Sí,No consta denuncia
España,2006,12,2,Total,Total,Total,Sí,No había denuncia
España,2006,1,2,Total,Total,Total,No,Había denuncia
España,2006,1,0,Total,Total,Total,No,No consta denuncia
España,2006,1,3,Total,Total,Total,No,No había denuncia
España,2006,1,0,Total,Total,Total,No contesta,Había denuncia
España,2006,1,0,Total,Total,Total,No contesta,No consta denuncia
España,2006,1,0,Total,Total,Total,No contesta,No había denuncia
España,2006,1,2,Total,Total,Total,Sí,Había denuncia
España,2006,1,0,Total,Total,Total,Sí,No consta denuncia
España,2006,1,2,Total,Total,Total,Sí,No había denuncia
España,2006,2,0,Total,Total,Total,No,Había denuncia
España,2006,2,0,Total,Total,Total,No,No consta denuncia
España,2006,2,1,Total,Total,Total,No,No había denuncia
España,2006,2,0,Total,Total,Total,No contesta,Había denuncia
España,2006,2,0,Total,Total,Total,No contesta,No consta denuncia
España,2006,2,0,Total,Total,Total,No contesta,No había denuncia
España,2006,2,1,Total,Total,Total,Sí,Había denuncia
España,2006,2,0,Total,Total,Total,Sí,No consta denuncia
España,2006,2,2,Total,Total,Total,Sí,No había denuncia
España,2006,7,1,Total,Total,Total,No,Había denuncia
España,2006,7,0,Total,Total,Total,No,No consta denuncia
España,2006,7,2,Total,Total,Total,No,No había denuncia
España,2006,7,0,Total,Total,Total,No contesta,Había denuncia
España,2006,7,0,Total,Total,Total,No contesta,No consta denuncia
España,2006,7,0,Total,Total,Total,No contesta,No había denuncia
España,2006,7,0,Total,Total,Total,Sí,Había denuncia
España,2006,7,0,Total,Total,Total,Sí,No consta denuncia
España,2006,7,5,Total,Total,Total,Sí,No había denuncia
España,2006,6,1,Total,Total,Total,No,Había denuncia
España,2006,6,0,Total,Total,Total,No,No consta denuncia
España,2006,6,0,Total,Total,Total,No,No había denuncia
España,2006,6,0,Total,Total,Total,No contesta,Había denuncia
España,2006,6,0,Total,Total,Total,No contesta,No consta denuncia
España,2006,6,0,Total,Total,Total,No contesta,No había denuncia
España,2006,6,0,Total,Total,Total,Sí,Había denuncia
España,2006,6,0,Total,Total,Total,Sí,No consta denuncia
España,2006,6,1,Total,Total,Total,Sí,No había denuncia
España,2006,3,0,Total,Total,Total,No,Había denuncia
España,2006,3,0,Total,Total,Total,No,No consta denuncia
España,2006,3,2,Total,Total,Total,No,No había denuncia
España,2006,3,0,Total,Total,Total,No contesta,Había denuncia
España,2006,3,0,Total,Total,Total,No contesta,No consta denuncia
España,2006,3,0,Total,Total,Total,No contesta,No había denuncia
España,2006,3,5,Total,Total,Total,Sí,Había denuncia
España,2006,3,0,Total,Total,Total,Sí,No consta denuncia
España,2006,3,2,Total,Total,Total,Sí,No había denuncia
España,2006,5,1,Total,Total,Total,No,Había denuncia
España,2006,5,0,Total,Total,Total,No,No consta denuncia
España,2006,5,1,Total,Total,Total,No,No había denuncia
España,2006,5,0,Total,Total,Total,No contesta,Había denuncia
España,2006,5,0,Total,Total,Total,No contesta,No consta denuncia
España,2006,5,0,Total,Total,Total,No contesta,No había denuncia
España,2006,5,1,Total,Total,Total,Sí,Había denuncia
España,2006,5,0,Total,Total,Total,Sí,No consta denuncia
España,2006,5,2,Total,Total,Total,Sí,No había denuncia
España,2006,11,1,Total,Total,Total,No,Había denuncia
España,2006,11,0,Total,Total,Total,No,No consta denuncia
España,2006,11,0,Total,Total,Total,No,No había denuncia
España,2006,11,0,Total,Total,Total,No contesta,Había denuncia
España,2006,11,0,Total,Total,Total,No contesta,No consta denuncia
España,2006,11,0,Total,Total,Total,No contesta,No había denuncia
España,2006,11,0,Total,Total,Total,Sí,Había denuncia
España,2006,11,0,Total,Total,Total,Sí,No consta denuncia
España,2006,11,1,Total,Total,Total,Sí,No había denuncia
España,2006,10,1,Total,Total,Total,No,Había denuncia
España,2006,10,0,Total,Total,Total,No,No consta denuncia
España,2006,10,1,Total,Total,Total,No,No había denuncia
España,2006,10,0,Total,Total,Total,No contesta,Había denuncia
España,2006,10,0,Total,Total,Total,No contesta,No consta denuncia
España,2006,10,0,Total,Total,Total,No contesta,No había denuncia
España,2006,10,0,Total,Total,Total,Sí,Había denuncia
España,2006,10,0,Total,Total,Total,Sí,No consta denuncia
España,2006,10,4,Total,Total,Total,Sí,No había denuncia
España,2006,9,0,Total,Total,Total,No,Había denuncia
España,2006,9,0,Total,Total,Total,No,No consta denuncia
España,2006,9,1,Total,Total,Total,No,No había denuncia
España,2006,9,0,Total,Total,Total,No contesta,Había denuncia
España,2006,9,0,Total,Total,Total,No contesta,No consta denuncia
España,2006,9,0,Total,Total,Total,No contesta,No había denuncia
España,2006,9,1,Total,Total,Total,Sí,Había denuncia
España,2006,9,0,Total,Total,Total,Sí,No consta denuncia
España,2006,9,2,Total,Total,Total,Sí,No había denuncia
España,2007,4,1,Total,Total,Total,No,Había denuncia
España,2007,4,0,Total,Total,Total,No,No consta denuncia
España,2007,4,1,Total,Total,Total,No,No había denuncia
España,2007,4,0,Total,Total,Total,No contesta,Había denuncia
España,2007,4,0,Total,Total,Total,No contesta,No consta denuncia
España,2007,4,0,Total,Total,Total,No contesta,No había denuncia
España,2007,4,0,Total,Total,Total,Sí,Había denuncia
España,2007,4,0,Total,Total,Total,Sí,No consta denuncia
España,2007,4,2,Total,Total,Total,Sí,No había denuncia
España,2007,8,0,Total,Total,Total,No,Había denuncia
España,2007,8,0,Total,Total,Total,No,No consta denuncia
España,2007,8,1,Total,Total,Total,No,No había denuncia
España,2007,8,0,Total,Total,Total,No contesta,Había denuncia
España,2007,8,0,Total,Total,Total,No contesta,No consta denuncia
España,2007,8,0,Total,Total,Total,No contesta,No había denuncia
España,2007,8,1,Total,Total,Total,Sí,Había denuncia
España,2007,8,0,Total,Total,Total,Sí,No consta denuncia
España,2007,8,5,Total,Total,Total,Sí,No había denuncia
España,2007,12,0,Total,Total,Total,No,Había denuncia
España,2007,12,0,Total,Total,Total,No,No consta denuncia
España,2007,12,1,Total,Total,Total,No,No había denuncia
España,2007,12,0,Total,Total,Total,No contesta,Había denuncia
España,2007,12,0,Total,Total,Total,No contesta,No consta denuncia
España,2007,12,0,Total,Total,Total,No contesta,No había denuncia
España,2007,12,0,Total,Total,Total,Sí,Había denuncia
España,2007,12,0,Total,Total,Total,Sí,No consta denuncia
España,2007,12,0,Total,Total,Total,Sí,No había denuncia
España,2007,1,0,Total,Total,Total,No,Había denuncia
España,2007,1,0,Total,Total,Total,No,No consta denuncia
España,2007,1,3,Total,Total,Total,No,No había denuncia
España,2007,1,0,Total,Total,Total,No contesta,Había denuncia
España,2007,1,0,Total,Total,Total,No contesta,No consta denuncia
España,2007,1,0,Total,Total,Total,No contesta,No había denuncia
España,2007,1,1,Total,Total,Total,Sí,Había denuncia
España,2007,1,0,Total,Total,Total,Sí,No consta denuncia
España,2007,1,1,Total,Total,Total,Sí,No había denuncia
España,2007,2,3,Total,Total,Total,No,Había denuncia
España,2007,2,0,Total,Total,Total,No,No consta denuncia
España,2007,2,0,Total,Total,Total,No,No había denuncia
España,2007,2,0,Total,Total,Total,No contesta,Había denuncia
España,2007,2,0,Total,Total,Total,No contesta,No consta denuncia
España,2007,2,0,Total,Total,Total,No contesta,No había denuncia
España,2007,2,0,Total,Total,Total,Sí,Había denuncia
España,2007,2,0,Total,Total,Total,Sí,No consta denuncia
España,2007,2,6,Total,Total,Total,Sí,No había denuncia
España,2007,7,0,Total,Total,Total,No,Había denuncia
España,2007,7,0,Total,Total,Total,No,No consta denuncia
España,2007,7,0,Total,Total,Total,No,No había denuncia
España,2007,7,0,Total,Total,Total,No contesta,Había denuncia
España,2007,7,0,Total,Total,Total,No contesta,No consta denuncia
España,2007,7,0,Total,Total,Total,No contesta,No había denuncia
España,2007,7,4,Total,Total,Total,Sí,Había denuncia
España,2007,7,0,Total,Total,Total,Sí,No consta denuncia
España,2007,7,4,Total,Total,Total,Sí,No había denuncia
España,2007,6,2,Total,Total,Total,No,Había denuncia
España,2007,6,0,Total,Total,Total,No,No consta denuncia
España,2007,6,2,Total,Total,Total,No,No había denuncia
España,2007,6,0,Total,Total,Total,No contesta,Había denuncia
España,2007,6,0,Total,Total,Total,No contesta,No consta denuncia
España,2007,6,0,Total,Total,Total,No contesta,No había denuncia
España,2007,6,4,Total,Total,Total,Sí,Había denuncia
España,2007,6,0,Total,Total,Total,Sí,No consta denuncia
España,2007,6,2,Total,Total,Total,Sí,No había denuncia
España,2007,3,1,Total,Total,Total,No,Había denuncia
España,2007,3,0,Total,Total,Total,No,No consta denuncia
España,2007,3,1,Total,Total,Total,No,No había denuncia
España,2007,3,0,Total,Total,Total,No contesta,Había denuncia
España,2007,3,0,Total,Total,Total,No contesta,No consta denuncia
España,2007,3,0,Total,Total,Total,No contesta,No había denuncia
España,2007,3,1,Total,Total,Total,Sí,Había denuncia
España,2007,3,0,Total,Total,Total,Sí,No consta denuncia
España,2007,3,1,Total,Total,Total,Sí,No había denuncia
España,2007,5,0,Total,Total,Total,No,Había denuncia
España,2007,5,0,Total,Total,Total,No,No consta denuncia
España,2007,5,1,Total,Total,Total,No,No había denuncia
España,2007,5,0,Total,Total,Total,No contesta,Había denuncia
España,2007,5,0,Total,Total,Total,No contesta,No consta denuncia
España,2007,5,0,Total,Total,Total,No contesta,No había denuncia
España,2007,5,0,Total,Total,Total,Sí,Había denuncia
España,2007,5,0,Total,Total,Total,Sí,No consta denuncia
España,2007,5,6,Total,Total,Total,Sí,No había denuncia
España,2007,11,1,Total,Total,Total,No,Había denuncia
España,2007,11,0,Total,Total,Total,No,No consta denuncia
España,2007,11,2,Total,Total,Total,No,No había denuncia
España,2007,11,0,Total,Total,Total,No contesta,Había denuncia
España,2007,11,0,Total,Total,Total,No contesta,No consta denuncia
España,2007,11,0,Total,Total,Total,No contesta,No había denuncia
España,2007,11,2,Total,Total,Total,Sí,Había denuncia
España,2007,11,0,Total,Total,Total,Sí,No consta denuncia
España,2007,11,2,Total,Total,Total,Sí,No había denuncia
España,2007,10,0,Total,Total,Total,No,Había denuncia
España,2007,10,0,Total,Total,Total,No,No consta denuncia
España,2007,10,3,Total,Total,Total,No,No había denuncia
España,2007,10,0,Total,Total,Total,No contesta,Había denuncia
España,2007,10,0,Total,Total,Total,No contesta,No consta denuncia
España,2007,10,0,Total,Total,Total,No contesta,No había denuncia
España,2007,10,0,Total,Total,Total,Sí,Había denuncia
España,2007,10,0,Total,Total,Total,Sí,No consta denuncia
España,2007,10,2,Total,Total,Total,Sí,No había denuncia
España,2007,9,0,Total,Total,Total,No,Había denuncia
España,2007,9,0,Total,Total,Total,No,No consta denuncia
España,2007,9,1,Total,Total,Total,No,No había denuncia
España,2007,9,0,Total,Total,Total,No contesta,Había denuncia
España,2007,9,0,Total,Total,Total,No contesta,No consta denuncia
España,2007,9,0,Total,Total,Total,No contesta,No había denuncia
España,2007,9,0,Total,Total,Total,Sí,Había denuncia
España,2007,9,0,Total,Total,Total,Sí,No consta denuncia
España,2007,9,3,Total,Total,Total,Sí,No había denuncia
España,2008,4,2,Total,Total,Total,No,Había denuncia
España,2008,4,0,Total,Total,Total,No,No consta denuncia
España,2008,4,2,Total,Total,Total,No,No había denuncia
España,2008,4,0,Total,Total,Total,No contesta,Había denuncia
España,2008,4,0,Total,Total,Total,No contesta,No consta denuncia
España,2008,4,0,Total,Total,Total,No contesta,No había denuncia
España,2008,4,0,Total,Total,Total,Sí,Había denuncia
España,2008,4,0,Total,Total,Total,Sí,No consta denuncia
España,2008,4,1,Total,Total,Total,Sí,No había denuncia
España,2008,8,1,Total,Total,Total,No,Había denuncia
España,2008,8,0,Total,Total,Total,No,No consta denuncia
España,2008,8,2,Total,Total,Total,No,No había denuncia
España,2008,8,0,Total,Total,Total,No contesta,Había denuncia
España,2008,8,0,Total,Total,Total,No contesta,No consta denuncia
España,2008,8,0,Total,Total,Total,No contesta,No había denuncia
España,2008,8,0,Total,Total,Total,Sí,Había denuncia
España,2008,8,0,Total,Total,Total,Sí,No consta denuncia
España,2008,8,5,Total,Total,Total,Sí,No había denuncia
España,2008,12,1,Total,Total,Total,No,Había denuncia
España,2008,12,0,Total,Total,Total,No,No consta denuncia
España,2008,12,2,Total,Total,Total,No,No había denuncia
España,2008,12,0,Total,Total,Total,No contesta,Había denuncia
España,2008,12,0,Total,Total,Total,No contesta,No consta denuncia
España,2008,12,0,Total,Total,Total,No contesta,No había denuncia
España,2008,12,3,Total,Total,Total,Sí,Había denuncia
España,2008,12,0,Total,Total,Total,Sí,No consta denuncia
España,2008,12,5,Total,Total,Total,Sí,No había denuncia
España,2008,1,0,Total,Total,Total,No,Había denuncia
España,2008,1,0,Total,Total,Total,No,No consta denuncia
España,2008,1,1,Total,Total,Total,No,No había denuncia
España,2008,1,0,Total,Total,Total,No contesta,Había denuncia
España,2008,1,0,Total,Total,Total,No contesta,No consta denuncia
España,2008,1,0,Total,Total,Total,No contesta,No había denuncia
España,2008,1,0,Total,Total,Total,Sí,Había denuncia
España,2008,1,0,Total,Total,Total,Sí,No consta denuncia
España,2008,1,6,Total,Total,Total,Sí,No había denuncia
España,2008,2,2,Total,Total,Total,No,Había denuncia
España,2008,2,0,Total,Total,Total,No,No consta denuncia
España,2008,2,1,Total,Total,Total,No,No había denuncia
España,2008,2,0,Total,Total,Total,No contesta,Había denuncia
España,2008,2,0,Total,Total,Total,No contesta,No consta denuncia
España,2008,2,0,Total,Total,Total,No contesta,No había denuncia
España,2008,2,1,Total,Total,Total,Sí,Había denuncia
España,2008,2,0,Total,Total,Total,Sí,No consta denuncia
España,2008,2,4,Total,Total,Total,Sí,No había denuncia
España,2008,7,1,Total,Total,Total,No,Había denuncia
España,2008,7,0,Total,Total,Total,No,No consta denuncia
España,2008,7,3,Total,Total,Total,No,No había denuncia
España,2008,7,0,Total,Total,Total,No contesta,Había denuncia
España,2008,7,0,Total,Total,Total,No contesta,No consta denuncia
España,2008,7,0,Total,Total,Total,No contesta,No había denuncia
España,2008,7,0,Total,Total,Total,Sí,Había denuncia
España,2008,7,0,Total,Total,Total,Sí,No consta denuncia
España,2008,7,1,Total,Total,Total,Sí,No había denuncia
España,2008,6,1,Total,Total,Total,No,Había denuncia
España,2008,6,0,Total,Total,Total,No,No consta denuncia
España,2008,6,0,Total,Total,Total,No,No había denuncia
España,2008,6,0,Total,Total,Total,No contesta,Había denuncia
España,2008,6,0,Total,Total,Total,No contesta,No consta denuncia
España,2008,6,0,Total,Total,Total,No contesta,No había denuncia
España,2008,6,0,Total,Total,Total,Sí,Había denuncia
España,2008,6,0,Total,Total,Total,Sí,No consta denuncia
España,2008,6,4,Total,Total,Total,Sí,No había denuncia
España,2008,3,0,Total,Total,Total,No,Había denuncia
España,2008,3,0,Total,Total,Total,No,No consta denuncia
España,2008,3,2,Total,Total,Total,No,No había denuncia
España,2008,3,0,Total,Total,Total,No contesta,Había denuncia
España,2008,3,0,Total,Total,Total,No contesta,No consta denuncia
España,2008,3,0,Total,Total,Total,No contesta,No había denuncia
España,2008,3,1,Total,Total,Total,Sí,Había denuncia
España,2008,3,0,Total,Total,Total,Sí,No consta denuncia
España,2008,3,1,Total,Total,Total,Sí,No había denuncia
España,2008,5,1,Total,Total,Total,No,Había denuncia
España,2008,5,0,Total,Total,Total,No,No consta denuncia
España,2008,5,1,Total,Total,Total,No,No había denuncia
España,2008,5,0,Total,Total,Total,No contesta,Había denuncia
España,2008,5,0,Total,Total,Total,No contesta,No consta denuncia
España,2008,5,0,Total,Total,Total,No contesta,No había denuncia
España,2008,5,0,Total,Total,Total,Sí,Había denuncia
España,2008,5,0,Total,Total,Total,Sí,No consta denuncia
España,2008,5,1,Total,Total,Total,Sí,No había denuncia
España,2008,11,0,Total,Total,Total,No,Había denuncia
España,2008,11,0,Total,Total,Total,No,No consta denuncia
España,2008,11,3,Total,Total,Total,No,No había denuncia
España,2008,11,0,Total,Total,Total,No contesta,Había denuncia
España,2008,11,0,Total,Total,Total,No contesta,No consta denuncia
España,2008,11,0,Total,Total,Total,No contesta,No había denuncia
España,2008,11,1,Total,Total,Total,Sí,Había denuncia
España,2008,11,0,Total,Total,Total,Sí,No consta denuncia
España,2008,11,2,Total,Total,Total,Sí,No había denuncia
España,2008,10,2,Total,Total,Total,No,Había denuncia
España,2008,10,0,Total,Total,Total,No,No consta denuncia
España,2008,10,3,Total,Total,Total,No,No había denuncia
España,2008,10,0,Total,Total,Total,No contesta,Había denuncia
España,2008,10,0,Total,Total,Total,No contesta,No consta denuncia
España,2008,10,0,Total,Total,Total,No contesta,No había denuncia
España,2008,10,0,Total,Total,Total,Sí,Había denuncia
España,2008,10,0,Total,Total,Total,Sí,No consta denuncia
España,2008,10,2,Total,Total,Total,Sí,No había denuncia
España,2008,9,1,Total,Total,Total,No,Había denuncia
España,2008,9,0,Total,Total,Total,No,No consta denuncia
España,2008,9,4,Total,Total,Total,No,No había denuncia
España,2008,9,0,Total,Total,Total,No contesta,Había denuncia
España,2008,9,0,Total,Total,Total,No contesta,No consta denuncia
España,2008,9,0,Total,Total,Total,No contesta,No había denuncia
España,2008,9,0,Total,Total,Total,Sí,Había denuncia
España,2008,9,0,Total,Total,Total,Sí,No consta denuncia
España,2008,9,2,Total,Total,Total,Sí,No había denuncia
España,2009,4,0,Total,Total,Total,No,Había denuncia
España,2009,4,0,Total,Total,Total,No,No consta denuncia
España,2009,4,0,Total,Total,Total,No,No había denuncia
España,2009,4,0,Total,Total,Total,No contesta,Había denuncia
España,2009,4,0,Total,Total,Total,No contesta,No consta denuncia
España,2009,4,0,Total,Total,Total,No contesta,No había denuncia
España,2009,4,1,Total,Total,Total,Sí,Había denuncia
España,2009,4,0,Total,Total,Total,Sí,No consta denuncia
España,2009,4,1,Total,Total,Total,Sí,No había denuncia
España,2009,8,1,Total,Total,Total,No,Había denuncia
España,2009,8,0,Total,Total,Total,No,No consta denuncia
España,2009,8,0,Total,Total,Total,No,No había denuncia
España,2009,8,0,Total,Total,Total,No contesta,Había denuncia
España,2009,8,0,Total,Total,Total,No contesta,No consta denuncia
España,2009,8,0,Total,Total,Total,No contesta,No había denuncia
España,2009,8,0,Total,Total,Total,Sí,Había denuncia
España,2009,8,0,Total,Total,Total,Sí,No consta denuncia
España,2009,8,5,Total,Total,Total,Sí,No había denuncia
España,2009,12,0,Total,Total,Total,No,Había denuncia
España,2009,12,0,Total,Total,Total,No,No consta denuncia
España,2009,12,1,Total,Total,Total,No,No había denuncia
España,2009,12,0,Total,Total,Total,No contesta,Había denuncia
España,2009,12,0,Total,Total,Total,No contesta,No consta denuncia
España,2009,12,0,Total,Total,Total,No contesta,No había denuncia
España,2009,12,0,Total,Total,Total,Sí,Había denuncia
España,2009,12,0,Total,Total,Total,Sí,No consta denuncia
España,2009,12,4,Total,Total,Total,Sí,No había denuncia
España,2009,2,0,Total,Total,Total,No,Había denuncia
España,2009,2,0,Total,Total,Total,No,No consta denuncia
España,2009,2,4,Total,Total,Total,No,No había denuncia
España,2009,2,0,Total,Total,Total,No contesta,Había denuncia
España,2009,2,0,Total,Total,Total,No contesta,No consta denuncia
España,2009,2,0,Total,Total,Total,No contesta,No había denuncia
España,2009,2,1,Total,Total,Total,Sí,Había denuncia
España,2009,2,0,Total,Total,Total,Sí,No consta denuncia
España,2009,2,0,Total,Total,Total,Sí,No había denuncia
España,2009,7,1,Total,Total,Total,No,Había denuncia
España,2009,7,0,Total,Total,Total,No,No consta denuncia
España,2009,7,1,Total,Total,Total,No,No había denuncia
España,2009,7,0,Total,Total,Total,No contesta,Había denuncia
España,2009,7,0,Total,Total,Total,No contesta,No consta denuncia
España,2009,7,0,Total,Total,Total,No contesta,No había denuncia
España,2009,7,0,Total,Total,Total,Sí,Había denuncia
España,2009,7,0,Total,Total,Total,Sí,No consta denuncia
España,2009,7,4,Total,Total,Total,Sí,No había denuncia
España,2009,6,1,Total,Total,Total,No,Había denuncia
España,2009,6,0,Total,Total,Total,No,No consta denuncia
España,2009,6,2,Total,Total,Total,No,No había denuncia
España,2009,6,0,Total,Total,Total,No contesta,Había denuncia
España,2009,6,0,Total,Total,Total,No contesta,No consta denuncia
España,2009,6,0,Total,Total,Total,No contesta,No había denuncia
España,2009,6,1,Total,Total,Total,Sí,Había denuncia
España,2009,6,0,Total,Total,Total,Sí,No consta denuncia
España,2009,6,2,Total,Total,Total,Sí,No había denuncia
España,2009,3,1,Total,Total,Total,No,Había denuncia
España,2009,3,0,Total,Total,Total,No,No consta denuncia
España,2009,3,1,Total,Total,Total,No,No había denuncia
España,2009,3,0,Total,Total,Total,No contesta,Había denuncia
España,2009,3,0,Total,Total,Total,No contesta,No consta denuncia
España,2009,3,1,Total,Total,Total,No contesta,No había denuncia
España,2009,3,2,Total,Total,Total,Sí,Había denuncia
España,2009,3,0,Total,Total,Total,Sí,No consta denuncia
España,2009,3,1,Total,Total,Total,Sí,No había denuncia
España,2009,5,3,Total,Total,Total,No,Había denuncia
España,2009,5,0,Total,Total,Total,No,No consta denuncia
España,2009,5,2,Total,Total,Total,No,No había denuncia
España,2009,5,0,Total,Total,Total,No contesta,Había denuncia
España,2009,5,0,Total,Total,Total,No contesta,No consta denuncia
España,2009,5,0,Total,Total,Total,No contesta,No había denuncia
España,2009,5,1,Total,Total,Total,Sí,Había denuncia
España,2009,5,0,Total,Total,Total,Sí,No consta denuncia
España,2009,5,3,Total,Total,Total,Sí,No había denuncia
España,2009,11,0,Total,Total,Total,No,Había denuncia
España,2009,11,0,Total,Total,Total,No,No consta denuncia
España,2009,11,1,Total,Total,Total,No,No había denuncia
España,2009,11,0,Total,Total,Total,No contesta,Había denuncia
España,2009,11,0,Total,Total,Total,No contesta,No consta denuncia
España,2009,11,0,Total,Total,Total,No contesta,No había denuncia
España,2009,11,0,Total,Total,Total,Sí,Había denuncia
España,2009,11,0,Total,Total,Total,Sí,No consta denuncia
España,2009,11,0,Total,Total,Total,Sí,No había denuncia
España,2009,10,0,Total,Total,Total,No,Había denuncia
España,2009,10,0,Total,Total,Total,No,No consta denuncia
España,2009,10,1,Total,Total,Total,No,No había denuncia
España,2009,10,0,Total,Total,Total,No contesta,Había denuncia
España,2009,10,0,Total,Total,Total,No contesta,No consta denuncia
España,2009,10,0,Total,Total,Total,No contesta,No había denuncia
España,2009,10,0,Total,Total,Total,Sí,Había denuncia
España,2009,10,0,Total,Total,Total,Sí,No consta denuncia
España,2009,10,5,Total,Total,Total,Sí,No había denuncia
España,2009,9,1,Total,Total,Total,No,Había denuncia
España,2009,9,0,Total,Total,Total,No,No consta denuncia
España,2009,9,1,Total,Total,Total,No,No había denuncia
España,2009,9,0,Total,Total,Total,No contesta,Había denuncia
España,2009,9,0,Total,Total,Total,No contesta,No consta denuncia
España,2009,9,0,Total,Total,Total,No contesta,No había denuncia
España,2009,9,1,Total,Total,Total,Sí,Había denuncia
España,2009,9,0,Total,Total,Total,Sí,No consta denuncia
España,2009,9,3,Total,Total,Total,Sí,No había denuncia
España,2010,4,1,Total,Total,Total,No,Había denuncia
España,2010,4,0,Total,Total,Total,No,No consta denuncia
España,2010,4,1,Total,Total,Total,No,No había denuncia
España,2010,4,0,Total,Total,Total,No contesta,Había denuncia
España,2010,4,0,Total,Total,Total,No contesta,No consta denuncia
España,2010,4,0,Total,Total,Total,No contesta,No había denuncia
España,2010,4,2,Total,Total,Total,Sí,Había denuncia
España,2010,4,0,Total,Total,Total,Sí,No consta denuncia
España,2010,4,4,Total,Total,Total,Sí,No había denuncia
España,2010,8,0,Total,Total,Total,No,Había denuncia
España,2010,8,0,Total,Total,Total,No,No consta denuncia
España,2010,8,0,Total,Total,Total,No,No había denuncia
España,2010,8,0,Total,Total,Total,No contesta,Había denuncia
España,2010,8,0,Total,Total,Total,No contesta,No consta denuncia
España,2010,8,0,Total,Total,Total,No contesta,No había denuncia
España,2010,8,1,Total,Total,Total,Sí,Había denuncia
España,2010,8,0,Total,Total,Total,Sí,No consta denuncia
España,2010,8,1,Total,Total,Total,Sí,No había denuncia
España,2010,12,2,Total,Total,Total,No,Había denuncia
España,2010,12,0,Total,Total,Total,No,No consta denuncia
España,2010,12,0,Total,Total,Total,No,No había denuncia
España,2010,12,0,Total,Total,Total,No contesta,Había denuncia
España,2010,12,0,Total,Total,Total,No contesta,No consta denuncia
España,2010,12,0,Total,Total,Total,No contesta,No había denuncia
España,2010,12,2,Total,Total,Total,Sí,Había denuncia
España,2010,12,0,Total,Total,Total,Sí,No consta denuncia
España,2010,12,3,Total,Total,Total,Sí,No había denuncia
España,2010,1,0,Total,Total,Total,No,Había denuncia
España,2010,1,0,Total,Total,Total,No,No consta denuncia
España,2010,1,1,Total,Total,Total,No,No había denuncia
España,2010,1,0,Total,Total,Total,No contesta,Había denuncia
España,2010,1,0,Total,Total,Total,No contesta,No consta denuncia
España,2010,1,0,Total,Total,Total,No contesta,No había denuncia
España,2010,1,0,Total,Total,Total,Sí,Había denuncia
España,2010,1,0,Total,Total,Total,Sí,No consta denuncia
España,2010,1,2,Total,Total,Total,Sí,No había denuncia
España,2010,2,0,Total,Total,Total,No,Había denuncia
España,2010,2,0,Total,Total,Total,No,No consta denuncia
España,2010,2,0,Total,Total,Total,No,No había denuncia
España,2010,2,0,Total,Total,Total,No contesta,Había denuncia
España,2010,2,0,Total,Total,Total,No contesta,No consta denuncia
España,2010,2,0,Total,Total,Total,No contesta,No había denuncia
España,2010,2,1,Total,Total,Total,Sí,Había denuncia
España,2010,2,0,Total,Total,Total,Sí,No consta denuncia
España,2010,2,3,Total,Total,Total,Sí,No había denuncia
España,2010,7,1,Total,Total,Total,No,Había denuncia
España,2010,7,0,Total,Total,Total,No,No consta denuncia
España,2010,7,3,Total,Total,Total,No,No había denuncia
España,2010,7,0,Total,Total,Total,No contesta,Había denuncia
España,2010,7,0,Total,Total,Total,No contesta,No consta denuncia
España,2010,7,0,Total,Total,Total,No contesta,No había denuncia
España,2010,7,3,Total,Total,Total,Sí,Había denuncia
España,2010,7,0,Total,Total,Total,Sí,No consta denuncia
España,2010,7,4,Total,Total,Total,Sí,No había denuncia
España,2010,6,0,Total,Total,Total,No,Había denuncia
España,2010,6,0,Total,Total,Total,No,No consta denuncia
España,2010,6,2,Total,Total,Total,No,No había denuncia
España,2010,6,0,Total,Total,Total,No contesta,Había denuncia
España,2010,6,0,Total,Total,Total,No contesta,No consta denuncia
España,2010,6,0,Total,Total,Total,No contesta,No había denuncia
España,2010,6,1,Total,Total,Total,Sí,Había denuncia
España,2010,6,0,Total,Total,Total,Sí,No consta denuncia
España,2010,6,2,Total,Total,Total,Sí,No había denuncia
España,2010,3,1,Total,Total,Total,No,Había denuncia
España,2010,3,0,Total,Total,Total,No,No consta denuncia
España,2010,3,3,Total,Total,Total,No,No había denuncia
España,2010,3,0,Total,Total,Total,No contesta,Había denuncia
España,2010,3,0,Total,Total,Total,No contesta,No consta denuncia
España,2010,3,0,Total,Total,Total,No contesta,No había denuncia
España,2010,3,0,Total,Total,Total,Sí,Había denuncia
España,2010,3,0,Total,Total,Total,Sí,No consta denuncia
España,2010,3,3,Total,Total,Total,Sí,No había denuncia
España,2010,5,0,Total,Total,Total,No,Había denuncia
España,2010,5,0,Total,Total,Total,No,No consta denuncia
España,2010,5,1,Total,Total,Total,No,No había denuncia
España,2010,5,0,Total,Total,Total,No contesta,Había denuncia
España,2010,5,0,Total,Total,Total,No contesta,No consta denuncia
España,2010,5,0,Total,Total,Total,No contesta,No había denuncia
España,2010,5,0,Total,Total,Total,Sí,Había denuncia
España,2010,5,0,Total,Total,Total,Sí,No consta denuncia
España,2010,5,5,Total,Total,Total,Sí,No había denuncia
España,2010,11,0,Total,Total,Total,No,Había denuncia
España,2010,11,0,Total,Total,Total,No,No consta denuncia
España,2010,11,3,Total,Total,Total,No,No había denuncia
España,2010,11,0,Total,Total,Total,No contesta,Había denuncia
España,2010,11,0,Total,Total,Total,No contesta,No consta denuncia
España,2010,11,0,Total,Total,Total,No contesta,No había denuncia
España,2010,11,3,Total,Total,Total,Sí,Había denuncia
España,2010,11,0,Total,Total,Total,Sí,No consta denuncia
España,2010,11,1,Total,Total,Total,Sí,No había denuncia
España,2010,10,1,Total,Total,Total,No,Había denuncia
España,2010,10,0,Total,Total,Total,No,No consta denuncia
España,2010,10,0,Total,Total,Total,No,No había denuncia
España,2010,10,0,Total,Total,Total,No contesta,Había denuncia
España,2010,10,0,Total,Total,Total,No contesta,No consta denuncia
España,2010,10,0,Total,Total,Total,No contesta,No había denuncia
España,2010,10,0,Total,Total,Total,Sí,Había denuncia
España,2010,10,0,Total,Total,Total,Sí,No consta denuncia
España,2010,10,5,Total,Total,Total,Sí,No había denuncia
España,2010,9,3,Total,Total,Total,No,Había denuncia
España,2010,9,0,Total,Total,Total,No,No consta denuncia
España,2010,9,3,Total,Total,Total,No,No había denuncia
España,2010,9,0,Total,Total,Total,No contesta,Había denuncia
España,2010,9,0,Total,Total,Total,No contesta,No consta denuncia
España,2010,9,0,Total,Total,Total,No contesta,No había denuncia
España,2010,9,0,Total,Total,Total,Sí,Había denuncia
España,2010,9,0,Total,Total,Total,Sí,No consta denuncia
España,2010,9,2,Total,Total,Total,Sí,No había denuncia
España,2011,4,0,Total,Total,Total,No,Había denuncia
España,2011,4,0,Total,Total,Total,No,No consta denuncia
España,2011,4,1,Total,Total,Total,No,No había denuncia
España,2011,4,0,Total,Total,Total,No contesta,Había denuncia
España,2011,4,0,Total,Total,Total,No contesta,No consta denuncia
España,2011,4,0,Total,Total,Total,No contesta,No había denuncia
España,2011,4,0,Total,Total,Total,Sí,Había denuncia
España,2011,4,0,Total,Total,Total,Sí,No consta denuncia
España,2011,4,2,Total,Total,Total,Sí,No había denuncia
España,2011,8,1,Total,Total,Total,No,Había denuncia
España,2011,8,0,Total,Total,Total,No,No consta denuncia
España,2011,8,1,Total,Total,Total,No,No había denuncia
España,2011,8,0,Total,Total,Total,No contesta,Había denuncia
España,2011,8,0,Total,Total,Total,No contesta,No consta denuncia
España,2011,8,0,Total,Total,Total,No contesta,No había denuncia
España,2011,8,0,Total,Total,Total,Sí,Había denuncia
España,2011,8,0,Total,Total,Total,Sí,No consta denuncia
España,2011,8,2,Total,Total,Total,Sí,No había denuncia
España,2011,12,1,Total,Total,Total,No,Había denuncia
España,2011,12,0,Total,Total,Total,No,No consta denuncia
España,2011,12,2,Total,Total,Total,No,No había denuncia
España,2011,12,0,Total,Total,Total,No contesta,Había denuncia
España,2011,12,0,Total,Total,Total,No contesta,No consta denuncia
España,2011,12,0,Total,Total,Total,No contesta,No había denuncia
España,2011,12,0,Total,Total,Total,Sí,Había denuncia
España,2011,12,0,Total,Total,Total,Sí,No consta denuncia
España,2011,12,3,Total,Total,Total,Sí,No había denuncia
España,2011,1,1,Total,Total,Total,No,Había denuncia
España,2011,1,0,Total,Total,Total,No,No consta denuncia
España,2011,1,0,Total,Total,Total,No,No había denuncia
España,2011,1,0,Total,Total,Total,No contesta,Había denuncia
España,2011,1,0,Total,Total,Total,No contesta,No consta denuncia
España,2011,1,0,Total,Total,Total,No contesta,No había denuncia
España,2011,1,0,Total,Total,Total,Sí,Había denuncia
España,2011,1,0,Total,Total,Total,Sí,No consta denuncia
España,2011,1,7,Total,Total,Total,Sí,No había denuncia
España,2011,2,1,Total,Total,Total,No,Había denuncia
España,2011,2,0,Total,Total,Total,No,No consta denuncia
España,2011,2,2,Total,Total,Total,No,No había denuncia
España,2011,2,0,Total,Total,Total,No contesta,Había denuncia
España,2011,2,0,Total,Total,Total,No contesta,No consta denuncia
España,2011,2,0,Total,Total,Total,No contesta,No había denuncia
España,2011,2,1,Total,Total,Total,Sí,Había denuncia
España,2011,2,0,Total,Total,Total,Sí,No consta denuncia
España,2011,2,2,Total,Total,Total,Sí,No había denuncia
España,2011,7,1,Total,Total,Total,No,Había denuncia
España,2011,7,0,Total,Total,Total,No,No consta denuncia
España,2011,7,1,Total,Total,Total,No,No había denuncia
España,2011,7,0,Total,Total,Total,No contesta,Había denuncia
España,2011,7,0,Total,Total,Total,No contesta,No consta denuncia
España,2011,7,0,Total,Total,Total,No contesta,No había denuncia
España,2011,7,3,Total,Total,Total,Sí,Había denuncia
España,2011,7,0,Total,Total,Total,Sí,No consta denuncia
España,2011,7,2,Total,Total,Total,Sí,No había denuncia
España,2011,6,0,Total,Total,Total,No,Había denuncia
España,2011,6,0,Total,Total,Total,No,No consta denuncia
España,2011,6,0,Total,Total,Total,No,No había denuncia
España,2011,6,0,Total,Total,Total,No contesta,Había denuncia
España,2011,6,0,Total,Total,Total,No contesta,No consta denuncia
España,2011,6,0,Total,Total,Total,No contesta,No había denuncia
España,2011,6,0,Total,Total,Total,Sí,Había denuncia
España,2011,6,0,Total,Total,Total,Sí,No consta denuncia
España,2011,6,2,Total,Total,Total,Sí,No había denuncia
España,2011,3,2,Total,Total,Total,No,Había denuncia
España,2011,3,0,Total,Total,Total,No,No consta denuncia
España,2011,3,0,Total,Total,Total,No,No había denuncia
España,2011,3,0,Total,Total,Total,No contesta,Había denuncia
España,2011,3,0,Total,Total,Total,No contesta,No consta denuncia
España,2011,3,0,Total,Total,Total,No contesta,No había denuncia
España,2011,3,0,Total,Total,Total,Sí,Había denuncia
España,2011,3,0,Total,Total,Total,Sí,No consta denuncia
España,2011,3,1,Total,Total,Total,Sí,No había denuncia
España,2011,5,1,Total,Total,Total,No,Había denuncia
España,2011,5,0,Total,Total,Total,No,No consta denuncia
España,2011,5,3,Total,Total,Total,No,No había denuncia
España,2011,5,0,Total,Total,Total,No contesta,Había denuncia
España,2011,5,0,Total,Total,Total,No contesta,No consta denuncia
España,2011,5,0,Total,Total,Total,No contesta,No había denuncia
España,2011,5,1,Total,Total,Total,Sí,Había denuncia
España,2011,5,0,Total,Total,Total,Sí,No consta denuncia
España,2011,5,3,Total,Total,Total,Sí,No había denuncia
España,2011,11,0,Total,Total,Total,No,Había denuncia
España,2011,11,0,Total,Total,Total,No,No consta denuncia
España,2011,11,1,Total,Total,Total,No,No había denuncia
España,2011,11,0,Total,Total,Total,No contesta,Había denuncia
España,2011,11,0,Total,Total,Total,No contesta,No consta denuncia
España,2011,11,0,Total,Total,Total,No contesta,No había denuncia
España,2011,11,0,Total,Total,Total,Sí,Había denuncia
España,2011,11,0,Total,Total,Total,Sí,No consta denuncia
España,2011,11,2,Total,Total,Total,Sí,No había denuncia
España,2011,10,0,Total,Total,Total,No,Había denuncia
España,2011,10,0,Total,Total,Total,No,No consta denuncia
España,2011,10,1,Total,Total,Total,No,No había denuncia
España,2011,10,0,Total,Total,Total,No contesta,Había denuncia
España,2011,10,0,Total,Total,Total,No contesta,No consta denuncia
España,2011,10,0,Total,Total,Total,No contesta,No había denuncia
España,2011,10,0,Total,Total,Total,Sí,Había denuncia
España,2011,10,0,Total,Total,Total,Sí,No consta denuncia
España,2011,10,5,Total,Total,Total,Sí,No había denuncia
España,2011,9,2,Total,Total,Total,No,Había denuncia
España,2011,9,0,Total,Total,Total,No,No consta denuncia
España,2011,9,0,Total,Total,Total,No,No había denuncia
España,2011,9,0,Total,Total,Total,No contesta,Había denuncia
España,2011,9,0,Total,Total,Total,No contesta,No consta denuncia
España,2011,9,0,Total,Total,Total,No contesta,No había denuncia
España,2011,9,0,Total,Total,Total,Sí,Había denuncia
España,2011,9,0,Total,Total,Total,Sí,No consta denuncia
España,2011,9,4,Total,Total,Total,Sí,No había denuncia
España,2012,4,0,Total,Total,Total,No,Había denuncia
España,2012,4,0,Total,Total,Total,No,No consta denuncia
España,2012,4,1,Total,Total,Total,No,No había denuncia
España,2012,4,0,Total,Total,Total,No contesta,Había denuncia
España,2012,4,0,Total,Total,Total,No contesta,No consta denuncia
España,2012,4,0,Total,Total,Total,No contesta,No había denuncia
España,2012,4,0,Total,Total,Total,Sí,Había denuncia
España,2012,4,0,Total,Total,Total,Sí,No consta denuncia
España,2012,4,3,Total,Total,Total,Sí,No había denuncia
España,2012,8,0,Total,Total,Total,No,Había denuncia
España,2012,8,0,Total,Total,Total,No,No consta denuncia
España,2012,8,1,Total,Total,Total,No,No había denuncia
España,2012,8,0,Total,Total,Total,No contesta,Había denuncia
España,2012,8,0,Total,Total,Total,No contesta,No consta denuncia
España,2012,8,0,Total,Total,Total,No contesta,No había denuncia
España,2012,8,0,Total,Total,Total,Sí,Había denuncia
España,2012,8,0,Total,Total,Total,Sí,No consta denuncia
España,2012,8,1,Total,Total,Total,Sí,No había denuncia
España,2012,12,1,Total,Total,Total,No,Había denuncia
España,2012,12,0,Total,Total,Total,No,No consta denuncia
España,2012,12,1,Total,Total,Total,No,No había denuncia
España,2012,12,0,Total,Total,Total,No contesta,Había denuncia
España,2012,12,0,Total,Total,Total,No contesta,No consta denuncia
España,2012,12,0,Total,Total,Total,No contesta,No había denuncia
España,2012,12,0,Total,Total,Total,Sí,Había denuncia
España,2012,12,0,Total,Total,Total,Sí,No consta denuncia
España,2012,12,1,Total,Total,Total,Sí,No había denuncia
España,2012,1,0,Total,Total,Total,No,Había denuncia
España,2012,1,0,Total,Total,Total,No,No consta denuncia
España,2012,1,1,Total,Total,Total,No,No había denuncia
España,2012,1,0,Total,Total,Total,No contesta,Había denuncia
España,2012,1,0,Total,Total,Total,No contesta,No consta denuncia
España,2012,1,0,Total,Total,Total,No contesta,No había denuncia
España,2012,1,0,Total,Total,Total,Sí,Había denuncia
España,2012,1,0,Total,Total,Total,Sí,No consta denuncia
España,2012,1,7,Total,Total,Total,Sí,No había denuncia
España,2012,2,0,Total,Total,Total,No,Había denuncia
España,2012,2,0,Total,Total,Total,No,No consta denuncia
España,2012,2,2,Total,Total,Total,No,No había denuncia
España,2012,2,0,Total,Total,Total,No contesta,Había denuncia
España,2012,2,0,Total,Total,Total,No contesta,No consta denuncia
España,2012,2,0,Total,Total,Total,No contesta,No había denuncia
España,2012,2,0,Total,Total,Total,Sí,Había denuncia
España,2012,2,0,Total,Total,Total,Sí,No consta denuncia
España,2012,2,0,Total,Total,Total,Sí,No había denuncia
España,2012,7,1,Total,Total,Total,No,Había denuncia
España,2012,7,0,Total,Total,Total,No,No consta denuncia
España,2012,7,0,Total,Total,Total,No,No había denuncia
España,2012,7,0,Total,Total,Total,No contesta,Había denuncia
España,2012,7,0,Total,Total,Total,No contesta,No consta denuncia
España,2012,7,0,Total,Total,Total,No contesta,No había denuncia
España,2012,7,0,Total,Total,Total,Sí,Había denuncia
España,2012,7,0,Total,Total,Total,Sí,No consta denuncia
España,2012,7,2,Total,Total,Total,Sí,No había denuncia
España,2012,6,1,Total,Total,Total,No,Había denuncia
España,2012,6,0,Total,Total,Total,No,No consta denuncia
España,2012,6,0,Total,Total,Total,No,No había denuncia
España,2012,6,0,Total,Total,Total,No contesta,Había denuncia
España,2012,6,0,Total,Total,Total,No contesta,No consta denuncia
España,2012,6,0,Total,Total,Total,No contesta,No había denuncia
España,2012,6,4,Total,Total,Total,Sí,Había denuncia
España,2012,6,0,Total,Total,Total,Sí,No consta denuncia
España,2012,6,5,Total,Total,Total,Sí,No había denuncia
España,2012,3,0,Total,Total,Total,No,Había denuncia
España,2012,3,0,Total,Total,Total,No,No consta denuncia
España,2012,3,0,Total,Total,Total,No,No había denuncia
España,2012,3,0,Total,Total,Total,No contesta,Había denuncia
España,2012,3,0,Total,Total,Total,No contesta,No consta denuncia
España,2012,3,0,Total,Total,Total,No contesta,No había denuncia
España,2012,3,0,Total,Total,Total,Sí,Había denuncia
España,2012,3,0,Total,Total,Total,Sí,No consta denuncia
España,2012,3,2,Total,Total,Total,Sí,No había denuncia
España,2012,5,0,Total,Total,Total,No,Había denuncia
España,2012,5,0,Total,Total,Total,No,No consta denuncia
España,2012,5,0,Total,Total,Total,No,No había denuncia
España,2012,5,0,Total,Total,Total,No contesta,Había denuncia
España,2012,5,0,Total,Total,Total,No contesta,No consta denuncia
España,2012,5,0,Total,Total,Total,No contesta,No había denuncia
España,2012,5,0,Total,Total,Total,Sí,Había denuncia
España,2012,5,0,Total,Total,Total,Sí,No consta denuncia
España,2012,5,3,Total,Total,Total,Sí,No había denuncia
España,2012,11,0,Total,Total,Total,No,Había denuncia
España,2012,11,0,Total,Total,Total,No,No consta denuncia
España,2012,11,0,Total,Total,Total,No,No había denuncia
España,2012,11,0,Total,Total,Total,No contesta,Había denuncia
España,2012,11,0,Total,Total,Total,No contesta,No consta denuncia
España,2012,11,0,Total,Total,Total,No contesta,No había denuncia
España,2012,11,1,Total,Total,Total,Sí,Había denuncia
España,2012,11,0,Total,Total,Total,Sí,No consta denuncia
España,2012,11,5,Total,Total,Total,Sí,No había denuncia
España,2012,10,1,Total,Total,Total,No,Había denuncia
España,2012,10,0,Total,Total,Total,No,No consta denuncia
España,2012,10,2,Total,Total,Total,No,No había denuncia
España,2012,10,0,Total,Total,Total,No contesta,Había denuncia
España,2012,10,0,Total,Total,Total,No contesta,No consta denuncia
España,2012,10,0,Total,Total,Total,No contesta,No había denuncia
España,2012,10,0,Total,Total,Total,Sí,Había denuncia
España,2012,10,0,Total,Total,Total,Sí,No consta denuncia
España,2012,10,3,Total,Total,Total,Sí,No había denuncia
España,2012,9,0,Total,Total,Total,No,Había denuncia
España,2012,9,0,Total,Total,Total,No,No consta denuncia
España,2012,9,2,Total,Total,Total,No,No había denuncia
España,2012,9,0,Total,Total,Total,No contesta,Había denuncia
España,2012,9,0,Total,Total,Total,No contesta,No consta denuncia
España,2012,9,0,Total,Total,Total,No contesta,No había denuncia
España,2012,9,0,Total,Total,Total,Sí,Había denuncia
España,2012,9,0,Total,Total,Total,Sí,No consta denuncia
España,2012,9,0,Total,Total,Total,Sí,No había denuncia
España,2013,4,0,Total,Total,Total,No,Había denuncia
España,2013,4,0,Total,Total,Total,No,No consta denuncia
España,2013,4,0,Total,Total,Total,No,No había denuncia
España,2013,4,0,Total,Total,Total,No contesta,Había denuncia
España,2013,4,0,Total,Total,Total,No contesta,No consta denuncia
España,2013,4,0,Total,Total,Total,No contesta,No había denuncia
España,2013,4,1,Total,Total,Total,Sí,Había denuncia
España,2013,4,0,Total,Total,Total,Sí,No consta denuncia
España,2013,4,5,Total,Total,Total,Sí,No había denuncia
España,2013,8,1,Total,Total,Total,No,Había denuncia
España,2013,8,0,Total,Total,Total,No,No consta denuncia
España,2013,8,0,Total,Total,Total,No,No había denuncia
España,2013,8,0,Total,Total,Total,No contesta,Había denuncia
España,2013,8,0,Total,Total,Total,No contesta,No consta denuncia
España,2013,8,0,Total,Total,Total,No contesta,No había denuncia
España,2013,8,0,Total,Total,Total,Sí,Había denuncia
España,2013,8,0,Total,Total,Total,Sí,No consta denuncia
España,2013,8,1,Total,Total,Total,Sí,No había denuncia
España,2013,12,1,Total,Total,Total,No,Había denuncia
España,2013,12,0,Total,Total,Total,No,No consta denuncia
España,2013,12,0,Total,Total,Total,No,No había denuncia
España,2013,12,0,Total,Total,Total,No contesta,Había denuncia
España,2013,12,0,Total,Total,Total,No contesta,No consta denuncia
España,2013,12,0,Total,Total,Total,No contesta,No había denuncia
España,2013,12,0,Total,Total,Total,Sí,Había denuncia
España,2013,12,0,Total,Total,Total,Sí,No consta denuncia
España,2013,12,1,Total,Total,Total,Sí,No había denuncia
España,2013,1,0,Total,Total,Total,No,Había denuncia
España,2013,1,0,Total,Total,Total,No,No consta denuncia
España,2013,1,2,Total,Total,Total,No,No había denuncia
España,2013,1,0,Total,Total,Total,No contesta,Había denuncia
España,2013,1,0,Total,Total,Total,No contesta,No consta denuncia
España,2013,1,0,Total,Total,Total,No contesta,No había denuncia
España,2013,1,0,Total,Total,Total,Sí,Había denuncia
España,2013,1,0,Total,Total,Total,Sí,No consta denuncia
España,2013,1,2,Total,Total,Total,Sí,No había denuncia
España,2013,2,1,Total,Total,Total,No,Había denuncia
España,2013,2,0,Total,Total,Total,No,No consta denuncia
España,2013,2,2,Total,Total,Total,No,No había denuncia
España,2013,2,0,Total,Total,Total,No contesta,Había denuncia
España,2013,2,0,Total,Total,Total,No contesta,No consta denuncia
España,2013,2,0,Total,Total,Total,No contesta,No había denuncia
España,2013,2,0,Total,Total,Total,Sí,Había denuncia
España,2013,2,0,Total,Total,Total,Sí,No consta denuncia
España,2013,2,1,Total,Total,Total,Sí,No había denuncia
España,2013,7,0,Total,Total,Total,No,Había denuncia
España,2013,7,0,Total,Total,Total,No,No consta denuncia
España,2013,7,2,Total,Total,Total,No,No había denuncia
España,2013,7,0,Total,Total,Total,No contesta,Había denuncia
España,2013,7,0,Total,Total,Total,No contesta,No consta denuncia
España,2013,7,0,Total,Total,Total,No contesta,No había denuncia
España,2013,7,0,Total,Total,Total,Sí,Había denuncia
España,2013,7,0,Total,Total,Total,Sí,No consta denuncia
España,2013,7,0,Total,Total,Total,Sí,No había denuncia
España,2013,6,0,Total,Total,Total,No,Había denuncia
España,2013,6,0,Total,Total,Total,No,No consta denuncia
España,2013,6,1,Total,Total,Total,No,No había denuncia
España,2013,6,0,Total,Total,Total,No contesta,Había denuncia
España,2013,6,0,Total,Total,Total,No contesta,No consta denuncia
España,2013,6,0,Total,Total,Total,No contesta,No había denuncia
España,2013,6,0,Total,Total,Total,Sí,Había denuncia
España,2013,6,0,Total,Total,Total,Sí,No consta denuncia
España,2013,6,1,Total,Total,Total,Sí,No había denuncia
España,2013,3,0,Total,Total,Total,No,Había denuncia
España,2013,3,0,Total,Total,Total,No,No consta denuncia
España,2013,3,1,Total,Total,Total,No,No había denuncia
España,2013,3,0,Total,Total,Total,No contesta,Había denuncia
España,2013,3,0,Total,Total,Total,No contesta,No consta denuncia
España,2013,3,0,Total,Total,Total,No contesta,No había denuncia
España,2013,3,2,Total,Total,Total,Sí,Había denuncia
España,2013,3,0,Total,Total,Total,Sí,No consta denuncia
España,2013,3,5,Total,Total,Total,Sí,No había denuncia
España,2013,5,1,Total,Total,Total,No,Había denuncia
España,2013,5,0,Total,Total,Total,No,No consta denuncia
España,2013,5,3,Total,Total,Total,No,No había denuncia
España,2013,5,0,Total,Total,Total,No contesta,Había denuncia
España,2013,5,0,Total,Total,Total,No contesta,No consta denuncia
España,2013,5,0,Total,Total,Total,No contesta,No había denuncia
España,2013,5,0,Total,Total,Total,Sí,Había denuncia
España,2013,5,0,Total,Total,Total,Sí,No consta denuncia
España,2013,5,2,Total,Total,Total,Sí,No había denuncia
España,2013,11,1,Total,Total,Total,No,Había denuncia
España,2013,11,0,Total,Total,Total,No,No consta denuncia
España,2013,11,3,Total,Total,Total,No,No había denuncia
España,2013,11,0,Total,Total,Total,No contesta,Había denuncia
España,2013,11,0,Total,Total,Total,No contesta,No consta denuncia
España,2013,11,0,Total,Total,Total,No contesta,No había denuncia
España,2013,11,0,Total,Total,Total,Sí,Había denuncia
España,2013,11,0,Total,Total,Total,Sí,No consta denuncia
España,2013,11,1,Total,Total,Total,Sí,No había denuncia
España,2013,10,0,Total,Total,Total,No,Había denuncia
España,2013,10,0,Total,Total,Total,No,No consta denuncia
España,2013,10,2,Total,Total,Total,No,No había denuncia
España,2013,10,0,Total,Total,Total,No contesta,Había denuncia
España,2013,10,0,Total,Total,Total,No contesta,No consta denuncia
España,2013,10,0,Total,Total,Total,No contesta,No había denuncia
España,2013,10,1,Total,Total,Total,Sí,Había denuncia
España,2013,10,0,Total,Total,Total,Sí,No consta denuncia
España,2013,10,2,Total,Total,Total,Sí,No había denuncia
España,2013,9,1,Total,Total,Total,No,Había denuncia
España,2013,9,0,Total,Total,Total,No,No consta denuncia
España,2013,9,2,Total,Total,Total,No,No había denuncia
España,2013,9,0,Total,Total,Total,No contesta,Había denuncia
España,2013,9,0,Total,Total,Total,No contesta,No consta denuncia
España,2013,9,0,Total,Total,Total,No contesta,No había denuncia
España,2013,9,0,Total,Total,Total,Sí,Había denuncia
España,2013,9,0,Total,Total,Total,Sí,No consta denuncia
España,2013,9,5,Total,Total,Total,Sí,No había denuncia
España,2014,4,0,Total,Total,Total,No,Había denuncia
España,2014,4,0,Total,Total,Total,No,No consta denuncia
España,2014,4,1,Total,Total,Total,No,No había denuncia
España,2014,4,0,Total,Total,Total,No contesta,Había denuncia
España,2014,4,0,Total,Total,Total,No contesta,No consta denuncia
España,2014,4,0,Total,Total,Total,No contesta,No había denuncia
España,2014,4,0,Total,Total,Total,Sí,Había denuncia
España,2014,4,0,Total,Total,Total,Sí,No consta denuncia
España,2014,4,3,Total,Total,Total,Sí,No había denuncia
España,2014,8,1,Total,Total,Total,No,Había denuncia
España,2014,8,0,Total,Total,Total,No,No consta denuncia
España,2014,8,0,Total,Total,Total,No,No había denuncia
España,2014,8,0,Total,Total,Total,No contesta,Había denuncia
España,2014,8,0,Total,Total,Total,No contesta,No consta denuncia
España,2014,8,0,Total,Total,Total,No contesta,No había denuncia
España,2014,8,0,Total,Total,Total,Sí,Había denuncia
España,2014,8,0,Total,Total,Total,Sí,No consta denuncia
España,2014,8,7,Total,Total,Total,Sí,No había denuncia
España,2014,12,1,Total,Total,Total,No,Había denuncia
España,2014,12,0,Total,Total,Total,No,No consta denuncia
España,2014,12,1,Total,Total,Total,No,No había denuncia
España,2014,12,0,Total,Total,Total,No contesta,Había denuncia
España,2014,12,0,Total,Total,Total,No contesta,No consta denuncia
España,2014,12,0,Total,Total,Total,No contesta,No había denuncia
España,2014,12,1,Total,Total,Total,Sí,Había denuncia
España,2014,12,0,Total,Total,Total,Sí,No consta denuncia
España,2014,12,3,Total,Total,Total,Sí,No había denuncia
España,2014,1,0,Total,Total,Total,No,Había denuncia
España,2014,1,0,Total,Total,Total,No,No consta denuncia
España,2014,1,1,Total,Total,Total,No,No había denuncia
España,2014,1,0,Total,Total,Total,No contesta,Había denuncia
España,2014,1,0,Total,Total,Total,No contesta,No consta denuncia
España,2014,1,0,Total,Total,Total,No contesta,No había denuncia
España,2014,1,3,Total,Total,Total,Sí,Había denuncia
España,2014,1,0,Total,Total,Total,Sí,No consta denuncia
España,2014,1,3,Total,Total,Total,Sí,No había denuncia
España,2014,2,1,Total,Total,Total,No,Había denuncia
España,2014,2,0,Total,Total,Total,No,No consta denuncia
España,2014,2,1,Total,Total,Total,No,No había denuncia
España,2014,2,0,Total,Total,Total,No contesta,Había denuncia
España,2014,2,0,Total,Total,Total,No contesta,No consta denuncia
España,2014,2,0,Total,Total,Total,No contesta,No había denuncia
España,2014,2,1,Total,Total,Total,Sí,Había denuncia
España,2014,2,0,Total,Total,Total,Sí,No consta denuncia
España,2014,2,2,Total,Total,Total,Sí,No había denuncia
España,2014,7,1,Total,Total,Total,No,Había denuncia
España,2014,7,0,Total,Total,Total,No,No consta denuncia
España,2014,7,1,Total,Total,Total,No,No había denuncia
España,2014,7,0,Total,Total,Total,No contesta,Había denuncia
España,2014,7,0,Total,Total,Total,No contesta,No consta denuncia
España,2014,7,0,Total,Total,Total,No contesta,No había denuncia
España,2014,7,0,Total,Total,Total,Sí,Había denuncia
España,2014,7,0,Total,Total,Total,Sí,No consta denuncia
España,2014,7,2,Total,Total,Total,Sí,No había denuncia
España,2014,6,1,Total,Total,Total,No,Había denuncia
España,2014,6,0,Total,Total,Total,No,No consta denuncia
España,2014,6,1,Total,Total,Total,No,No había denuncia
España,2014,6,0,Total,Total,Total,No contesta,Había denuncia
España,2014,6,0,Total,Total,Total,No contesta,No consta denuncia
España,2014,6,0,Total,Total,Total,No contesta,No había denuncia
España,2014,6,0,Total,Total,Total,Sí,Había denuncia
España,2014,6,0,Total,Total,Total,Sí,No consta denuncia
España,2014,6,1,Total,Total,Total,Sí,No había denuncia
España,2014,3,0,Total,Total,Total,No,Había denuncia
España,2014,3,0,Total,Total,Total,No,No consta denuncia
España,2014,3,4,Total,Total,Total,No,No había denuncia
España,2014,3,0,Total,Total,Total,No contesta,Había denuncia
España,2014,3,0,Total,Total,Total,No contesta,No consta denuncia
España,2014,3,0,Total,Total,Total,No contesta,No había denuncia
España,2014,3,1,Total,Total,Total,Sí,Había denuncia
España,2014,3,0,Total,Total,Total,Sí,No consta denuncia
España,2014,3,3,Total,Total,Total,Sí,No había denuncia
España,2014,5,1,Total,Total,Total,No,Había denuncia
España,2014,5,0,Total,Total,Total,No,No consta denuncia
España,2014,5,0,Total,Total,Total,No,No había denuncia
España,2014,5,0,Total,Total,Total,No contesta,Había denuncia
España,2014,5,0,Total,Total,Total,No contesta,No consta denuncia
España,2014,5,0,Total,Total,Total,No contesta,No había denuncia
España,2014,5,0,Total,Total,Total,Sí,Había denuncia
España,2014,5,0,Total,Total,Total,Sí,No consta denuncia
España,2014,5,2,Total,Total,Total,Sí,No había denuncia
España,2014,11,1,Total,Total,Total,No,Había denuncia
España,2014,11,0,Total,Total,Total,No,No consta denuncia
España,2014,11,1,Total,Total,Total,No,No había denuncia
España,2014,11,0,Total,Total,Total,No contesta,Había denuncia
España,2014,11,0,Total,Total,Total,No contesta,No consta denuncia
España,2014,11,0,Total,Total,Total,No contesta,No había denuncia
España,2014,11,2,Total,Total,Total,Sí,Había denuncia
España,2014,11,0,Total,Total,Total,Sí,No consta denuncia
España,2014,11,1,Total,Total,Total,Sí,No había denuncia
España,2014,10,0,Total,Total,Total,No,Había denuncia
España,2014,10,0,Total,Total,Total,No,No consta denuncia
España,2014,10,0,Total,Total,Total,No,No había denuncia
España,2014,10,0,Total,Total,Total,No contesta,Había denuncia
España,2014,10,0,Total,Total,Total,No contesta,No consta denuncia
España,2014,10,0,Total,Total,Total,No contesta,No había denuncia
España,2014,10,1,Total,Total,Total,Sí,Había denuncia
España,2014,10,0,Total,Total,Total,Sí,No consta denuncia
España,2014,10,1,Total,Total,Total,Sí,No había denuncia
España,2014,9,0,Total,Total,Total,No,Había denuncia
España,2014,9,0,Total,Total,Total,No,No consta denuncia
España,2014,9,0,Total,Total,Total,No,No había denuncia
España,2014,9,0,Total,Total,Total,No contesta,Había denuncia
España,2014,9,0,Total,Total,Total,No contesta,No consta denuncia
España,2014,9,0,Total,Total,Total,No contesta,No había denuncia
España,2014,9,0,Total,Total,Total,Sí,Había denuncia
España,2014,9,0,Total,Total,Total,Sí,No consta denuncia
España,2014,9,2,Total,Total,Total,Sí,No había denuncia
España,2015,4,0,Total,Total,Total,No,Había denuncia
España,2015,4,0,Total,Total,Total,No,No consta denuncia
España,2015,4,0,Total,Total,Total,No,No había denuncia
España,2015,4,0,Total,Total,Total,No contesta,Había denuncia
España,2015,4,0,Total,Total,Total,No contesta,No consta denuncia
España,2015,4,0,Total,Total,Total,No contesta,No había denuncia
España,2015,4,0,Total,Total,Total,Sí,Había denuncia
España,2015,4,0,Total,Total,Total,Sí,No consta denuncia
España,2015,4,1,Total,Total,Total,Sí,No había denuncia
España,2015,8,0,Total,Total,Total,No,Había denuncia
España,2015,8,0,Total,Total,Total,No,No consta denuncia
España,2015,8,4,Total,Total,Total,No,No había denuncia
España,2015,8,0,Total,Total,Total,No contesta,Había denuncia
España,2015,8,0,Total,Total,Total,No contesta,No consta denuncia
España,2015,8,0,Total,Total,Total,No contesta,No había denuncia
España,2015,8,0,Total,Total,Total,Sí,Había denuncia
España,2015,8,0,Total,Total,Total,Sí,No consta denuncia
España,2015,8,2,Total,Total,Total,Sí,No había denuncia
España,2015,12,2,Total,Total,Total,No,Había denuncia
España,2015,12,0,Total,Total,Total,No,No consta denuncia
España,2015,12,0,Total,Total,Total,No,No había denuncia
España,2015,12,0,Total,Total,Total,No contesta,Había denuncia
España,2015,12,0,Total,Total,Total,No contesta,No consta denuncia
España,2015,12,0,Total,Total,Total,No contesta,No había denuncia
España,2015,12,1,Total,Total,Total,Sí,Había denuncia
España,2015,12,0,Total,Total,Total,Sí,No consta denuncia
España,2015,12,6,Total,Total,Total,Sí,No había denuncia
España,2015,1,0,Total,Total,Total,No,Había denuncia
España,2015,1,0,Total,Total,Total,No,No consta denuncia
España,2015,1,0,Total,Total,Total,No,No había denuncia
España,2015,1,0,Total,Total,Total,No contesta,Había denuncia
España,2015,1,0,Total,Total,Total,No contesta,No consta denuncia
España,2015,1,0,Total,Total,Total,No contesta,No había denuncia
España,2015,1,1,Total,Total,Total,Sí,Había denuncia
España,2015,1,0,Total,Total,Total,Sí,No consta denuncia
España,2015,1,2,Total,Total,Total,Sí,No había denuncia
España,2015,2,0,Total,Total,Total,No,Había denuncia
España,2015,2,0,Total,Total,Total,No,No consta denuncia
España,2015,2,1,Total,Total,Total,No,No había denuncia
España,2015,2,0,Total,Total,Total,No contesta,Había denuncia
España,2015,2,0,Total,Total,Total,No contesta,No consta denuncia
España,2015,2,0,Total,Total,Total,No contesta,No había denuncia
España,2015,2,0,Total,Total,Total,Sí,Había denuncia
España,2015,2,0,Total,Total,Total,Sí,No consta denuncia
España,2015,2,1,Total,Total,Total,Sí,No había denuncia
España,2015,7,0,Total,Total,Total,No,Había denuncia
España,2015,7,0,Total,Total,Total,No,No consta denuncia
España,2015,7,5,Total,Total,Total,No,No había denuncia
España,2015,7,0,Total,Total,Total,No contesta,Había denuncia
España,2015,7,0,Total,Total,Total,No contesta,No consta denuncia
España,2015,7,0,Total,Total,Total,No contesta,No había denuncia
España,2015,7,1,Total,Total,Total,Sí,Había denuncia
España,2015,7,0,Total,Total,Total,Sí,No consta denuncia
España,2015,7,3,Total,Total,Total,Sí,No había denuncia
España,2015,6,0,Total,Total,Total,No,Había denuncia
España,2015,6,0,Total,Total,Total,No,No consta denuncia
España,2015,6,1,Total,Total,Total,No,No había denuncia
España,2015,6,0,Total,Total,Total,No contesta,Había denuncia
España,2015,6,0,Total,Total,Total,No contesta,No consta denuncia
España,2015,6,0,Total,Total,Total,No contesta,No había denuncia
España,2015,6,1,Total,Total,Total,Sí,Había denuncia
España,2015,6,0,Total,Total,Total,Sí,No consta denuncia
España,2015,6,3,Total,Total,Total,Sí,No había denuncia
España,2015,3,0,Total,Total,Total,No,Había denuncia
España,2015,3,0,Total,Total,Total,No,No consta denuncia
España,2015,3,0,Total,Total,Total,No,No había denuncia
España,2015,3,0,Total,Total,Total,No contesta,Había denuncia
España,2015,3,0,Total,Total,Total,No contesta,No consta denuncia
España,2015,3,0,Total,Total,Total,No contesta,No había denuncia
España,2015,3,0,Total,Total,Total,Sí,Había denuncia
España,2015,3,0,Total,Total,Total,Sí,No consta denuncia
España,2015,3,4,Total,Total,Total,Sí,No había denuncia
España,2015,5,1,Total,Total,Total,No,Había denuncia
España,2015,5,0,Total,Total,Total,No,No consta denuncia
España,2015,5,0,Total,Total,Total,No,No había denuncia
España,2015,5,0,Total,Total,Total,No contesta,Había denuncia
España,2015,5,0,Total,Total,Total,No contesta,No consta denuncia
España,2015,5,0,Total,Total,Total,No contesta,No había denuncia
España,2015,5,0,Total,Total,Total,Sí,Había denuncia
España,2015,5,0,Total,Total,Total,Sí,No consta denuncia
España,2015,5,3,Total,Total,Total,Sí,No había denuncia
España,2015,11,1,Total,Total,Total,No,Había denuncia
España,2015,11,0,Total,Total,Total,No,No consta denuncia
España,2015,11,0,Total,Total,Total,No,No había denuncia
España,2015,11,0,Total,Total,Total,No contesta,Había denuncia
España,2015,11,0,Total,Total,Total,No contesta,No consta denuncia
España,2015,11,0,Total,Total,Total,No contesta,No había denuncia
España,2015,11,1,Total,Total,Total,Sí,Había denuncia
España,2015,11,0,Total,Total,Total,Sí,No consta denuncia
España,2015,11,5,Total,Total,Total,Sí,No había denuncia
España,2015,10,1,Total,Total,Total,No,Había denuncia
España,2015,10,0,Total,Total,Total,No,No consta denuncia
España,2015,10,2,Total,Total,Total,No,No había denuncia
España,2015,10,0,Total,Total,Total,No contesta,Había denuncia
España,2015,10,0,Total,Total,Total,No contesta,No consta denuncia
España,2015,10,0,Total,Total,Total,No contesta,No había denuncia
España,2015,10,2,Total,Total,Total,Sí,Había denuncia
España,2015,10,0,Total,Total,Total,Sí,No consta denuncia
España,2015,10,2,Total,Total,Total,Sí,No había denuncia
España,2015,9,0,Total,Total,Total,No,Había denuncia
España,2015,9,0,Total,Total,Total,No,No consta denuncia
España,2015,9,2,Total,Total,Total,No,No había denuncia
España,2015,9,0,Total,Total,Total,No contesta,Había denuncia
España,2015,9,0,Total,Total,Total,No contesta,No consta denuncia
España,2015,9,0,Total,Total,Total,No contesta,No había denuncia
España,2015,9,0,Total,Total,Total,Sí,Había denuncia
España,2015,9,0,Total,Total,Total,Sí,No consta denuncia
España,2015,9,0,Total,Total,Total,Sí,No había denuncia
España,2016,4,1,Total,Total,Total,No,Había denuncia
España,2016,4,0,Total,Total,Total,No,No consta denuncia
España,2016,4,1,Total,Total,Total,No,No había denuncia
España,2016,4,0,Total,Total,Total,No contesta,Había denuncia
España,2016,4,0,Total,Total,Total,No contesta,No consta denuncia
España,2016,4,0,Total,Total,Total,No contesta,No había denuncia
España,2016,4,2,Total,Total,Total,Sí,Había denuncia
España,2016,4,0,Total,Total,Total,Sí,No consta denuncia
España,2016,4,0,Total,Total,Total,Sí,No había denuncia
España,2016,8,0,Total,Total,Total,No,Había denuncia
España,2016,8,0,Total,Total,Total,No,No consta denuncia
España,2016,8,1,Total,Total,Total,No,No había denuncia
España,2016,8,0,Total,Total,Total,No contesta,Había denuncia
España,2016,8,0,Total,Total,Total,No contesta,No consta denuncia
España,2016,8,0,Total,Total,Total,No contesta,No había denuncia
España,2016,8,1,Total,Total,Total,Sí,Había denuncia
España,2016,8,0,Total,Total,Total,Sí,No consta denuncia
España,2016,8,1,Total,Total,Total,Sí,No había denuncia
España,2016,12,0,Total,Total,Total,No,Había denuncia
España,2016,12,0,Total,Total,Total,No,No consta denuncia
España,2016,12,2,Total,Total,Total,No,No había denuncia
España,2016,12,0,Total,Total,Total,No contesta,Había denuncia
España,2016,12,0,Total,Total,Total,No contesta,No consta denuncia
España,2016,12,0,Total,Total,Total,No contesta,No había denuncia
España,2016,12,0,Total,Total,Total,Sí,Había denuncia
España,2016,12,0,Total,Total,Total,Sí,No consta denuncia
España,2016,12,3,Total,Total,Total,Sí,No había denuncia
España,2016,1,1,Total,Total,Total,No,Había denuncia
España,2016,1,0,Total,Total,Total,No,No consta denuncia
España,2016,1,0,Total,Total,Total,No,No había denuncia
España,2016,1,0,Total,Total,Total,No contesta,Había denuncia
España,2016,1,0,Total,Total,Total,No contesta,No consta denuncia
España,2016,1,0,Total,Total,Total,No contesta,No había denuncia
España,2016,1,1,Total,Total,Total,Sí,Había denuncia
España,2016,1,0,Total,Total,Total,Sí,No consta denuncia
España,2016,1,5,Total,Total,Total,Sí,No había denuncia
España,2016,2,1,Total,Total,Total,No,Había denuncia
España,2016,2,0,Total,Total,Total,No,No consta denuncia
España,2016,2,2,Total,Total,Total,No,No había denuncia
España,2016,2,0,Total,Total,Total,No contesta,Había denuncia
España,2016,2,0,Total,Total,Total,No contesta,No consta denuncia
España,2016,2,0,Total,Total,Total,No contesta,No había denuncia
España,2016,2,0,Total,Total,Total,Sí,Había denuncia
España,2016,2,0,Total,Total,Total,Sí,No consta denuncia
España,2016,2,1,Total,Total,Total,Sí,No había denuncia
España,2016,7,3,Total,Total,Total,No,Había denuncia
España,2016,7,0,Total,Total,Total,No,No consta denuncia
España,2016,7,1,Total,Total,Total,No,No había denuncia
España,2016,7,0,Total,Total,Total,No contesta,Había denuncia
España,2016,7,0,Total,Total,Total,No contesta,No consta denuncia
España,2016,7,0,Total,Total,Total,No contesta,No había denuncia
España,2016,7,1,Total,Total,Total,Sí,Había denuncia
España,2016,7,0,Total,Total,Total,Sí,No consta denuncia
España,2016,7,1,Total,Total,Total,Sí,No había denuncia
España,2016,6,0,Total,Total,Total,No,Había denuncia
España,2016,6,0,Total,Total,Total,No,No consta denuncia
España,2016,6,1,Total,Total,Total,No,No había denuncia
España,2016,6,0,Total,Total,Total,No contesta,Había denuncia
España,2016,6,0,Total,Total,Total,No contesta,No consta denuncia
España,2016,6,0,Total,Total,Total,No contesta,No había denuncia
España,2016,6,0,Total,Total,Total,Sí,Había denuncia
España,2016,6,0,Total,Total,Total,Sí,No consta denuncia
España,2016,6,2,Total,Total,Total,Sí,No había denuncia
España,2016,3,1,Total,Total,Total,No,Había denuncia
España,2016,3,0,Total,Total,Total,No,No consta denuncia
España,2016,3,0,Total,Total,Total,No,No había denuncia
España,2016,3,0,Total,Total,Total,No contesta,Había denuncia
España,2016,3,0,Total,Total,Total,No contesta,No consta denuncia
España,2016,3,0,Total,Total,Total,No contesta,No había denuncia
España,2016,3,1,Total,Total,Total,Sí,Había denuncia
España,2016,3,0,Total,Total,Total,Sí,No consta denuncia
España,2016,3,0,Total,Total,Total,Sí,No había denuncia
España,2016,5,0,Total,Total,Total,No,Había denuncia
España,2016,5,0,Total,Total,Total,No,No consta denuncia
España,2016,5,1,Total,Total,Total,No,No había denuncia
España,2016,5,0,Total,Total,Total,No contesta,Había denuncia
España,2016,5,0,Total,Total,Total,No contesta,No consta denuncia
España,2016,5,0,Total,Total,Total,No contesta,No había denuncia
España,2016,5,1,Total,Total,Total,Sí,Había denuncia
España,2016,5,0,Total,Total,Total,Sí,No consta denuncia
España,2016,5,2,Total,Total,Total,Sí,No había denuncia
España,2016,11,0,Total,Total,Total,No,Había denuncia
España,2016,11,0,Total,Total,Total,No,No consta denuncia
España,2016,11,2,Total,Total,Total,No,No había denuncia
España,2016,11,0,Total,Total,Total,No contesta,Había denuncia
España,2016,11,0,Total,Total,Total,No contesta,No consta denuncia
España,2016,11,0,Total,Total,Total,No contesta,No había denuncia
España,2016,11,1,Total,Total,Total,Sí,Había denuncia
España,2016,11,0,Total,Total,Total,Sí,No consta denuncia
España,2016,11,2,Total,Total,Total,Sí,No había denuncia
España,2016,10,1,Total,Total,Total,No,Había denuncia
España,2016,10,0,Total,Total,Total,No,No consta denuncia
España,2016,10,0,Total,Total,Total,No,No había denuncia
España,2016,10,0,Total,Total,Total,No contesta,Había denuncia
España,2016,10,0,Total,Total,Total,No contesta,No consta denuncia
España,2016,10,0,Total,Total,Total,No contesta,No había denuncia
España,2016,10,1,Total,Total,Total,Sí,Había denuncia
España,2016,10,0,Total,Total,Total,Sí,No consta denuncia
España,2016,10,2,Total,Total,Total,Sí,No había denuncia
España,2016,9,0,Total,Total,Total,No,Había denuncia
España,2016,9,0,Total,Total,Total,No,No consta denuncia
España,2016,9,0,Total,Total,Total,No,No había denuncia
España,2016,9,0,Total,Total,Total,No contesta,Había denuncia
España,2016,9,0,Total,Total,Total,No contesta,No consta denuncia
España,2016,9,0,Total,Total,Total,No contesta,No había denuncia
España,2016,9,0,Total,Total,Total,Sí,Había denuncia
España,2016,9,0,Total,Total,Total,Sí,No consta denuncia
España,2016,9,2,Total,Total,Total,Sí,No había denuncia
España,2017,4,0,Total,Total,Total,No,Había denuncia
España,2017,4,0,Total,Total,Total,No,No consta denuncia
España,2017,4,2,Total,Total,Total,No,No había denuncia
España,2017,4,0,Total,Total,Total,No contesta,Había denuncia
España,2017,4,0,Total,Total,Total,No contesta,No consta denuncia
España,2017,4,0,Total,Total,Total,No contesta,No había denuncia
España,2017,4,0,Total,Total,Total,Sí,Había denuncia
España,2017,4,0,Total,Total,Total,Sí,No consta denuncia
España,2017,4,2,Total,Total,Total,Sí,No había denuncia
España,2017,8,0,Total,Total,Total,No,Había denuncia
España,2017,8,0,Total,Total,Total,No,No consta denuncia
España,2017,8,1,Total,Total,Total,No,No había denuncia
España,2017,8,0,Total,Total,Total,No contesta,Había denuncia
España,2017,8,0,Total,Total,Total,No contesta,No consta denuncia
España,2017,8,0,Total,Total,Total,No contesta,No había denuncia
España,2017,8,1,Total,Total,Total,Sí,Había denuncia
España,2017,8,0,Total,Total,Total,Sí,No consta denuncia
España,2017,8,1,Total,Total,Total,Sí,No había denuncia
España,2017,12,2,Total,Total,Total,No,Había denuncia
España,2017,12,0,Total,Total,Total,No,No consta denuncia
España,2017,12,0,Total,Total,Total,No,No había denuncia
España,2017,12,0,Total,Total,Total,No contesta,Había denuncia
España,2017,12,0,Total,Total,Total,No contesta,No consta denuncia
España,2017,12,0,Total,Total,Total,No contesta,No había denuncia
España,2017,12,0,Total,Total,Total,Sí,Había denuncia
España,2017,12,0,Total,Total,Total,Sí,No consta denuncia
España,2017,12,1,Total,Total,Total,Sí,No había denuncia
España,2017,1,1,Total,Total,Total,No,Había denuncia
España,2017,1,0,Total,Total,Total,No,No consta denuncia
España,2017,1,1,Total,Total,Total,No,No había denuncia
España,2017,1,0,Total,Total,Total,No contesta,Había denuncia
España,2017,1,0,Total,Total,Total,No contesta,No consta denuncia
España,2017,1,0,Total,Total,Total,No contesta,No había denuncia
España,2017,1,1,Total,Total,Total,Sí,Había denuncia
España,2017,1,0,Total,Total,Total,Sí,No consta denuncia
España,2017,1,2,Total,Total,Total,Sí,No había denuncia
España,2017,2,2,Total,Total,Total,No,Había denuncia
España,2017,2,0,Total,Total,Total,No,No consta denuncia
España,2017,2,2,Total,Total,Total,No,No había denuncia
España,2017,2,0,Total,Total,Total,No contesta,Había denuncia
España,2017,2,0,Total,Total,Total,No contesta,No consta denuncia
España,2017,2,1,Total,Total,Total,No contesta,No había denuncia
España,2017,2,0,Total,Total,Total,Sí,Había denuncia
España,2017,2,0,Total,Total,Total,Sí,No consta denuncia
España,2017,2,5,Total,Total,Total,Sí,No había denuncia
España,2017,7,0,Total,Total,Total,No,Había denuncia
España,2017,7,0,Total,Total,Total,No,No consta denuncia
España,2017,7,0,Total,Total,Total,No,No había denuncia
España,2017,7,0,Total,Total,Total,No contesta,Había denuncia
España,2017,7,0,Total,Total,Total,No contesta,No consta denuncia
España,2017,7,0,Total,Total,Total,No contesta,No había denuncia
España,2017,7,0,Total,Total,Total,Sí,Había denuncia
España,2017,7,0,Total,Total,Total,Sí,No consta denuncia
España,2017,7,2,Total,Total,Total,Sí,No había denuncia
España,2017,6,1,Total,Total,Total,No,Había denuncia
España,2017,6,0,Total,Total,Total,No,No consta denuncia
España,2017,6,1,Total,Total,Total,No,No había denuncia
España,2017,6,0,Total,Total,Total,No contesta,Había denuncia
España,2017,6,0,Total,Total,Total,No contesta,No consta denuncia
España,2017,6,0,Total,Total,Total,No contesta,No había denuncia
España,2017,6,0,Total,Total,Total,Sí,Había denuncia
España,2017,6,0,Total,Total,Total,Sí,No consta denuncia
España,2017,6,2,Total,Total,Total,Sí,No había denuncia
España,2017,3,0,Total,Total,Total,No,Había denuncia
España,2017,3,0,Total,Total,Total,No,No consta denuncia
España,2017,3,0,Total,Total,Total,No,No había denuncia
España,2017,3,0,Total,Total,Total,No contesta,Había denuncia
España,2017,3,0,Total,Total,Total,No contesta,No consta denuncia
España,2017,3,0,Total,Total,Total,No contesta,No había denuncia
España,2017,3,0,Total,Total,Total,Sí,Había denuncia
España,2017,3,0,Total,Total,Total,Sí,No consta denuncia
España,2017,3,3,Total,Total,Total,Sí,No había denuncia
España,2017,5,1,Total,Total,Total,No,Había denuncia
España,2017,5,0,Total,Total,Total,No,No consta denuncia
España,2017,5,1,Total,Total,Total,No,No había denuncia
España,2017,5,0,Total,Total,Total,No contesta,Había denuncia
España,2017,5,0,Total,Total,Total,No contesta,No consta denuncia
España,2017,5,0,Total,Total,Total,No contesta,No había denuncia
España,2017,5,1,Total,Total,Total,Sí,Había denuncia
España,2017,5,0,Total,Total,Total,Sí,No consta denuncia
España,2017,5,3,Total,Total,Total,Sí,No había denuncia
España,2017,11,1,Total,Total,Total,No,Había denuncia
España,2017,11,0,Total,Total,Total,No,No consta denuncia
España,2017,11,1,Total,Total,Total,No,No había denuncia
España,2017,11,0,Total,Total,Total,No contesta,Había denuncia
España,2017,11,0,Total,Total,Total,No contesta,No consta denuncia
España,2017,11,0,Total,Total,Total,No contesta,No había denuncia
España,2017,11,0,Total,Total,Total,Sí,Había denuncia
España,2017,11,0,Total,Total,Total,Sí,No consta denuncia
España,2017,11,0,Total,Total,Total,Sí,No había denuncia
España,2017,10,0,Total,Total,Total,No,Había denuncia
España,2017,10,0,Total,Total,Total,No,No consta denuncia
España,2017,10,1,Total,Total,Total,No,No había denuncia
España,2017,10,0,Total,Total,Total,No contesta,Había denuncia
España,2017,10,0,Total,Total,Total,No contesta,No consta denuncia
España,2017,10,0,Total,Total,Total,No contesta,No había denuncia
España,2017,10,0,Total,Total,Total,Sí,Había denuncia
España,2017,10,0,Total,Total,Total,Sí,No consta denuncia
España,2017,10,4,Total,Total,Total,Sí,No había denuncia
España,2017,9,1,Total,Total,Total,No,Había denuncia
España,2017,9,0,Total,Total,Total,No,No consta denuncia
España,2017,9,0,Total,Total,Total,No,No había denuncia
España,2017,9,0,Total,Total,Total,No contesta,Había denuncia
España,2017,9,0,Total,Total,Total,No contesta,No consta denuncia
España,2017,9,0,Total,Total,Total,No contesta,No había denuncia
España,2017,9,0,Total,Total,Total,Sí,Había denuncia
España,2017,9,0,Total,Total,Total,Sí,No consta denuncia
España,2017,9,1,Total,Total,Total,Sí,No había denuncia
España,2018,4,1,Total,Total,Total,No,Había denuncia
España,2018,4,0,Total,Total,Total,No,No consta denuncia
España,2018,4,2,Total,Total,Total,No,No había denuncia
España,2018,4,0,Total,Total,Total,No contesta,Había denuncia
España,2018,4,0,Total,Total,Total,No contesta,No consta denuncia
España,2018,4,1,Total,Total,Total,No contesta,No había denuncia
España,2018,4,0,Total,Total,Total,Sí,Había denuncia
España,2018,4,0,Total,Total,Total,Sí,No consta denuncia
España,2018,4,0,Total,Total,Total,Sí,No había denuncia
España,2018,8,0,Total,Total,Total,No,Había denuncia
España,2018,8,0,Total,Total,Total,No,No consta denuncia
España,2018,8,0,Total,Total,Total,No,No había denuncia
España,2018,8,0,Total,Total,Total,No contesta,Había denuncia
España,2018,8,0,Total,Total,Total,No contesta,No consta denuncia
España,2018,8,0,Total,Total,Total,No contesta,No había denuncia
España,2018,8,1,Total,Total,Total,Sí,Había denuncia
España,2018,8,0,Total,Total,Total,Sí,No consta denuncia
España,2018,8,7,Total,Total,Total,Sí,No había denuncia
España,2018,12,0,Total,Total,Total,No,Había denuncia
España,2018,12,0,Total,Total,Total,No,No consta denuncia
España,2018,12,0,Total,Total,Total,No,No había denuncia
España,2018,12,0,Total,Total,Total,No contesta,Había denuncia
España,2018,12,0,Total,Total,Total,No contesta,No consta denuncia
España,2018,12,0,Total,Total,Total,No contesta,No había denuncia
España,2018,12,0,Total,Total,Total,Sí,Había denuncia
España,2018,12,0,Total,Total,Total,Sí,No consta denuncia
España,2018,12,2,Total,Total,Total,Sí,No había denuncia
España,2018,1,0,Total,Total,Total,No,Había denuncia
España,2018,1,0,Total,Total,Total,No,No consta denuncia
España,2018,1,0,Total,Total,Total,No,No había denuncia
España,2018,1,0,Total,Total,Total,No contesta,Había denuncia
España,2018,1,0,Total,Total,Total,No contesta,No consta denuncia
España,2018,1,0,Total,Total,Total,No contesta,No había denuncia
España,2018,1,1,Total,Total,Total,Sí,Había denuncia
España,2018,1,0,Total,Total,Total,Sí,No consta denuncia
España,2018,1,1,Total,Total,Total,Sí,No había denuncia
España,2018,2,0,Total,Total,Total,No,Había denuncia
España,2018,2,0,Total,Total,Total,No,No consta denuncia
España,2018,2,1,Total,Total,Total,No,No había denuncia
España,2018,2,0,Total,Total,Total,No contesta,Había denuncia
España,2018,2,0,Total,Total,Total,No contesta,No consta denuncia
España,2018,2,0,Total,Total,Total,No contesta,No había denuncia
España,2018,2,0,Total,Total,Total,Sí,Había denuncia
España,2018,2,0,Total,Total,Total,Sí,No consta denuncia
España,2018,2,1,Total,Total,Total,Sí,No había denuncia
España,2018,7,1,Total,Total,Total,No,Había denuncia
España,2018,7,0,Total,Total,Total,No,No consta denuncia
España,2018,7,0,Total,Total,Total,No,No había denuncia
España,2018,7,0,Total,Total,Total,No contesta,Había denuncia
España,2018,7,0,Total,Total,Total,No contesta,No consta denuncia
España,2018,7,1,Total,Total,Total,No contesta,No había denuncia
España,2018,7,1,Total,Total,Total,Sí,Había denuncia
España,2018,7,0,Total,Total,Total,Sí,No consta denuncia
España,2018,7,5,Total,Total,Total,Sí,No había denuncia
España,2018,6,0,Total,Total,Total,No,Había denuncia
España,2018,6,0,Total,Total,Total,No,No consta denuncia
España,2018,6,2,Total,Total,Total,No,No había denuncia
España,2018,6,0,Total,Total,Total,No contesta,Había denuncia
España,2018,6,0,Total,Total,Total,No contesta,No consta denuncia
España,2018,6,0,Total,Total,Total,No contesta,No había denuncia
España,2018,6,1,Total,Total,Total,Sí,Había denuncia
España,2018,6,0,Total,Total,Total,Sí,No consta denuncia
España,2018,6,3,Total,Total,Total,Sí,No había denuncia
España,2018,3,0,Total,Total,Total,No,Había denuncia
España,2018,3,0,Total,Total,Total,No,No consta denuncia
España,2018,3,1,Total,Total,Total,No,No había denuncia
España,2018,3,0,Total,Total,Total,No contesta,Había denuncia
España,2018,3,0,Total,Total,Total,No contesta,No consta denuncia
España,2018,3,0,Total,Total,Total,No contesta,No había denuncia
España,2018,3,1,Total,Total,Total,Sí,Había denuncia
España,2018,3,0,Total,Total,Total,Sí,No consta denuncia
España,2018,3,1,Total,Total,Total,Sí,No había denuncia
España,2018,5,0,Total,Total,Total,No,Había denuncia
España,2018,5,0,Total,Total,Total,No,No consta denuncia
España,2018,5,1,Total,Total,Total,No,No había denuncia
España,2018,5,0,Total,Total,Total,No contesta,Había denuncia
España,2018,5,0,Total,Total,Total,No contesta,No consta denuncia
España,2018,5,0,Total,Total,Total,No contesta,No había denuncia
España,2018,5,0,Total,Total,Total,Sí,Había denuncia
España,2018,5,0,Total,Total,Total,Sí,No consta denuncia
España,2018,5,0,Total,Total,Total,Sí,No había denuncia
España,2018,11,1,Total,Total,Total,No,Había denuncia
España,2018,11,0,Total,Total,Total,No,No consta denuncia
España,2018,11,1,Total,Total,Total,No,No había denuncia
España,2018,11,0,Total,Total,Total,No contesta,Había denuncia
España,2018,11,0,Total,Total,Total,No contesta,No consta denuncia
España,2018,11,0,Total,Total,Total,No contesta,No había denuncia
España,2018,11,0,Total,Total,Total,Sí,Había denuncia
España,2018,11,0,Total,Total,Total,Sí,No consta denuncia
España,2018,11,0,Total,Total,Total,Sí,No había denuncia
España,2018,10,3,Total,Total,Total,No,Había denuncia
España,2018,10,0,Total,Total,Total,No,No consta denuncia
España,2018,10,0,Total,Total,Total,No,No había denuncia
España,2018,10,0,Total,Total,Total,No contesta,Había denuncia
España,2018,10,0,Total,Total,Total,No contesta,No consta denuncia
España,2018,10,0,Total,Total,Total,No contesta,No había denuncia
España,2018,10,0,Total,Total,Total,Sí,Había denuncia
España,2018,10,0,Total,Total,Total,Sí,No consta denuncia
España,2018,10,1,Total,Total,Total,Sí,No había denuncia
España,2018,9,1,Total,Total,Total,No,Había denuncia
España,2018,9,0,Total,Total,Total,No,No consta denuncia
España,2018,9,1,Total,Total,Total,No,No había denuncia
España,2018,9,1,Total,Total,Total,No contesta,Había denuncia
España,2018,9,0,Total,Total,Total,No contesta,No consta denuncia
España,2018,9,0,Total,Total,Total,No contesta,No había denuncia
España,2018,9,2,Total,Total,Total,Sí,Había denuncia
España,2018,9,0,Total,Total,Total,Sí,No consta denuncia
España,2018,9,5,Total,Total,Total,Sí,No había denuncia
España,2019,4,0,Total,Total,Total,No,Había denuncia
España,2019,4,0,Total,Total,Total,No,No consta denuncia
España,2019,4,0,Total,Total,Total,No,No había denuncia
España,2019,4,0,Total,Total,Total,No contesta,Había denuncia
España,2019,4,0,Total,Total,Total,No contesta,No consta denuncia
España,2019,4,0,Total,Total,Total,No contesta,No había denuncia
España,2019,4,1,Total,Total,Total,Sí,Había denuncia
España,2019,4,0,Total,Total,Total,Sí,No consta denuncia
España,2019,4,5,Total,Total,Total,Sí,No había denuncia
España,2019,8,1,Total,Total,Total,No,Había denuncia
España,2019,8,0,Total,Total,Total,No,No consta denuncia
España,2019,8,1,Total,Total,Total,No,No había denuncia
España,2019,8,0,Total,Total,Total,No contesta,Había denuncia
España,2019,8,0,Total,Total,Total,No contesta,No consta denuncia
España,2019,8,1,Total,Total,Total,No contesta,No había denuncia
España,2019,8,1,Total,Total,Total,Sí,Había denuncia
España,2019,8,0,Total,Total,Total,Sí,No consta denuncia
España,2019,8,0,Total,Total,Total,Sí,No había denuncia
España,2019,12,0,Total,Total,Total,No,Había denuncia
España,2019,12,0,Total,Total,Total,No,No consta denuncia
España,2019,12,0,Total,Total,Total,No,No había denuncia
España,2019,12,0,Total,Total,Total,No contesta,Había denuncia
España,2019,12,0,Total,Total,Total,No contesta,No consta denuncia
España,2019,12,0,Total,Total,Total,No contesta,No había denuncia
España,2019,12,0,Total,Total,Total,Sí,Había denuncia
España,2019,12,0,Total,Total,Total,Sí,No consta denuncia
España,2019,12,1,Total,Total,Total,Sí,No había denuncia
España,2019,1,0,Total,Total,Total,No,Había denuncia
España,2019,1,0,Total,Total,Total,No,No consta denuncia
España,2019,1,5,Total,Total,Total,No,No había denuncia
España,2019,1,0,Total,Total,Total,No contesta,Había denuncia
España,2019,1,0,Total,Total,Total,No contesta,No consta denuncia
España,2019,1,0,Total,Total,Total,No contesta,No había denuncia
España,2019,1,1,Total,Total,Total,Sí,Había denuncia
España,2019,1,0,Total,Total,Total,Sí,No consta denuncia
España,2019,1,2,Total,Total,Total,Sí,No había denuncia
España,2019,2,0,Total,Total,Total,No,Había denuncia
España,2019,2,0,Total,Total,Total,No,No consta denuncia
España,2019,2,0,Total,Total,Total,No,No había denuncia
España,2019,2,0,Total,Total,Total,No contesta,Había denuncia
España,2019,2,0,Total,Total,Total,No contesta,No consta denuncia
España,2019,2,0,Total,Total,Total,No contesta,No había denuncia
España,2019,2,1,Total,Total,Total,Sí,Había denuncia
España,2019,2,0,Total,Total,Total,Sí,No consta denuncia
España,2019,2,2,Total,Total,Total,Sí,No había denuncia
España,2019,7,1,Total,Total,Total,No,Había denuncia
España,2019,7,0,Total,Total,Total,No,No consta denuncia
España,2019,7,1,Total,Total,Total,No,No había denuncia
España,2019,7,0,Total,Total,Total,No contesta,Había denuncia
España,2019,7,0,Total,Total,Total,No contesta,No consta denuncia
España,2019,7,1,Total,Total,Total,No contesta,No había denuncia
España,2019,7,1,Total,Total,Total,Sí,Había denuncia
España,2019,7,0,Total,Total,Total,Sí,No consta denuncia
España,2019,7,5,Total,Total,Total,Sí,No había denuncia
España,2019,6,1,Total,Total,Total,No,Había denuncia
España,2019,6,0,Total,Total,Total,No,No consta denuncia
España,2019,6,0,Total,Total,Total,No,No había denuncia
España,2019,6,1,Total,Total,Total,No contesta,Había denuncia
España,2019,6,0,Total,Total,Total,No contesta,No consta denuncia
España,2019,6,1,Total,Total,Total,No contesta,No había denuncia
España,2019,6,0,Total,Total,Total,Sí,Había denuncia
España,2019,6,0,Total,Total,Total,Sí,No consta denuncia
España,2019,6,4,Total,Total,Total,Sí,No había denuncia
España,2019,3,0,Total,Total,Total,No,Había denuncia
España,2019,3,0,Total,Total,Total,No,No consta denuncia
España,2019,3,1,Total,Total,Total,No,No había denuncia
España,2019,3,0,Total,Total,Total,No contesta,Había denuncia
España,2019,3,0,Total,Total,Total,No contesta,No consta denuncia
España,2019,3,0,Total,Total,Total,No contesta,No había denuncia
España,2019,3,0,Total,Total,Total,Sí,Había denuncia
España,2019,3,0,Total,Total,Total,Sí,No consta denuncia
España,2019,3,4,Total,Total,Total,Sí,No había denuncia
España,2019,5,0,Total,Total,Total,No,Había denuncia
España,2019,5,0,Total,Total,Total,No,No consta denuncia
España,2019,5,0,Total,Total,Total,No,No había denuncia
España,2019,5,0,Total,Total,Total,No contesta,Había denuncia
España,2019,5,0,Total,Total,Total,No contesta,No consta denuncia
España,2019,5,1,Total,Total,Total,No contesta,No había denuncia
España,2019,5,2,Total,Total,Total,Sí,Había denuncia
España,2019,5,0,Total,Total,Total,Sí,No consta denuncia
España,2019,5,0,Total,Total,Total,Sí,No había denuncia
España,2019,11,0,Total,Total,Total,No,Había denuncia
España,2019,11,0,Total,Total,Total,No,No consta denuncia
España,2019,11,0,Total,Total,Total,No,No había denuncia
España,2019,11,0,Total,Total,Total,No contesta,Había denuncia
España,2019,11,0,Total,Total,Total,No contesta,No consta denuncia
España,2019,11,0,Total,Total,Total,No contesta,No había denuncia
España,2019,11,0,Total,Total,Total,Sí,Había denuncia
España,2019,11,0,Total,Total,Total,Sí,No consta denuncia
España,2019,11,2,Total,Total,Total,Sí,No había denuncia
España,2019,10,1,Total,Total,Total,No,Había denuncia
España,2019,10,0,Total,Total,Total,No,No consta denuncia
España,2019,10,0,Total,Total,Total,No,No había denuncia
España,2019,10,0,Total,Total,Total,No contesta,Había denuncia
España,2019,10,0,Total,Total,Total,No contesta,No consta denuncia
España,2019,10,0,Total,Total,Total,No contesta,No había denuncia
España,2019,10,0,Total,Total,Total,Sí,Había denuncia
España,2019,10,0,Total,Total,Total,Sí,No consta denuncia
España,2019,10,3,Total,Total,Total,Sí,No había denuncia
España,2019,9,0,Total,Total,Total,No,Había denuncia
España,2019,9,0,Total,Total,Total,No,No consta denuncia
España,2019,9,1,Total,Total,Total,No,No había denuncia
España,2019,9,0,Total,Total,Total,No contesta,Había denuncia
España,2019,9,0,Total,Total,Total,No contesta,No consta denuncia
España,2019,9,1,Total,Total,Total,No contesta,No había denuncia
España,2019,9,1,Total,Total,Total,Sí,Había denuncia
España,2019,9,0,Total,Total,Total,Sí,No consta denuncia
España,2019,9,1,Total,Total,Total,Sí,No había denuncia
España,2020,4,0,Total,Total,Total,No,Había denuncia
España,2020,4,0,Total,Total,Total,No,No consta denuncia
España,2020,4,0,Total,Total,Total,No,No había denuncia
España,2020,4,0,Total,Total,Total,No contesta,Había denuncia
España,2020,4,0,Total,Total,Total,No contesta,No consta denuncia
España,2020,4,0,Total,Total,Total,No contesta,No había denuncia
España,2020,4,1,Total,Total,Total,Sí,Había denuncia
España,2020,4,0,Total,Total,Total,Sí,No consta denuncia
España,2020,4,1,Total,Total,Total,Sí,No había denuncia
España,2020,8,0,Total,Total,Total,No,Había denuncia
España,2020,8,0,Total,Total,Total,No,No consta denuncia
España,2020,8,1,Total,Total,Total,No,No había denuncia
España,2020,8,0,Total,Total,Total,No contesta,Había denuncia
España,2020,8,0,Total,Total,Total,No contesta,No consta denuncia
España,2020,8,0,Total,Total,Total,No contesta,No había denuncia
España,2020,8,0,Total,Total,Total,Sí,Había denuncia
España,2020,8,0,Total,Total,Total,Sí,No consta denuncia
España,2020,8,6,Total,Total,Total,Sí,No había denuncia
España,2020,12,1,Total,Total,Total,No,Había denuncia
España,2020,12,0,Total,Total,Total,No,No consta denuncia
España,2020,12,0,Total,Total,Total,No,No había denuncia
España,2020,12,0,Total,Total,Total,No contesta,Había denuncia
España,2020,12,0,Total,Total,Total,No contesta,No consta denuncia
España,2020,12,0,Total,Total,Total,No contesta,No había denuncia
España,2020,12,1,Total,Total,Total,Sí,Había denuncia
España,2020,12,0,Total,Total,Total,Sí,No consta denuncia
España,2020,12,3,Total,Total,Total,Sí,No había denuncia
España,2020,1,0,Total,Total,Total,No,Había denuncia
España,2020,1,0,Total,Total,Total,No,No consta denuncia
España,2020,1,2,Total,Total,Total,No,No había denuncia
España,2020,1,0,Total,Total,Total,No contesta,Había denuncia
España,2020,1,0,Total,Total,Total,No contesta,No consta denuncia
España,2020,1,0,Total,Total,Total,No contesta,No había denuncia
España,2020,1,0,Total,Total,Total,Sí,Había denuncia
España,2020,1,0,Total,Total,Total,Sí,No consta denuncia
España,2020,1,6,Total,Total,Total,Sí,No había denuncia
España,2020,2,0,Total,Total,Total,No,Había denuncia
España,2020,2,0,Total,Total,Total,No,No consta denuncia
España,2020,2,1,Total,Total,Total,No,No había denuncia
España,2020,2,0,Total,Total,Total,No contesta,Había denuncia
España,2020,2,0,Total,Total,Total,No contesta,No consta denuncia
España,2020,2,3,Total,Total,Total,No contesta,No había denuncia
España,2020,2,1,Total,Total,Total,Sí,Había denuncia
España,2020,2,0,Total,Total,Total,Sí,No consta denuncia
España,2020,2,2,Total,Total,Total,Sí,No había denuncia
España,2020,7,1,Total,Total,Total,No,Había denuncia
España,2020,7,0,Total,Total,Total,No,No consta denuncia
España,2020,7,0,Total,Total,Total,No,No había denuncia
España,2020,7,0,Total,Total,Total,No contesta,Había denuncia
España,2020,7,0,Total,Total,Total,No contesta,No consta denuncia
España,2020,7,0,Total,Total,Total,No contesta,No había denuncia
España,2020,7,1,Total,Total,Total,Sí,Había denuncia
España,2020,7,0,Total,Total,Total,Sí,No consta denuncia
España,2020,7,2,Total,Total,Total,Sí,No había denuncia
España,2020,6,0,Total,Total,Total,No,Había denuncia
España,2020,6,0,Total,Total,Total,No,No consta denuncia
España,2020,6,0,Total,Total,Total,No,No había denuncia
España,2020,6,0,Total,Total,Total,No contesta,Había denuncia
España,2020,6,0,Total,Total,Total,No contesta,No consta denuncia
España,2020,6,0,Total,Total,Total,No contesta,No había denuncia
España,2020,6,0,Total,Total,Total,Sí,Había denuncia
España,2020,6,0,Total,Total,Total,Sí,No consta denuncia
España,2020,6,2,Total,Total,Total,Sí,No había denuncia
España,2020,3,0,Total,Total,Total,No,Había denuncia
España,2020,3,0,Total,Total,Total,No,No consta denuncia
España,2020,3,0,Total,Total,Total,No,No había denuncia
España,2020,3,0,Total,Total,Total,No contesta,Había denuncia
España,2020,3,0,Total,Total,Total,No contesta,No consta denuncia
España,2020,3,0,Total,Total,Total,No contesta,No había denuncia
España,2020,3,0,Total,Total,Total,Sí,Había denuncia
España,2020,3,0,Total,Total,Total,Sí,No consta denuncia
España,2020,3,4,Total,Total,Total,Sí,No había denuncia
España,2020,5,0,Total,Total,Total,No,Había denuncia
España,2020,5,0,Total,Total,Total,No,No consta denuncia
España,2020,5,0,Total,Total,Total,No,No había denuncia
España,2020,5,0,Total,Total,Total,No contesta,Había denuncia
España,2020,5,0,Total,Total,Total,No contesta,No consta denuncia
España,2020,5,0,Total,Total,Total,No contesta,No había denuncia
España,2020,5,1,Total,Total,Total,Sí,Había denuncia
España,2020,5,0,Total,Total,Total,Sí,No consta denuncia
España,2020,5,1,Total,Total,Total,Sí,No había denuncia
España,2020,11,0,Total,Total,Total,No,Había denuncia
España,2020,11,0,Total,Total,Total,No,No consta denuncia
España,2020,11,1,Total,Total,Total,No,No había denuncia
España,2020,11,0,Total,Total,Total,No contesta,Había denuncia
España,2020,11,0,Total,Total,Total,No contesta,No consta denuncia
España,2020,11,0,Total,Total,Total,No contesta,No había denuncia
España,2020,11,0,Total,Total,Total,Sí,Había denuncia
España,2020,11,0,Total,Total,Total,Sí,No consta denuncia
España,2020,11,3,Total,Total,Total,Sí,No había denuncia
España,2020,10,0,Total,Total,Total,No,Había denuncia
España,2020,10,0,Total,Total,Total,No,No consta denuncia
España,2020,10,1,Total,Total,Total,No,No había denuncia
España,2020,10,0,Total,Total,Total,No contesta,Había denuncia
España,2020,10,0,Total,Total,Total,No contesta,No consta denuncia
España,2020,10,0,Total,Total,Total,No contesta,No había denuncia
España,2020,10,0,Total,Total,Total,Sí,Había denuncia
España,2020,10,0,Total,Total,Total,Sí,No consta denuncia
España,2020,10,0,Total,Total,Total,Sí,No había denuncia
España,2020,9,0,Total,Total,Total,No,Había denuncia
España,2020,9,0,Total,Total,Total,No,No consta denuncia
España,2020,9,0,Total,Total,Total,No,No había denuncia
España,2020,9,0,Total,Total,Total,No contesta,Había denuncia
España,2020,9,0,Total,Total,Total,No contesta,No consta denuncia
España,2020,9,0,Total,Total,Total,No contesta,No había denuncia
España,2020,9,0,Total,Total,Total,Sí,Había denuncia
España,2020,9,0,Total,Total,Total,Sí,No consta denuncia
España,2020,9,4,Total,Total,Total,Sí,No había denuncia
España,2021,4,0,Total,Total,Total,No,Había denuncia
España,2021,4,0,Total,Total,Total,No,No consta denuncia
España,2021,4,2,Total,Total,Total,No,No había denuncia
España,2021,4,0,Total,Total,Total,No contesta,Había denuncia
España,2021,4,0,Total,Total,Total,No contesta,No consta denuncia
España,2021,4,0,Total,Total,Total,No contesta,No había denuncia
España,2021,4,0,Total,Total,Total,Sí,Había denuncia
España,2021,4,0,Total,Total,Total,Sí,No consta denuncia
España,2021,4,2,Total,Total,Total,Sí,No había denuncia
España,2021,8,0,Total,Total,Total,No,Había denuncia
España,2021,8,0,Total,Total,Total,No,No consta denuncia
España,2021,8,0,Total,Total,Total,No,No había denuncia
España,2021,8,0,Total,Total,Total,No contesta,Había denuncia
España,2021,8,0,Total,Total,Total,No contesta,No consta denuncia
España,2021,8,0,Total,Total,Total,No contesta,No había denuncia
España,2021,8,0,Total,Total,Total,Sí,Había denuncia
España,2021,8,0,Total,Total,Total,Sí,No consta denuncia
España,2021,8,3,Total,Total,Total,Sí,No había denuncia
España,2021,12,2,Total,Total,Total,No,Había denuncia
España,2021,12,0,Total,Total,Total,No,No consta denuncia
España,2021,12,3,Total,Total,Total,No,No había denuncia
España,2021,12,0,Total,Total,Total,No contesta,Había denuncia
España,2021,12,0,Total,Total,Total,No contesta,No consta denuncia
España,2021,12,1,Total,Total,Total,No contesta,No había denuncia
España,2021,12,0,Total,Total,Total,Sí,Había denuncia
España,2021,12,0,Total,Total,Total,Sí,No consta denuncia
España,2021,12,2,Total,Total,Total,Sí,No había denuncia
España,2021,1,0,Total,Total,Total,No,Había denuncia
España,2021,1,0,Total,Total,Total,No,No consta denuncia
España,2021,1,0,Total,Total,Total,No,No había denuncia
España,2021,1,0,Total,Total,Total,No contesta,Había denuncia
España,2021,1,0,Total,Total,Total,No contesta,No consta denuncia
España,2021,1,0,Total,Total,Total,No contesta,No había denuncia
España,2021,1,0,Total,Total,Total,Sí,Había denuncia
España,2021,1,0,Total,Total,Total,Sí,No consta denuncia
España,2021,1,1,Total,Total,Total,Sí,No había denuncia
España,2021,2,0,Total,Total,Total,No,Había denuncia
España,2021,2,0,Total,Total,Total,No,No consta denuncia
España,2021,2,1,Total,Total,Total,No,No había denuncia
España,2021,2,0,Total,Total,Total,No contesta,Había denuncia
España,2021,2,0,Total,Total,Total,No contesta,No consta denuncia
España,2021,2,0,Total,Total,Total,No contesta,No había denuncia
España,2021,2,0,Total,Total,Total,Sí,Había denuncia
España,2021,2,0,Total,Total,Total,Sí,No consta denuncia
España,2021,2,2,Total,Total,Total,Sí,No había denuncia
España,2021,7,1,Total,Total,Total,No,Había denuncia
España,2021,7,0,Total,Total,Total,No,No consta denuncia
España,2021,7,0,Total,Total,Total,No,No había denuncia
España,2021,7,0,Total,Total,Total,No contesta,Había denuncia
España,2021,7,0,Total,Total,Total,No contesta,No consta denuncia
España,2021,7,1,Total,Total,Total,No contesta,No había denuncia
España,2021,7,1,Total,Total,Total,Sí,Había denuncia
España,2021,7,0,Total,Total,Total,Sí,No consta denuncia
España,2021,7,3,Total,Total,Total,Sí,No había denuncia
España,2021,6,2,Total,Total,Total,No,Había denuncia
España,2021,6,0,Total,Total,Total,No,No consta denuncia
España,2021,6,2,Total,Total,Total,No,No había denuncia
España,2021,6,0,Total,Total,Total,No contesta,Había denuncia
España,2021,6,0,Total,Total,Total,No contesta,No consta denuncia
España,2021,6,2,Total,Total,Total,No contesta,No había denuncia
España,2021,6,0,Total,Total,Total,Sí,Había denuncia
España,2021,6,0,Total,Total,Total,Sí,No consta denuncia
España,2021,6,4,Total,Total,Total,Sí,No había denuncia
España,2021,3,0,Total,Total,Total,No,Había denuncia
España,2021,3,0,Total,Total,Total,No,No consta denuncia
España,2021,3,1,Total,Total,Total,No,No había denuncia
España,2021,3,0,Total,Total,Total,No contesta,Había denuncia
España,2021,3,0,Total,Total,Total,No contesta,No consta denuncia
España,2021,3,0,Total,Total,Total,No contesta,No había denuncia
España,2021,3,0,Total,Total,Total,Sí,Había denuncia
España,2021,3,0,Total,Total,Total,Sí,No consta denuncia
España,2021,3,1,Total,Total,Total,Sí,No había denuncia
España,2021,5,1,Total,Total,Total,No,Había denuncia
España,2021,5,0,Total,Total,Total,No,No consta denuncia
España,2021,5,1,Total,Total,Total,No,No había denuncia
España,2021,5,1,Total,Total,Total,No contesta,Había denuncia
España,2021,5,0,Total,Total,Total,No contesta,No consta denuncia
España,2021,5,0,Total,Total,Total,No contesta,No había denuncia
España,2021,5,2,Total,Total,Total,Sí,Había denuncia
España,2021,5,0,Total,Total,Total,Sí,No consta denuncia
España,2021,5,2,Total,Total,Total,Sí,No había denuncia
España,2021,11,0,Total,Total,Total,No,Había denuncia
España,2021,11,0,Total,Total,Total,No,No consta denuncia
España,2021,11,0,Total,Total,Total,No,No había denuncia
España,2021,11,0,Total,Total,Total,No contesta,Había denuncia
España,2021,11,0,Total,Total,Total,No contesta,No consta denuncia
España,2021,11,0,Total,Total,Total,No contesta,No había denuncia
España,2021,11,0,Total,Total,Total,Sí,Había denuncia
España,2021,11,0,Total,Total,Total,Sí,No consta denuncia
España,2021,11,1,Total,Total,Total,Sí,No había denuncia
España,2021,10,0,Total,Total,Total,No,Había denuncia
España,2021,10,0,Total,Total,Total,No,No consta denuncia
España,2021,10,0,Total,Total,Total,No,No había denuncia
España,2021,10,0,Total,Total,Total,No contesta,Había denuncia
España,2021,10,0,Total,Total,Total,No contesta,No consta denuncia
España,2021,10,0,Total,Total,Total,No contesta,No había denuncia
España,2021,10,0,Total,Total,Total,Sí,Había denuncia
España,2021,10,0,Total,Total,Total,Sí,No consta denuncia
España,2021,10,2,Total,Total,Total,Sí,No había denuncia
España,2021,9,0,Total,Total,Total,No,Había denuncia
España,2021,9,0,Total,Total,Total,No,No consta denuncia
España,2021,9,0,Total,Total,Total,No,No había denuncia
España,2021,9,0,Total,Total,Total,No contesta,Había denuncia
España,2021,9,0,Total,Total,Total,No contesta,No consta denuncia
España,2021,9,0,Total,Total,Total,No contesta,No había denuncia
España,2021,9,0,Total,Total,Total,Sí,Había denuncia
España,2021,9,0,Total,Total,Total,Sí,No consta denuncia
España,2021,9,2,Total,Total,Total,Sí,No había denuncia
España,2022,4,1,Total,Total,Total,No,Había denuncia
España,2022,4,0,Total,Total,Total,No,No consta denuncia
España,2022,4,0,Total,Total,Total,No,No había denuncia
España,2022,4,0,Total,Total,Total,No contesta,Había denuncia
España,2022,4,0,Total,Total,Total,No contesta,No consta denuncia
España,2022,4,1,Total,Total,Total,No contesta,No había denuncia
España,2022,4,1,Total,Total,Total,Sí,Había denuncia
España,2022,4,0,Total,Total,Total,Sí,No consta denuncia
España,2022,4,2,Total,Total,Total,Sí,No había denuncia
España,2022,8,0,Total,Total,Total,No,Había denuncia
España,2022,8,0,Total,Total,Total,No,No consta denuncia
España,2022,8,0,Total,Total,Total,No,No había denuncia
España,2022,8,0,Total,Total,Total,No contesta,Había denuncia
España,2022,8,0,Total,Total,Total,No contesta,No consta denuncia
España,2022,8,0,Total,Total,Total,No contesta,No había denuncia
España,2022,8,2,Total,Total,Total,Sí,Había denuncia
España,2022,8,0,Total,Total,Total,Sí,No consta denuncia
España,2022,8,1,Total,Total,Total,Sí,No había denuncia
España,2022,12,2,Total,Total,Total,No,Había denuncia
España,2022,12,0,Total,Total,Total,No,No consta denuncia
España,2022,12,0,Total,Total,Total,No,No había denuncia
España,2022,12,0,Total,Total,Total,No contesta,Había denuncia
España,2022,12,0,Total,Total,Total,No contesta,No consta denuncia
España,2022,12,1,Total,Total,Total,No contesta,No había denuncia
España,2022,12,4,Total,Total,Total,Sí,Había denuncia
España,2022,12,0,Total,Total,Total,Sí,No consta denuncia
España,2022,12,3,Total,Total,Total,Sí,No había denuncia
España,2022,1,0,Total,Total,Total,No,Había denuncia
España,2022,1,0,Total,Total,Total,No,No consta denuncia
España,2022,1,0,Total,Total,Total,No,No había denuncia
España,2022,1,0,Total,Total,Total,No contesta,Había denuncia
España,2022,1,0,Total,Total,Total,No contesta,No consta denuncia
España,2022,1,0,Total,Total,Total,No contesta,No había denuncia
España,2022,1,0,Total,Total,Total,Sí,Había denuncia
España,2022,1,0,Total,Total,Total,Sí,No consta denuncia
España,2022,1,2,Total,Total,Total,Sí,No había denuncia
España,2022,2,0,Total,Total,Total,No,Había denuncia
España,2022,2,0,Total,Total,Total,No,No consta denuncia
España,2022,2,1,Total,Total,Total,No,No había denuncia
España,2022,2,0,Total,Total,Total,No contesta,Había denuncia
España,2022,2,0,Total,Total,Total,No contesta,No consta denuncia
España,2022,2,0,Total,Total,Total,No contesta,No había denuncia
España,2022,2,0,Total,Total,Total,Sí,Había denuncia
España,2022,2,0,Total,Total,Total,Sí,No consta denuncia
España,2022,2,1,Total,Total,Total,Sí,No había denuncia
España,2022,7,0,Total,Total,Total,No,Había denuncia
España,2022,7,0,Total,Total,Total,No,No consta denuncia
España,2022,7,2,Total,Total,Total,No,No había denuncia
España,2022,7,0,Total,Total,Total,No contesta,Había denuncia
España,2022,7,0,Total,Total,Total,No contesta,No consta denuncia
España,2022,7,0,Total,Total,Total,No contesta,No había denuncia
España,2022,7,0,Total,Total,Total,Sí,Había denuncia
España,2022,7,0,Total,Total,Total,Sí,No consta denuncia
España,2022,7,2,Total,Total,Total,Sí,No había denuncia
España,2022,6,0,Total,Total,Total,No,Había denuncia
España,2022,6,0,Total,Total,Total,No,No consta denuncia
España,2022,6,0,Total,Total,Total,No,No había denuncia
España,2022,6,0,Total,Total,Total,No contesta,Había denuncia
España,2022,6,0,Total,Total,Total,No contesta,No consta denuncia
España,2022,6,0,Total,Total,Total,No contesta,No había denuncia
España,2022,6,2,Total,Total,Total,Sí,Había denuncia
España,2022,6,0,Total,Total,Total,Sí,No consta denuncia
España,2022,6,2,Total,Total,Total,Sí,No había denuncia
España,2022,3,2,Total,Total,Total,No,Había denuncia
España,2022,3,0,Total,Total,Total,No,No consta denuncia
España,2022,3,1,Total,Total,Total,No,No había denuncia
España,2022,3,0,Total,Total,Total,No contesta,Había denuncia
España,2022,3,0,Total,Total,Total,No contesta,No consta denuncia
España,2022,3,0,Total,Total,Total,No contesta,No había denuncia
España,2022,3,1,Total,Total,Total,Sí,Había denuncia
España,2022,3,0,Total,Total,Total,Sí,No consta denuncia
España,2022,3,1,Total,Total,Total,Sí,No había denuncia
España,2022,5,0,Total,Total,Total,No,Había denuncia
España,2022,5,0,Total,Total,Total,No,No consta denuncia
España,2022,5,1,Total,Total,Total,No,No había denuncia
España,2022,5,0,Total,Total,Total,No contesta,Había denuncia
España,2022,5,0,Total,Total,Total,No contesta,No consta denuncia
España,2022,5,1,Total,Total,Total,No contesta,No había denuncia
España,2022,5,2,Total,Total,Total,Sí,Había denuncia
España,2022,5,0,Total,Total,Total,Sí,No consta denuncia
España,2022,5,2,Total,Total,Total,Sí,No había denuncia
España,2022,11,0,Total,Total,Total,No,Había denuncia
España,2022,11,0,Total,Total,Total,No,No consta denuncia
España,2022,11,0,Total,Total,Total,No,No había denuncia
España,2022,11,0,Total,Total,Total,No contesta,Había denuncia
España,2022,11,0,Total,Total,Total,No contesta,No consta denuncia
España,2022,11,0,Total,Total,Total,No contesta,No había denuncia
España,2022,11,2,Total,Total,Total,Sí,Había denuncia
España,2022,11,0,Total,Total,Total,Sí,No consta denuncia
España,2022,11,1,Total,Total,Total,Sí,No había denuncia
España,2022,10,0,Total,Total,Total,No,Había denuncia
España,2022,10,0,Total,Total,Total,No,No consta denuncia
España,2022,10,0,Total,Total,Total,No,No había denuncia
España,2022,10,0,Total,Total,Total,No contesta,Había denuncia
España,2022,10,0,Total,Total,Total,No contesta,No consta denuncia
España,2022,10,0,Total,Total,Total,No contesta,No había denuncia
España,2022,10,0,Total,Total,Total,Sí,Había denuncia
España,2022,10,0,Total,Total,Total,Sí,No consta denuncia
España,2022,10,1,Total,Total,Total,Sí,No había denuncia
España,2022,9,1,Total,Total,Total,No,Había denuncia
España,2022,9,0,Total,Total,Total,No,No consta denuncia
España,2022,9,0,Total,Total,Total,No,No había denuncia
España,2022,9,0,Total,Total,Total,No contesta,Había denuncia
España,2022,9,0,Total,Total,Total,No contesta,No consta denuncia
España,2022,9,1,Total,Total,Total,No contesta,No había denuncia
España,2022,9,1,Total,Total,Total,Sí,Había denuncia
España,2022,9,0,Total,Total,Total,Sí,No consta denuncia
España,2022,9,2,Total,Total,Total,Sí,No había denuncia
España,2023,4,0,Total,Total,Total,No,Había denuncia
España,2023,4,0,Total,Total,Total,No,No consta denuncia
España,2023,4,1,Total,Total,Total,No,No había denuncia
España,2023,4,0,Total,Total,Total,No contesta,Había denuncia
España,2023,4,0,Total,Total,Total,No contesta,No consta denuncia
España,2023,4,0,Total,Total,Total,No contesta,No había denuncia
España,2023,4,0,Total,Total,Total,Sí,Había denuncia
España,2023,4,0,Total,Total,Total,Sí,No consta denuncia
España,2023,4,2,Total,Total,Total,Sí,No había denuncia
España,2023,8,0,Total,Total,Total,No,Había denuncia
España,2023,8,0,Total,Total,Total,No,No consta denuncia
España,2023,8,1,Total,Total,Total,No,No había denuncia
España,2023,8,0,Total,Total,Total,No contesta,Había denuncia
España,2023,8,0,Total,Total,Total,No contesta,No consta denuncia
España,2023,8,0,Total,Total,Total,No contesta,No había denuncia
España,2023,8,1,Total,Total,Total,Sí,Había denuncia
España,2023,8,0,Total,Total,Total,Sí,No consta denuncia
España,2023,8,6,Total,Total,Total,Sí,No había denuncia
España,2023,12,0,Total,Total,Total,No,Había denuncia
España,2023,12,0,Total,Total,Total,No,No consta denuncia
España,2023,12,0,Total,Total,Total,No,No había denuncia
España,2023,12,1,Total,Total,Total,No contesta,Había denuncia
España,2023,12,0,Total,Total,Total,No contesta,No consta denuncia
España,2023,12,0,Total,Total,Total,No contesta,No había denuncia
España,2023,12,0,Total,Total,Total,Sí,Había denuncia
España,2023,12,0,Total,Total,Total,Sí,No consta denuncia
España,2023,12,1,Total,Total,Total,Sí,No había denuncia
España,2023,1,2,Total,Total,Total,No,Había denuncia
España,2023,1,0,Total,Total,Total,No,No consta denuncia
España,2023,1,0,Total,Total,Total,No,No había denuncia
España,2023,1,0,Total,Total,Total,No contesta,Había denuncia
España,2023,1,0,Total,Total,Total,No contesta,No consta denuncia
España,2023,1,1,Total,Total,Total,No contesta,No había denuncia
España,2023,1,0,Total,Total,Total,Sí,Había denuncia
España,2023,1,0,Total,Total,Total,Sí,No consta denuncia
España,2023,1,4,Total,Total,Total,Sí,No había denuncia
España,2023,2,0,Total,Total,Total,No,Había denuncia
España,2023,2,0,Total,Total,Total,No,No consta denuncia
España,2023,2,1,Total,Total,Total,No,No había denuncia
España,2023,2,0,Total,Total,Total,No contesta,Había denuncia
España,2023,2,0,Total,Total,Total,No contesta,No consta denuncia
España,2023,2,0,Total,Total,Total,No contesta,No había denuncia
España,2023,2,0,Total,Total,Total,Sí,Había denuncia
España,2023,2,0,Total,Total,Total,Sí,No consta denuncia
España,2023,2,2,Total,Total,Total,Sí,No había denuncia
España,2023,7,0,Total,Total,Total,No,Había denuncia
España,2023,7,0,Total,Total,Total,No,No consta denuncia
España,2023,7,2,Total,Total,Total,No,No había denuncia
España,2023,7,0,Total,Total,Total,No contesta,Había denuncia
España,2023,7,0,Total,Total,Total,No contesta,No consta denuncia
España,2023,7,1,Total,Total,Total,No contesta,No había denuncia
España,2023,7,0,Total,Total,Total,Sí,Había denuncia
España,2023,7,0,Total,Total,Total,Sí,No consta denuncia
España,2023,7,4,Total,Total,Total,Sí,No había denuncia
España,2023,6,1,Total,Total,Total,No,Había denuncia
España,2023,6,0,Total,Total,Total,No,No consta denuncia
España,2023,6,0,Total,Total,Total,No,No había denuncia
España,2023,6,0,Total,Total,Total,No contesta,Había denuncia
España,2023,6,0,Total,Total,Total,No contesta,No consta denuncia
España,2023,6,0,Total,Total,Total,No contesta,No había denuncia
España,2023,6,1,Total,Total,Total,Sí,Había denuncia
España,2023,6,0,Total,Total,Total,Sí,No consta denuncia
España,2023,6,3,Total,Total,Total,Sí,No había denuncia
España,2023,3,1,Total,Total,Total,No,Había denuncia
España,2023,3,0,Total,Total,Total,No,No consta denuncia
España,2023,3,0,Total,Total,Total,No,No había denuncia
España,2023,3,0,Total,Total,Total,No contesta,Había denuncia
España,2023,3,0,Total,Total,Total,No contesta,No consta denuncia
España,2023,3,0,Total,Total,Total,No contesta,No había denuncia
España,2023,3,1,Total,Total,Total,Sí,Había denuncia
España,2023,3,0,Total,Total,Total,Sí,No consta denuncia
España,2023,3,0,Total,Total,Total,Sí,No había denuncia
España,2023,5,1,Total,Total,Total,No,Había denuncia
España,2023,5,0,Total,Total,Total,No,No consta denuncia
España,2023,5,1,Total,Total,Total,No,No había denuncia
España,2023,5,0,Total,Total,Total,No contesta,Había denuncia
España,2023,5,0,Total,Total,Total,No contesta,No consta denuncia
España,2023,5,0,Total,Total,Total,No contesta,No había denuncia
España,2023,5,0,Total,Total,Total,Sí,Había denuncia
España,2023,5,0,Total,Total,Total,Sí,No consta denuncia
España,2023,5,4,Total,Total,Total,Sí,No había denuncia
España,2023,11,2,Total,Total,Total,No,Había denuncia
España,2023,11,0,Total,Total,Total,No,No consta denuncia
España,2023,11,0,Total,Total,Total,No,No había denuncia
España,2023,11,0,Total,Total,Total,No contesta,Había denuncia
España,2023,11,0,Total,Total,Total,No contesta,No consta denuncia
España,2023,11,0,Total,Total,Total,No contesta,No había denuncia
España,2023,11,1,Total,Total,Total,Sí,Había denuncia
España,2023,11,0,Total,Total,Total,Sí,No consta denuncia
España,2023,11,1,Total,Total,Total,Sí,No había denuncia
España,2023,10,0,Total,Total,Total,No,Había denuncia
España,2023,10,0,Total,Total,Total,No,No consta denuncia
España,2023,10,0,Total,Total,Total,No,No había denuncia
España,2023,10,0,Total,Total,Total,No contesta,Había denuncia
España,2023,10,0,Total,Total,Total,No contesta,No consta denuncia
España,2023,10,0,Total,Total,Total,No contesta,No había denuncia
España,2023,10,0,Total,Total,Total,Sí,Había denuncia
España,2023,10,0,Total,Total,Total,Sí,No consta denuncia
España,2023,10,1,Total,Total,Total,Sí,No había denuncia
España,2023,9,2,Total,Total,Total,No,Había denuncia
España,2023,9,0,Total,Total,Total,No,No consta denuncia
España,2023,9,0,Total,Total,Total,No,No había denuncia
España,2023,9,0,Total,Total,Total,No contesta,Había denuncia
España,2023,9,0,Total,Total,Total,No contesta,No consta denuncia
España,2023,9,1,Total,Total,Total,No contesta,No había denuncia
España,2023,9,1,Total,Total,Total,Sí,Había denuncia
España,2023,9,0,Total,Total,Total,Sí,No consta denuncia
España,2023,9,6,Total,Total,Total,Sí,No había denuncia
España,2024,4,1,Total,Total,Total,No,Había denuncia
España,2024,4,0,Total,Total,Total,No,No consta denuncia
España,2024,4,1,Total,Total,Total,No,No había denuncia
España,2024,4,1,Total,Total,Total,No contesta,Había denuncia
España,2024,4,0,Total,Total,Total,No contesta,No consta denuncia
España,2024,4,0,Total,Total,Total,No contesta,No había denuncia
España,2024,4,0,Total,Total,Total,Sí,Había denuncia
España,2024,4,0,Total,Total,Total,Sí,No consta denuncia
España,2024,4,1,Total,Total,Total,Sí,No había denuncia
España,2024,8,0,Total,Total,Total,No,Había denuncia
España,2024,8,0,Total,Total,Total,No,No consta denuncia
España,2024,8,1,Total,Total,Total,No,No había denuncia
España,2024,8,0,Total,Total,Total,No contesta,Había denuncia
España,2024,8,0,Total,Total,Total,No contesta,No consta denuncia
España,2024,8,0,Total,Total,Total,No contesta,No había denuncia
España,2024,8,0,Total,Total,Total,Sí,Había denuncia
España,2024,8,0,Total,Total,Total,Sí,No consta denuncia
España,2024,8,4,Total,Total,Total,Sí,No había denuncia
España,2024,12,1,Total,Total,Total,No,Había denuncia
España,2024,12,0,Total,Total,Total,No,No consta denuncia
España,2024,12,0,Total,Total,Total,No,No había denuncia
España,2024,12,0,Total,Total,Total,No contesta,Había denuncia
España,2024,12,0,Total,Total,Total,No contesta,No consta denuncia
España,2024,12,0,Total,Total,Total,No contesta,No había denuncia
España,2024,12,2,Total,Total,Total,Sí,Había denuncia
España,2024,12,0,Total,Total,Total,Sí,No consta denuncia
España,2024,12,1,Total,Total,Total,Sí,No había denuncia
España,2024,1,0,Total,Total,Total,No,Había denuncia
España,2024,1,0,Total,Total,Total,No,No consta denuncia
España,2024,1,1,Total,Total,Total,No,No había denuncia
España,2024,1,0,Total,Total,Total,No contesta,Había denuncia
España,2024,1,0,Total,Total,Total,No contesta,No consta denuncia
España,2024,1,0,Total,Total,Total,No contesta,No había denuncia
España,2024,1,0,Total,Total,Total,Sí,Había denuncia
España,2024,1,0,Total,Total,Total,Sí,No consta denuncia
España,2024,1,1,Total,Total,Total,Sí,No había denuncia
España,2024,2,0,Total,Total,Total,No,Había denuncia
España,2024,2,0,Total,Total,Total,No,No consta denuncia
España,2024,2,0,Total,Total,Total,No,No había denuncia
España,2024,2,0,Total,Total,Total,No contesta,Había denuncia
España,2024,2,0,Total,Total,Total,No contesta,No consta denuncia
España,2024,2,0,Total,Total,Total,No contesta,No había denuncia
España,2024,2,1,Total,Total,Total,Sí,Había denuncia
España,2024,2,0,Total,Total,Total,Sí,No consta denuncia
España,2024,2,2,Total,Total,Total,Sí,No había denuncia
España,2024,7,0,Total,Total,Total,No,Había denuncia
España,2024,7,0,Total,Total,Total,No,No consta denuncia
España,2024,7,1,Total,Total,Total,No,No había denuncia
España,2024,7,0,Total,Total,Total,No contesta,Había denuncia
España,2024,7,0,Total,Total,Total,No contesta,No consta denuncia
España,2024,7,0,Total,Total,Total,No contesta,No había denuncia
España,2024,7,3,Total,Total,Total,Sí,Había denuncia
España,2024,7,0,Total,Total,Total,Sí,No consta denuncia
España,2024,7,4,Total,Total,Total,Sí,No había denuncia
España,2024,6,1,Total,Total,Total,No,Había denuncia
España,2024,6,0,Total,Total,Total,No,No consta denuncia
España,2024,6,1,Total,Total,Total,No,No había denuncia
España,2024,6,0,Total,Total,Total,No contesta,Había denuncia
España,2024,6,0,Total,Total,Total,No contesta,No consta denuncia
España,2024,6,1,Total,Total,Total,No contesta,No había denuncia
España,2024,6,0,Total,Total,Total,Sí,Había denuncia
España,2024,6,0,Total,Total,Total,Sí,No consta denuncia
España,2024,6,4,Total,Total,Total,Sí,No había denuncia
España,2024,3,0,Total,Total,Total,No,Había denuncia
España,2024,3,0,Total,Total,Total,No,No consta denuncia
España,2024,3,1,Total,Total,Total,No,No había denuncia
España,2024,3,0,Total,Total,Total,No contesta,Había denuncia
España,2024,3,0,Total,Total,Total,No contesta,No consta denuncia
España,2024,3,1,Total,Total,Total,No contesta,No había denuncia
España,2024,3,0,Total,Total,Total,Sí,Había denuncia
España,2024,3,0,Total,Total,Total,Sí,No consta denuncia
España,2024,3,0,Total,Total,Total,Sí,No había denuncia
España,2024,5,0,Total,Total,Total,No,Había denuncia
España,2024,5,0,Total,Total,Total,No,No consta denuncia
España,2024,5,1,Total,Total,Total,No,No había denuncia
España,2024,5,0,Total,Total,Total,No contesta,Había denuncia
España,2024,5,0,Total,Total,Total,No contesta,No consta denuncia
España,2024,5,0,Total,Total,Total,No contesta,No había denuncia
España,2024,5,0,Total,Total,Total,Sí,Había denuncia
España,2024,5,0,Total,Total,Total,Sí,No consta denuncia
España,2024,5,0,Total,Total,Total,Sí,No había denuncia
España,2024,11,1,Total,Total,Total,No,Había denuncia
España,2024,11,0,Total,Total,Total,No,No consta denuncia
España,2024,11,1,Total,Total,Total,No,No había denuncia
España,2024,11,0,Total,Total,Total,No contesta,Había denuncia
España,2024,11,0,Total,Total,Total,No contesta,No consta denuncia
España,2024,11,0,Total,Total,Total,No contesta,No había denuncia
España,2024,11,1,Total,Total,Total,Sí,Había denuncia
España,2024,11,0,Total,Total,Total,Sí,No consta denuncia
España,2024,11,1,Total,Total,Total,Sí,No había denuncia
España,2024,10,2,Total,Total,Total,No,Había denuncia
España,2024,10,0,Total,Total,Total,No,No consta denuncia
España,2024,10,0,Total,Total,Total,No,No había denuncia
España,2024,10,0,Total,Total,Total,No contesta,Había denuncia
España,2024,10,0,Total,Total,Total,No contesta,No consta denuncia
España,2024,10,1,Total,Total,Total,No contesta,No había denuncia
España,2024,10,1,Total,Total,Total,Sí,Había denuncia
España,2024,10,0,Total,Total,Total,Sí,No consta denuncia
España,2024,10,1,Total,Total,Total,Sí,No había denuncia
España,2024,9,0,Total,Total,Total,No,Había denuncia
España,2024,9,0,Total,Total,Total,No,No consta denuncia
España,2024,9,0,Total,Total,Total,No,No había denuncia
España,2024,9,0,Total,Total,Total,No contesta,Había denuncia
España,2024,9,0,Total,Total,Total,No contesta,No consta denuncia
España,2024,9,0,Total,Total,Total,No contesta,No había denuncia
España,2024,9,1,Total,Total,Total,Sí,Había denuncia
España,2024,9,0,Total,Total,Total,Sí,No consta denuncia
España,2024,9,3,Total,Total,Total,Sí,No había denuncia
España,2025,4,0,Total,Total,Total,No,Había denuncia
España,2025,4,0,Total,Total,Total,No,No consta denuncia
España,2025,4,0,Total,Total,Total,No,No había denuncia
España,2025,4,0,Total,Total,Total,No contesta,Había denuncia
España,2025,4,0,Total,Total,Total,No contesta,No consta denuncia
España,2025,4,0,Total,Total,Total,No contesta,No había denuncia
España,2025,4,1,Total,Total,Total,Sí,Había denuncia
España,2025,4,0,Total,Total,Total,Sí,No consta denuncia
España,2025,4,3,Total,Total,Total,Sí,No había denuncia
España,2025,8,0,Total,Total,Total,No,Había denuncia
España,2025,8,0,Total,Total,Total,No,No consta denuncia
España,2025,8,0,Total,Total,Total,No,No había denuncia
España,2025,8,0,Total,Total,Total,No contesta,Había denuncia
España,2025,8,0,Total,Total,Total,No contesta,No consta denuncia
España,2025,8,0,Total,Total,Total,No contesta,No había denuncia
España,2025,8,2,Total,Total,Total,Sí,Había denuncia
España,2025,8,0,Total,Total,Total,Sí,No consta denuncia
España,2025,8,0,Total,Total,Total,Sí,No había denuncia
España,2025,12,0,Total,Total,Total,No,Había denuncia
España,2025,12,0,Total,Total,Total,No,No consta denuncia
España,2025,12,0,Total,Total,Total,No,No había denuncia
España,2025,12,0,Total,Total,Total,No contesta,Había denuncia
España,2025,12,0,Total,Total,Total,No contesta,No consta denuncia
España,2025,12,0,Total,Total,Total,No contesta,No había denuncia
España,2025,12,0,Total,Total,Total,Sí,Había denuncia
España,2025,12,0,Total,Total,Total,Sí,No consta denuncia
España,2025,12,5,Total,Total,Total,Sí,No había denuncia
España,2025,1,0,Total,Total,Total,No,Había denuncia
España,2025,1,0,Total,Total,Total,No,No consta denuncia
España,2025,1,0,Total,Total,Total,No,No había denuncia
España,2025,1,0,Total,Total,Total,No contesta,Había denuncia
España,2025,1,0,Total,Total,Total,No contesta,No consta denuncia
España,2025,1,0,Total,Total,Total,No contesta,No había denuncia
España,2025,1,0,Total,Total,Total,Sí,Había denuncia
España,2025,1,0,Total,Total,Total,Sí,No consta denuncia
España,2025,1,1,Total,Total,Total,Sí,No había denuncia
España,2025,2,0,Total,Total,Total,No,Había denuncia
España,2025,2,0,Total,Total,Total,No,No consta denuncia
España,2025,2,0,Total,Total,Total,No,No había denuncia
España,2025,2,0,Total,Total,Total,No contesta,Había denuncia
España,2025,2,0,Total,Total,Total,No contesta,No consta denuncia
España,2025,2,0,Total,Total,Total,No contesta,No había denuncia
España,2025,2,1,Total,Total,Total,Sí,Había denuncia
España,2025,2,0,Total,Total,Total,Sí,No consta denuncia
España,2025,2,1,Total,Total,Total,Sí,No había denuncia
España,2025,7,0,Total,Total,Total,No,Había denuncia
España,2025,7,0,Total,Total,Total,No,No consta denuncia
España,2025,7,0,Total,Total,Total,No,No había denuncia
España,2025,7,0,Total,Total,Total,No contesta,Había denuncia
España,2025,7,0,Total,Total,Total,No contesta,No consta denuncia
España,2025,7,0,Total,Total,Total,No contesta,No había denuncia
España,2025,7,1,Total,Total,Total,Sí,Había denuncia
España,2025,7,0,Total,Total,Total,Sí,No consta denuncia
España,2025,7,2,Total,Total,Total,Sí,No había denuncia
España,2025,6,0,Total,Total,Total,No,Había denuncia
España,2025,6,0,Total,Total,Total,No,No consta denuncia
España,2025,6,0,Total,Total,Total,No,No había denuncia
España,2025,6,0,Total,Total,Total,No contesta,Había denuncia
España,2025,6,0,Total,Total,Total,No contesta,No consta denuncia
España,2025,6,0,Total,Total,Total,No contesta,No había denuncia
España,2025,6,2,Total,Total,Total,Sí,Había denuncia
España,2025,6,0,Total,Total,Total,Sí,No consta denuncia
España,2025,6,6,Total,Total,Total,Sí,No había denuncia
España,2025,3,0,Total,Total,Total,No,Había denuncia
España,2025,3,0,Total,Total,Total,No,No consta denuncia
España,2025,3,0,Total,Total,Total,No,No había denuncia
España,2025,3,0,Total,Total,Total,No contesta,Había denuncia
España,2025,3,0,Total,Total,Total,No contesta,No consta denuncia
España,2025,3,0,Total,Total,Total,No contesta,No había denuncia
España,2025,3,0,Total,Total,Total,Sí,Había denuncia
España,2025,3,0,Total,Total,Total,Sí,No consta denuncia
España,2025,3,5,Total,Total,Total,Sí,No había denuncia
España,2025,5,0,Total,Total,Total,No,Había denuncia
España,2025,5,0,Total,Total,Total,No,No consta denuncia
España,2025,5,0,Total,Total,Total,No,No había denuncia
España,2025,5,0,Total,Total,Total,No contesta,Había denuncia
España,2025,5,0,Total,Total,Total,No contesta,No consta denuncia
España,2025,5,0,Total,Total,Total,No contesta,No había denuncia
España,2025,5,0,Total,Total,Total,Sí,Había denuncia
España,2025,5,0,Total,Total,Total,Sí,No consta denuncia
España,2025,5,1,Total,Total,Total,Sí,No había denuncia
España,2025,11,1,Total,Total,Total,No,Había denuncia
España,2025,11,0,Total,Total,Total,No,No consta denuncia
España,2025,11,2,Total,Total,Total,No,No había denuncia
España,2025,11,0,Total,Total,Total,No contesta,Había denuncia
España,2025,11,0,Total,Total,Total,No contesta,No consta denuncia
España,2025,11,0,Total,Total,Total,No contesta,No había denuncia
España,2025,11,1,Total,Total,Total,Sí,Había denuncia
España,2025,11,0,Total,Total,Total,Sí,No consta denuncia
España,2025,11,3,Total,Total,Total,Sí,No había denuncia
España,2025,10,1,Total,Total,Total,No,Había denuncia
España,2025,10,0,Total,Total,Total,No,No consta denuncia
España,2025,10,1,Total,Total,Total,No,No había denuncia
España,2025,10,0,Total,Total,Total,No contesta,Había denuncia
España,2025,10,0,Total,Total,Total,No contesta,No consta denuncia
España,2025,10,0,Total,Total,Total,No contesta,No había denuncia
España,2025,10,0,Total,Total,Total,Sí,Había denuncia
España,2025,10,0,Total,Total,Total,Sí,No consta denuncia
España,2025,10,3,Total,Total,Total,Sí,No había denuncia
España,2025,9,1,Total,Total,Total,No,Había denuncia
España,2025,9,0,Total,Total,Total,No,No consta denuncia
España,2025,9,2,Total,Total,Total,No,No había denuncia
España,2025,9,0,Total,Total,Total,No contesta,Había denuncia
España,2025,9,0,Total,Total,Total,No contesta,No consta denuncia
España,2025,9,0,Total,Total,Total,No contesta,No había denuncia
España,2025,9,0,Total,Total,Total,Sí,Había denuncia
España,2025,9,0,Total,Total,Total,Sí,No consta denuncia
España,2025,9,2,Total,Total,Total,Sí,No había denuncia
España,2026,4,2,Total,Total,Total,No,Había denuncia
España,2026,4,0,Total,Total,Total,No,No consta denuncia
España,2026,4,0,Total,Total,Total,No,No había denuncia
España,2026,4,0,Total,Total,Total,No contesta,Había denuncia
España,2026,4,0,Total,Total,Total,No contesta,No consta denuncia
España,2026,4,0,Total,Total,Total,No contesta,No había denuncia
España,2026,4,0,Total,Total,Total,Sí,Había denuncia
España,2026,4,0,Total,Total,Total,Sí,No consta denuncia
España,2026,4,0,Total,Total,Total,Sí,No había denuncia
España,2026,1,2,Total,Total,Total,No,Había denuncia
España,2026,1,0,Total,Total,Total,No,No consta denuncia
España,2026,1,2,Total,Total,Total,No,No había denuncia
España,2026,1,0,Total,Total,Total,No contesta,Había denuncia
España,2026,1,0,Total,Total,Total,No contesta,No consta denuncia
España,2026,1,0,Total,Total,Total,No contesta,No había denuncia
España,2026,1,1,Total,Total,Total,Sí,Había denuncia
España,2026,1,0,Total,Total,Total,Sí,No consta denuncia
España,2026,1,1,Total,Total,Total,Sí,No había denuncia
España,2026,2,2,Total,Total,Total,No,Había denuncia
España,2026,2,0,Total,Total,Total,No,No consta denuncia
España,2026,2,2,Total,Total,Total,No,No había denuncia
España,2026,2,0,Total,Total,Total,No contesta,Había denuncia
España,2026,2,0,Total,Total,Total,No contesta,No consta denuncia
España,2026,2,0,Total,Total,Total,No contesta,No había denuncia
España,2026,2,0,Total,Total,Total,Sí,Había denuncia
España,2026,2,0,Total,Total,Total,Sí,No consta denuncia
España,2026,2,1,Total,Total,Total,Sí,No había denuncia
España,2026,7,1,Total,Total,Total,No,Había denuncia
España,2026,7,0,Total,Total,Total,No,No consta denuncia
España,2026,7,1,Total,Total,Total,No,No había denuncia
España,2026,7,0,Total,Total,Total,No contesta,Había denuncia
España,2026,7,0,Total,Total,Total,No contesta,No consta denuncia
España,2026,7,0,Total,Total,Total,No contesta,No había denuncia
España,2026,7,0,Total,Total,Total,Sí,Había denuncia
España,2026,7,0,Total,Total,Total,Sí,No consta denuncia
España,2026,7,4,Total,Total,Total,Sí,No había denuncia
España,2026,6,0,Total,Total,Total,No,Había denuncia
España,2026,6,0,Total,Total,Total,No,No consta denuncia
España,2026,6,0,Total,Total,Total,No,No había denuncia
España,2026,6,0,Total,Total,Total,No contesta,Había denuncia
España,2026,6,0,Total,Total,Total,No contesta,No consta denuncia
España,2026,6,0,Total,Total,Total,No contesta,No había denuncia
España,2026,6,0,Total,Total,Total,Sí,Había denuncia
España,2026,6,0,Total,Total,Total,Sí,No consta denuncia
España,2026,6,3,Total,Total,Total,Sí,No había denuncia
España,2026,3,0,Total,Total,Total,No,Había denuncia
España,2026,3,0,Total,Total,Total,No,No consta denuncia
España,2026,3,2,Total,Total,Total,No,No había denuncia
España,2026,3,0,Total,Total,Total,No contesta,Había denuncia
España,2026,3,0,Total,Total,Total,No contesta,No consta denuncia
España,2026,3,0,Total,Total,Total,No contesta,No había denuncia
España,2026,3,0,Total,Total,Total,Sí,Había denuncia
España,2026,3,0,Total,Total,Total,Sí,No consta denuncia
España,2026,3,3,Total,Total,Total,Sí,No había denuncia
España,2026,5,0,Total,Total,Total,No,Había denuncia
España,2026,5,0,Total,Total,Total,No,No consta denuncia
España,2026,5,1,Total,Total,Total,No,No había denuncia
España,2026,5,0,Total,Total,Total,No contesta,Había denuncia
España,2026,5,0,Total,Total,Total,No contesta,No consta denuncia
España,2026,5,0,Total,Total,Total,No contesta,No había denuncia
España,2026,5,2,Total,Total,Total,Sí,Había denuncia
España,2026,5,0,Total,Total,Total,Sí,No consta denuncia
España,2026,5,2,Total,Total,Total,Sí,No había denuncia
España,2003,4,0,Total,Total,Expareja,Total,Había denuncia
España,2003,4,0,Total,Total,Expareja,Total,No consta denuncia
España,2003,4,0,Total,Total,Expareja,Total,No había denuncia
España,2003,4,0,Total,Total,Pareja,Total,Había denuncia
España,2003,4,5,Total,Total,Pareja,Total,No consta denuncia
España,2003,4,0,Total,Total,Pareja,Total,No había denuncia
España,2003,8,0,Total,Total,Expareja,Total,Había denuncia
España,2003,8,2,Total,Total,Expareja,Total,No consta denuncia
España,2003,8,0,Total,Total,Expareja,Total,No había denuncia
España,2003,8,0,Total,Total,Pareja,Total,Había denuncia
España,2003,8,6,Total,Total,Pareja,Total,No consta denuncia
España,2003,8,0,Total,Total,Pareja,Total,No había denuncia
España,2003,12,0,Total,Total,Expareja,Total,Había denuncia
España,2003,12,1,Total,Total,Expareja,Total,No consta denuncia
España,2003,12,0,Total,Total,Expareja,Total,No había denuncia
España,2003,12,0,Total,Total,Pareja,Total,Había denuncia
España,2003,12,2,Total,Total,Pareja,Total,No consta denuncia
España,2003,12,0,Total,Total,Pareja,Total,No había denuncia
España,2003,1,0,Total,Total,Expareja,Total,Había denuncia
España,2003,1,1,Total,Total,Expareja,Total,No consta denuncia
España,2003,1,0,Total,Total,Expareja,Total,No había denuncia
España,2003,1,0,Total,Total,Pareja,Total,Había denuncia
España,2003,1,7,Total,Total,Pareja,Total,No consta denuncia
España,2003,1,0,Total,Total,Pareja,Total,No había denuncia
España,2003,2,0,Total,Total,Expareja,Total,Había denuncia
España,2003,2,1,Total,Total,Expareja,Total,No consta denuncia
España,2003,2,0,Total,Total,Expareja,Total,No había denuncia
España,2003,2,0,Total,Total,Pareja,Total,Había denuncia
España,2003,2,3,Total,Total,Pareja,Total,No consta denuncia
España,2003,2,0,Total,Total,Pareja,Total,No había denuncia
España,2003,7,0,Total,Total,Expareja,Total,Había denuncia
España,2003,7,1,Total,Total,Expareja,Total,No consta denuncia
España,2003,7,0,Total,Total,Expareja,Total,No había denuncia
España,2003,7,0,Total,Total,Pareja,Total,Había denuncia
España,2003,7,7,Total,Total,Pareja,Total,No consta denuncia
España,2003,7,0,Total,Total,Pareja,Total,No había denuncia
España,2003,6,0,Total,Total,Expareja,Total,Había denuncia
España,2003,6,2,Total,Total,Expareja,Total,No consta denuncia
España,2003,6,0,Total,Total,Expareja,Total,No había denuncia
España,2003,6,0,Total,Total,Pareja,Total,Había denuncia
España,2003,6,5,Total,Total,Pareja,Total,No consta denuncia
España,2003,6,0,Total,Total,Pareja,Total,No había denuncia
España,2003,3,0,Total,Total,Expareja,Total,Había denuncia
España,2003,3,2,Total,Total,Expareja,Total,No consta denuncia
España,2003,3,0,Total,Total,Expareja,Total,No había denuncia
España,2003,3,0,Total,Total,Pareja,Total,Había denuncia
España,2003,3,4,Total,Total,Pareja,Total,No consta denuncia
España,2003,3,0,Total,Total,Pareja,Total,No había denuncia
España,2003,5,0,Total,Total,Expareja,Total,Había denuncia
España,2003,5,1,Total,Total,Expareja,Total,No consta denuncia
España,2003,5,0,Total,Total,Expareja,Total,No había denuncia
España,2003,5,0,Total,Total,Pareja,Total,Había denuncia
España,2003,5,6,Total,Total,Pareja,Total,No consta denuncia
España,2003,5,0,Total,Total,Pareja,Total,No había denuncia
España,2003,11,0,Total,Total,Expareja,Total,Había denuncia
España,2003,11,3,Total,Total,Expareja,Total,No consta denuncia
España,2003,11,0,Total,Total,Expareja,Total,No había denuncia
España,2003,11,0,Total,Total,Pareja,Total,Había denuncia
España,2003,11,6,Total,Total,Pareja,Total,No consta denuncia
España,2003,11,0,Total,Total,Pareja,Total,No había denuncia
España,2003,10,0,Total,Total,Expareja,Total,Había denuncia
España,2003,10,0,Total,Total,Expareja,Total,No consta denuncia
España,2003,10,0,Total,Total,Expareja,Total,No había denuncia
España,2003,10,0,Total,Total,Pareja,Total,Había denuncia
España,2003,10,2,Total,Total,Pareja,Total,No consta denuncia
España,2003,10,0,Total,Total,Pareja,Total,No había denuncia
España,2003,9,0,Total,Total,Expareja,Total,Había denuncia
España,2003,9,2,Total,Total,Expareja,Total,No consta denuncia
España,2003,9,0,Total,Total,Expareja,Total,No había denuncia
España,2003,9,0,Total,Total,Pareja,Total,Había denuncia
España,2003,9,2,Total,Total,Pareja,Total,No consta denuncia
España,2003,9,0,Total,Total,Pareja,Total,No había denuncia
España,2004,4,0,Total,Total,Expareja,Total,Había denuncia
España,2004,4,1,Total,Total,Expareja,Total,No consta denuncia
España,2004,4,0,Total,Total,Expareja,Total,No había denuncia
España,2004,4,0,Total,Total,Pareja,Total,Había denuncia
España,2004,4,5,Total,Total,Pareja,Total,No consta denuncia
España,2004,4,0,Total,Total,Pareja,Total,No había denuncia
España,2004,8,0,Total,Total,Expareja,Total,Había denuncia
España,2004,8,2,Total,Total,Expareja,Total,No consta denuncia
España,2004,8,0,Total,Total,Expareja,Total,No había denuncia
España,2004,8,0,Total,Total,Pareja,Total,Había denuncia
España,2004,8,4,Total,Total,Pareja,Total,No consta denuncia
España,2004,8,0,Total,Total,Pareja,Total,No había denuncia
España,2004,12,0,Total,Total,Expareja,Total,Había denuncia
España,2004,12,0,Total,Total,Expareja,Total,No consta denuncia
España,2004,12,0,Total,Total,Expareja,Total,No había denuncia
España,2004,12,0,Total,Total,Pareja,Total,Había denuncia
España,2004,12,8,Total,Total,Pareja,Total,No consta denuncia
España,2004,12,0,Total,Total,Pareja,Total,No había denuncia
España,2004,1,0,Total,Total,Expareja,Total,Había denuncia
España,2004,1,1,Total,Total,Expareja,Total,No consta denuncia
España,2004,1,0,Total,Total,Expareja,Total,No había denuncia
España,2004,1,0,Total,Total,Pareja,Total,Había denuncia
España,2004,1,1,Total,Total,Pareja,Total,No consta denuncia
España,2004,1,0,Total,Total,Pareja,Total,No había denuncia
España,2004,2,0,Total,Total,Expareja,Total,Había denuncia
España,2004,2,0,Total,Total,Expareja,Total,No consta denuncia
España,2004,2,0,Total,Total,Expareja,Total,No había denuncia
España,2004,2,0,Total,Total,Pareja,Total,Había denuncia
España,2004,2,5,Total,Total,Pareja,Total,No consta denuncia
España,2004,2,0,Total,Total,Pareja,Total,No había denuncia
España,2004,7,0,Total,Total,Expareja,Total,Había denuncia
España,2004,7,2,Total,Total,Expareja,Total,No consta denuncia
España,2004,7,0,Total,Total,Expareja,Total,No había denuncia
España,2004,7,0,Total,Total,Pareja,Total,Había denuncia
España,2004,7,5,Total,Total,Pareja,Total,No consta denuncia
España,2004,7,0,Total,Total,Pareja,Total,No había denuncia
España,2004,6,0,Total,Total,Expareja,Total,Había denuncia
España,2004,6,2,Total,Total,Expareja,Total,No consta denuncia
España,2004,6,0,Total,Total,Expareja,Total,No había denuncia
España,2004,6,0,Total,Total,Pareja,Total,Había denuncia
España,2004,6,4,Total,Total,Pareja,Total,No consta denuncia
España,2004,6,0,Total,Total,Pareja,Total,No había denuncia
España,2004,3,0,Total,Total,Expareja,Total,Había denuncia
España,2004,3,1,Total,Total,Expareja,Total,No consta denuncia
España,2004,3,0,Total,Total,Expareja,Total,No había denuncia
España,2004,3,0,Total,Total,Pareja,Total,Había denuncia
España,2004,3,5,Total,Total,Pareja,Total,No consta denuncia
España,2004,3,0,Total,Total,Pareja,Total,No había denuncia
España,2004,5,0,Total,Total,Expareja,Total,Había denuncia
España,2004,5,1,Total,Total,Expareja,Total,No consta denuncia
España,2004,5,0,Total,Total,Expareja,Total,No había denuncia
España,2004,5,0,Total,Total,Pareja,Total,Había denuncia
España,2004,5,7,Total,Total,Pareja,Total,No consta denuncia
España,2004,5,0,Total,Total,Pareja,Total,No había denuncia
España,2004,11,0,Total,Total,Expareja,Total,Había denuncia
España,2004,11,2,Total,Total,Expareja,Total,No consta denuncia
España,2004,11,0,Total,Total,Expareja,Total,No había denuncia
España,2004,11,0,Total,Total,Pareja,Total,Había denuncia
España,2004,11,2,Total,Total,Pareja,Total,No consta denuncia
España,2004,11,0,Total,Total,Pareja,Total,No había denuncia
España,2004,10,0,Total,Total,Expareja,Total,Había denuncia
España,2004,10,1,Total,Total,Expareja,Total,No consta denuncia
España,2004,10,0,Total,Total,Expareja,Total,No había denuncia
España,2004,10,0,Total,Total,Pareja,Total,Había denuncia
España,2004,10,6,Total,Total,Pareja,Total,No consta denuncia
España,2004,10,0,Total,Total,Pareja,Total,No había denuncia
España,2004,9,0,Total,Total,Expareja,Total,Había denuncia
España,2004,9,3,Total,Total,Expareja,Total,No consta denuncia
España,2004,9,0,Total,Total,Expareja,Total,No había denuncia
España,2004,9,0,Total,Total,Pareja,Total,Había denuncia
España,2004,9,4,Total,Total,Pareja,Total,No consta denuncia
España,2004,9,0,Total,Total,Pareja,Total,No había denuncia
España,2005,4,0,Total,Total,Expareja,Total,Había denuncia
España,2005,4,0,Total,Total,Expareja,Total,No consta denuncia
España,2005,4,0,Total,Total,Expareja,Total,No había denuncia
España,2005,4,0,Total,Total,Pareja,Total,Había denuncia
España,2005,4,4,Total,Total,Pareja,Total,No consta denuncia
España,2005,4,0,Total,Total,Pareja,Total,No había denuncia
España,2005,8,0,Total,Total,Expareja,Total,Había denuncia
España,2005,8,0,Total,Total,Expareja,Total,No consta denuncia
España,2005,8,0,Total,Total,Expareja,Total,No había denuncia
España,2005,8,0,Total,Total,Pareja,Total,Había denuncia
España,2005,8,6,Total,Total,Pareja,Total,No consta denuncia
España,2005,8,0,Total,Total,Pareja,Total,No había denuncia
España,2005,12,0,Total,Total,Expareja,Total,Había denuncia
España,2005,12,0,Total,Total,Expareja,Total,No consta denuncia
España,2005,12,0,Total,Total,Expareja,Total,No había denuncia
España,2005,12,0,Total,Total,Pareja,Total,Había denuncia
España,2005,12,3,Total,Total,Pareja,Total,No consta denuncia
España,2005,12,0,Total,Total,Pareja,Total,No había denuncia
España,2005,1,0,Total,Total,Expareja,Total,Había denuncia
España,2005,1,3,Total,Total,Expareja,Total,No consta denuncia
España,2005,1,0,Total,Total,Expareja,Total,No había denuncia
España,2005,1,0,Total,Total,Pareja,Total,Había denuncia
España,2005,1,3,Total,Total,Pareja,Total,No consta denuncia
España,2005,1,0,Total,Total,Pareja,Total,No había denuncia
España,2005,2,0,Total,Total,Expareja,Total,Había denuncia
España,2005,2,3,Total,Total,Expareja,Total,No consta denuncia
España,2005,2,0,Total,Total,Expareja,Total,No había denuncia
España,2005,2,0,Total,Total,Pareja,Total,Había denuncia
España,2005,2,3,Total,Total,Pareja,Total,No consta denuncia
España,2005,2,0,Total,Total,Pareja,Total,No había denuncia
España,2005,7,0,Total,Total,Expareja,Total,Había denuncia
España,2005,7,1,Total,Total,Expareja,Total,No consta denuncia
España,2005,7,0,Total,Total,Expareja,Total,No había denuncia
España,2005,7,0,Total,Total,Pareja,Total,Había denuncia
España,2005,7,3,Total,Total,Pareja,Total,No consta denuncia
España,2005,7,0,Total,Total,Pareja,Total,No había denuncia
España,2005,6,0,Total,Total,Expareja,Total,Había denuncia
España,2005,6,0,Total,Total,Expareja,Total,No consta denuncia
España,2005,6,0,Total,Total,Expareja,Total,No había denuncia
España,2005,6,0,Total,Total,Pareja,Total,Había denuncia
España,2005,6,6,Total,Total,Pareja,Total,No consta denuncia
España,2005,6,0,Total,Total,Pareja,Total,No había denuncia
España,2005,3,0,Total,Total,Expareja,Total,Había denuncia
España,2005,3,0,Total,Total,Expareja,Total,No consta denuncia
España,2005,3,0,Total,Total,Expareja,Total,No había denuncia
España,2005,3,0,Total,Total,Pareja,Total,Había denuncia
España,2005,3,3,Total,Total,Pareja,Total,No consta denuncia
España,2005,3,0,Total,Total,Pareja,Total,No había denuncia
España,2005,5,0,Total,Total,Expareja,Total,Había denuncia
España,2005,5,2,Total,Total,Expareja,Total,No consta denuncia
España,2005,5,0,Total,Total,Expareja,Total,No había denuncia
España,2005,5,0,Total,Total,Pareja,Total,Había denuncia
España,2005,5,2,Total,Total,Pareja,Total,No consta denuncia
España,2005,5,0,Total,Total,Pareja,Total,No había denuncia
España,2005,11,0,Total,Total,Expareja,Total,Había denuncia
España,2005,11,1,Total,Total,Expareja,Total,No consta denuncia
España,2005,11,0,Total,Total,Expareja,Total,No había denuncia
España,2005,11,0,Total,Total,Pareja,Total,Había denuncia
España,2005,11,5,Total,Total,Pareja,Total,No consta denuncia
España,2005,11,0,Total,Total,Pareja,Total,No había denuncia
España,2005,10,0,Total,Total,Expareja,Total,Había denuncia
España,2005,10,4,Total,Total,Expareja,Total,No consta denuncia
España,2005,10,0,Total,Total,Expareja,Total,No había denuncia
España,2005,10,0,Total,Total,Pareja,Total,Había denuncia
España,2005,10,1,Total,Total,Pareja,Total,No consta denuncia
España,2005,10,0,Total,Total,Pareja,Total,No había denuncia
España,2005,9,0,Total,Total,Expareja,Total,Había denuncia
España,2005,9,1,Total,Total,Expareja,Total,No consta denuncia
España,2005,9,0,Total,Total,Expareja,Total,No había denuncia
España,2005,9,0,Total,Total,Pareja,Total,Había denuncia
España,2005,9,3,Total,Total,Pareja,Total,No consta denuncia
España,2005,9,0,Total,Total,Pareja,Total,No había denuncia
España,2006,4,0,Total,Total,Expareja,Total,Había denuncia
España,2006,4,0,Total,Total,Expareja,Total,No consta denuncia
España,2006,4,1,Total,Total,Expareja,Total,No había denuncia
España,2006,4,0,Total,Total,Pareja,Total,Había denuncia
España,2006,4,0,Total,Total,Pareja,Total,No consta denuncia
España,2006,4,4,Total,Total,Pareja,Total,No había denuncia
España,2006,8,0,Total,Total,Expareja,Total,Había denuncia
España,2006,8,0,Total,Total,Expareja,Total,No consta denuncia
España,2006,8,2,Total,Total,Expareja,Total,No había denuncia
España,2006,8,2,Total,Total,Pareja,Total,Había denuncia
España,2006,8,0,Total,Total,Pareja,Total,No consta denuncia
España,2006,8,5,Total,Total,Pareja,Total,No había denuncia
España,2006,12,1,Total,Total,Expareja,Total,Había denuncia
España,2006,12,0,Total,Total,Expareja,Total,No consta denuncia
España,2006,12,0,Total,Total,Expareja,Total,No había denuncia
España,2006,12,2,Total,Total,Pareja,Total,Había denuncia
España,2006,12,0,Total,Total,Pareja,Total,No consta denuncia
España,2006,12,3,Total,Total,Pareja,Total,No había denuncia
España,2006,1,2,Total,Total,Expareja,Total,Había denuncia
España,2006,1,0,Total,Total,Expareja,Total,No consta denuncia
España,2006,1,3,Total,Total,Expareja,Total,No había denuncia
España,2006,1,2,Total,Total,Pareja,Total,Había denuncia
España,2006,1,0,Total,Total,Pareja,Total,No consta denuncia
España,2006,1,2,Total,Total,Pareja,Total,No había denuncia
España,2006,2,0,Total,Total,Expareja,Total,Había denuncia
España,2006,2,0,Total,Total,Expareja,Total,No consta denuncia
España,2006,2,1,Total,Total,Expareja,Total,No había denuncia
España,2006,2,1,Total,Total,Pareja,Total,Había denuncia
España,2006,2,0,Total,Total,Pareja,Total,No consta denuncia
España,2006,2,2,Total,Total,Pareja,Total,No había denuncia
España,2006,7,1,Total,Total,Expareja,Total,Había denuncia
España,2006,7,0,Total,Total,Expareja,Total,No consta denuncia
España,2006,7,1,Total,Total,Expareja,Total,No había denuncia
España,2006,7,0,Total,Total,Pareja,Total,Había denuncia
España,2006,7,0,Total,Total,Pareja,Total,No consta denuncia
España,2006,7,6,Total,Total,Pareja,Total,No había denuncia
España,2006,6,1,Total,Total,Expareja,Total,Había denuncia
España,2006,6,0,Total,Total,Expareja,Total,No consta denuncia
España,2006,6,0,Total,Total,Expareja,Total,No había denuncia
España,2006,6,0,Total,Total,Pareja,Total,Había denuncia
España,2006,6,0,Total,Total,Pareja,Total,No consta denuncia
España,2006,6,1,Total,Total,Pareja,Total,No había denuncia
España,2006,3,0,Total,Total,Expareja,Total,Había denuncia
España,2006,3,0,Total,Total,Expareja,Total,No consta denuncia
España,2006,3,2,Total,Total,Expareja,Total,No había denuncia
España,2006,3,5,Total,Total,Pareja,Total,Había denuncia
España,2006,3,0,Total,Total,Pareja,Total,No consta denuncia
España,2006,3,2,Total,Total,Pareja,Total,No había denuncia
España,2006,5,1,Total,Total,Expareja,Total,Había denuncia
España,2006,5,0,Total,Total,Expareja,Total,No consta denuncia
España,2006,5,1,Total,Total,Expareja,Total,No había denuncia
España,2006,5,1,Total,Total,Pareja,Total,Había denuncia
España,2006,5,0,Total,Total,Pareja,Total,No consta denuncia
España,2006,5,2,Total,Total,Pareja,Total,No había denuncia
España,2006,11,1,Total,Total,Expareja,Total,Había denuncia
España,2006,11,0,Total,Total,Expareja,Total,No consta denuncia
España,2006,11,0,Total,Total,Expareja,Total,No había denuncia
España,2006,11,0,Total,Total,Pareja,Total,Había denuncia
España,2006,11,0,Total,Total,Pareja,Total,No consta denuncia
España,2006,11,1,Total,Total,Pareja,Total,No había denuncia
España,2006,10,0,Total,Total,Expareja,Total,Había denuncia
España,2006,10,0,Total,Total,Expareja,Total,No consta denuncia
España,2006,10,0,Total,Total,Expareja,Total,No había denuncia
España,2006,10,1,Total,Total,Pareja,Total,Había denuncia
España,2006,10,0,Total,Total,Pareja,Total,No consta denuncia
España,2006,10,5,Total,Total,Pareja,Total,No había denuncia
España,2006,9,0,Total,Total,Expareja,Total,Había denuncia
España,2006,9,0,Total,Total,Expareja,Total,No consta denuncia
España,2006,9,0,Total,Total,Expareja,Total,No había denuncia
España,2006,9,1,Total,Total,Pareja,Total,Había denuncia
España,2006,9,0,Total,Total,Pareja,Total,No consta denuncia
España,2006,9,3,Total,Total,Pareja,Total,No había denuncia
España,2007,4,1,Total,Total,Expareja,Total,Había denuncia
España,2007,4,0,Total,Total,Expareja,Total,No consta denuncia
España,2007,4,0,Total,Total,Expareja,Total,No había denuncia
España,2007,4,0,Total,Total,Pareja,Total,Había denuncia
España,2007,4,0,Total,Total,Pareja,Total,No consta denuncia
España,2007,4,3,Total,Total,Pareja,Total,No había denuncia
España,2007,8,0,Total,Total,Expareja,Total,Había denuncia
España,2007,8,0,Total,Total,Expareja,Total,No consta denuncia
España,2007,8,1,Total,Total,Expareja,Total,No había denuncia
España,2007,8,1,Total,Total,Pareja,Total,Había denuncia
España,2007,8,0,Total,Total,Pareja,Total,No consta denuncia
España,2007,8,5,Total,Total,Pareja,Total,No había denuncia
España,2007,12,0,Total,Total,Expareja,Total,Había denuncia
España,2007,12,0,Total,Total,Expareja,Total,No consta denuncia
España,2007,12,1,Total,Total,Expareja,Total,No había denuncia
España,2007,12,0,Total,Total,Pareja,Total,Había denuncia
España,2007,12,0,Total,Total,Pareja,Total,No consta denuncia
España,2007,12,0,Total,Total,Pareja,Total,No había denuncia
España,2007,1,0,Total,Total,Expareja,Total,Había denuncia
España,2007,1,0,Total,Total,Expareja,Total,No consta denuncia
España,2007,1,3,Total,Total,Expareja,Total,No había denuncia
España,2007,1,1,Total,Total,Pareja,Total,Había denuncia
España,2007,1,0,Total,Total,Pareja,Total,No consta denuncia
España,2007,1,1,Total,Total,Pareja,Total,No había denuncia
España,2007,2,1,Total,Total,Expareja,Total,Había denuncia
España,2007,2,0,Total,Total,Expareja,Total,No consta denuncia
España,2007,2,0,Total,Total,Expareja,Total,No había denuncia
España,2007,2,2,Total,Total,Pareja,Total,Había denuncia
España,2007,2,0,Total,Total,Pareja,Total,No consta denuncia
España,2007,2,6,Total,Total,Pareja,Total,No había denuncia
España,2007,7,0,Total,Total,Expareja,Total,Había denuncia
España,2007,7,0,Total,Total,Expareja,Total,No consta denuncia
España,2007,7,0,Total,Total,Expareja,Total,No había denuncia
España,2007,7,4,Total,Total,Pareja,Total,Había denuncia
España,2007,7,0,Total,Total,Pareja,Total,No consta denuncia
España,2007,7,4,Total,Total,Pareja,Total,No había denuncia
España,2007,6,2,Total,Total,Expareja,Total,Había denuncia
España,2007,6,0,Total,Total,Expareja,Total,No consta denuncia
España,2007,6,1,Total,Total,Expareja,Total,No había denuncia
España,2007,6,4,Total,Total,Pareja,Total,Había denuncia
España,2007,6,0,Total,Total,Pareja,Total,No consta denuncia
España,2007,6,3,Total,Total,Pareja,Total,No había denuncia
España,2007,3,1,Total,Total,Expareja,Total,Había denuncia
España,2007,3,0,Total,Total,Expareja,Total,No consta denuncia
España,2007,3,0,Total,Total,Expareja,Total,No había denuncia
España,2007,3,1,Total,Total,Pareja,Total,Había denuncia
España,2007,3,0,Total,Total,Pareja,Total,No consta denuncia
España,2007,3,2,Total,Total,Pareja,Total,No había denuncia
España,2007,5,0,Total,Total,Expareja,Total,Había denuncia
España,2007,5,0,Total,Total,Expareja,Total,No consta denuncia
España,2007,5,1,Total,Total,Expareja,Total,No había denuncia
España,2007,5,0,Total,Total,Pareja,Total,Había denuncia
España,2007,5,0,Total,Total,Pareja,Total,No consta denuncia
España,2007,5,6,Total,Total,Pareja,Total,No había denuncia
España,2007,11,1,Total,Total,Expareja,Total,Había denuncia
España,2007,11,0,Total,Total,Expareja,Total,No consta denuncia
España,2007,11,1,Total,Total,Expareja,Total,No había denuncia
España,2007,11,2,Total,Total,Pareja,Total,Había denuncia
España,2007,11,0,Total,Total,Pareja,Total,No consta denuncia
España,2007,11,3,Total,Total,Pareja,Total,No había denuncia
España,2007,10,0,Total,Total,Expareja,Total,Había denuncia
España,2007,10,0,Total,Total,Expareja,Total,No consta denuncia
España,2007,10,2,Total,Total,Expareja,Total,No había denuncia
España,2007,10,0,Total,Total,Pareja,Total,Había denuncia
España,2007,10,0,Total,Total,Pareja,Total,No consta denuncia
España,2007,10,3,Total,Total,Pareja,Total,No había denuncia
España,2007,9,0,Total,Total,Expareja,Total,Había denuncia
España,2007,9,0,Total,Total,Expareja,Total,No consta denuncia
España,2007,9,0,Total,Total,Expareja,Total,No había denuncia
España,2007,9,0,Total,Total,Pareja,Total,Había denuncia
España,2007,9,0,Total,Total,Pareja,Total,No consta denuncia
España,2007,9,4,Total,Total,Pareja,Total,No había denuncia
España,2008,4,2,Total,Total,Expareja,Total,Había denuncia
España,2008,4,0,Total,Total,Expareja,Total,No consta denuncia
España,2008,4,1,Total,Total,Expareja,Total,No había denuncia
España,2008,4,0,Total,Total,Pareja,Total,Había denuncia
España,2008,4,0,Total,Total,Pareja,Total,No consta denuncia
España,2008,4,2,Total,Total,Pareja,Total,No había denuncia
España,2008,8,1,Total,Total,Expareja,Total,Había denuncia
España,2008,8,0,Total,Total,Expareja,Total,No consta denuncia
España,2008,8,1,Total,Total,Expareja,Total,No había denuncia
España,2008,8,0,Total,Total,Pareja,Total,Había denuncia
España,2008,8,0,Total,Total,Pareja,Total,No consta denuncia
España,2008,8,6,Total,Total,Pareja,Total,No había denuncia
España,2008,12,0,Total,Total,Expareja,Total,Había denuncia
España,2008,12,0,Total,Total,Expareja,Total,No consta denuncia
España,2008,12,0,Total,Total,Expareja,Total,No había denuncia
España,2008,12,4,Total,Total,Pareja,Total,Había denuncia
España,2008,12,0,Total,Total,Pareja,Total,No consta denuncia
España,2008,12,7,Total,Total,Pareja,Total,No había denuncia
España,2008,1,0,Total,Total,Expareja,Total,Había denuncia
España,2008,1,0,Total,Total,Expareja,Total,No consta denuncia
España,2008,1,0,Total,Total,Expareja,Total,No había denuncia
España,2008,1,0,Total,Total,Pareja,Total,Había denuncia
España,2008,1,0,Total,Total,Pareja,Total,No consta denuncia
España,2008,1,7,Total,Total,Pareja,Total,No había denuncia
España,2008,2,1,Total,Total,Expareja,Total,Había denuncia
España,2008,2,0,Total,Total,Expareja,Total,No consta denuncia
España,2008,2,1,Total,Total,Expareja,Total,No había denuncia
España,2008,2,2,Total,Total,Pareja,Total,Había denuncia
España,2008,2,0,Total,Total,Pareja,Total,No consta denuncia
España,2008,2,4,Total,Total,Pareja,Total,No había denuncia
España,2008,7,1,Total,Total,Expareja,Total,Había denuncia
España,2008,7,0,Total,Total,Expareja,Total,No consta denuncia
España,2008,7,2,Total,Total,Expareja,Total,No había denuncia
España,2008,7,0,Total,Total,Pareja,Total,Había denuncia
España,2008,7,0,Total,Total,Pareja,Total,No consta denuncia
España,2008,7,2,Total,Total,Pareja,Total,No había denuncia
España,2008,6,1,Total,Total,Expareja,Total,Había denuncia
España,2008,6,0,Total,Total,Expareja,Total,No consta denuncia
España,2008,6,0,Total,Total,Expareja,Total,No había denuncia
España,2008,6,0,Total,Total,Pareja,Total,Había denuncia
España,2008,6,0,Total,Total,Pareja,Total,No consta denuncia
España,2008,6,4,Total,Total,Pareja,Total,No había denuncia
España,2008,3,0,Total,Total,Expareja,Total,Había denuncia
España,2008,3,0,Total,Total,Expareja,Total,No consta denuncia
España,2008,3,1,Total,Total,Expareja,Total,No había denuncia
España,2008,3,1,Total,Total,Pareja,Total,Había denuncia
España,2008,3,0,Total,Total,Pareja,Total,No consta denuncia
España,2008,3,2,Total,Total,Pareja,Total,No había denuncia
España,2008,5,1,Total,Total,Expareja,Total,Había denuncia
España,2008,5,0,Total,Total,Expareja,Total,No consta denuncia
España,2008,5,1,Total,Total,Expareja,Total,No había denuncia
España,2008,5,0,Total,Total,Pareja,Total,Había denuncia
España,2008,5,0,Total,Total,Pareja,Total,No consta denuncia
España,2008,5,1,Total,Total,Pareja,Total,No había denuncia
España,2008,11,0,Total,Total,Expareja,Total,Había denuncia
España,2008,11,0,Total,Total,Expareja,Total,No consta denuncia
España,2008,11,3,Total,Total,Expareja,Total,No había denuncia
España,2008,11,1,Total,Total,Pareja,Total,Había denuncia
España,2008,11,0,Total,Total,Pareja,Total,No consta denuncia
España,2008,11,2,Total,Total,Pareja,Total,No había denuncia
España,2008,10,1,Total,Total,Expareja,Total,Había denuncia
España,2008,10,0,Total,Total,Expareja,Total,No consta denuncia
España,2008,10,0,Total,Total,Expareja,Total,No había denuncia
España,2008,10,1,Total,Total,Pareja,Total,Había denuncia
España,2008,10,0,Total,Total,Pareja,Total,No consta denuncia
España,2008,10,5,Total,Total,Pareja,Total,No había denuncia
España,2008,9,1,Total,Total,Expareja,Total,Había denuncia
España,2008,9,0,Total,Total,Expareja,Total,No consta denuncia
España,2008,9,3,Total,Total,Expareja,Total,No había denuncia
España,2008,9,0,Total,Total,Pareja,Total,Había denuncia
España,2008,9,0,Total,Total,Pareja,Total,No consta denuncia
España,2008,9,3,Total,Total,Pareja,Total,No había denuncia
España,2009,4,0,Total,Total,Expareja,Total,Había denuncia
España,2009,4,0,Total,Total,Expareja,Total,No consta denuncia
España,2009,4,0,Total,Total,Expareja,Total,No había denuncia
España,2009,4,1,Total,Total,Pareja,Total,Había denuncia
España,2009,4,0,Total,Total,Pareja,Total,No consta denuncia
España,2009,4,1,Total,Total,Pareja,Total,No había denuncia
España,2009,8,1,Total,Total,Expareja,Total,Había denuncia
España,2009,8,0,Total,Total,Expareja,Total,No consta denuncia
España,2009,8,0,Total,Total,Expareja,Total,No había denuncia
España,2009,8,0,Total,Total,Pareja,Total,Había denuncia
España,2009,8,0,Total,Total,Pareja,Total,No consta denuncia
España,2009,8,5,Total,Total,Pareja,Total,No había denuncia
España,2009,12,0,Total,Total,Expareja,Total,Había denuncia
España,2009,12,0,Total,Total,Expareja,Total,No consta denuncia
España,2009,12,1,Total,Total,Expareja,Total,No había denuncia
España,2009,12,0,Total,Total,Pareja,Total,Había denuncia
España,2009,12,0,Total,Total,Pareja,Total,No consta denuncia
España,2009,12,4,Total,Total,Pareja,Total,No había denuncia
España,2009,2,0,Total,Total,Expareja,Total,Había denuncia
España,2009,2,0,Total,Total,Expareja,Total,No consta denuncia
España,2009,2,1,Total,Total,Expareja,Total,No había denuncia
España,2009,2,1,Total,Total,Pareja,Total,Había denuncia
España,2009,2,0,Total,Total,Pareja,Total,No consta denuncia
España,2009,2,3,Total,Total,Pareja,Total,No había denuncia
España,2009,7,0,Total,Total,Expareja,Total,Había denuncia
España,2009,7,0,Total,Total,Expareja,Total,No consta denuncia
España,2009,7,1,Total,Total,Expareja,Total,No había denuncia
España,2009,7,1,Total,Total,Pareja,Total,Había denuncia
España,2009,7,0,Total,Total,Pareja,Total,No consta denuncia
España,2009,7,4,Total,Total,Pareja,Total,No había denuncia
España,2009,6,0,Total,Total,Expareja,Total,Había denuncia
España,2009,6,0,Total,Total,Expareja,Total,No consta denuncia
España,2009,6,1,Total,Total,Expareja,Total,No había denuncia
España,2009,6,2,Total,Total,Pareja,Total,Había denuncia
España,2009,6,0,Total,Total,Pareja,Total,No consta denuncia
España,2009,6,3,Total,Total,Pareja,Total,No había denuncia
España,2009,3,1,Total,Total,Expareja,Total,Había denuncia
España,2009,3,0,Total,Total,Expareja,Total,No consta denuncia
España,2009,3,1,Total,Total,Expareja,Total,No había denuncia
España,2009,3,2,Total,Total,Pareja,Total,Había denuncia
España,2009,3,0,Total,Total,Pareja,Total,No consta denuncia
España,2009,3,2,Total,Total,Pareja,Total,No había denuncia
España,2009,5,3,Total,Total,Expareja,Total,Había denuncia
España,2009,5,0,Total,Total,Expareja,Total,No consta denuncia
España,2009,5,1,Total,Total,Expareja,Total,No había denuncia
España,2009,5,1,Total,Total,Pareja,Total,Había denuncia
España,2009,5,0,Total,Total,Pareja,Total,No consta denuncia
España,2009,5,4,Total,Total,Pareja,Total,No había denuncia
España,2009,11,0,Total,Total,Expareja,Total,Había denuncia
España,2009,11,0,Total,Total,Expareja,Total,No consta denuncia
España,2009,11,1,Total,Total,Expareja,Total,No había denuncia
España,2009,11,0,Total,Total,Pareja,Total,Había denuncia
España,2009,11,0,Total,Total,Pareja,Total,No consta denuncia
España,2009,11,0,Total,Total,Pareja,Total,No había denuncia
España,2009,10,0,Total,Total,Expareja,Total,Había denuncia
España,2009,10,0,Total,Total,Expareja,Total,No consta denuncia
España,2009,10,1,Total,Total,Expareja,Total,No había denuncia
España,2009,10,0,Total,Total,Pareja,Total,Había denuncia
España,2009,10,0,Total,Total,Pareja,Total,No consta denuncia
España,2009,10,5,Total,Total,Pareja,Total,No había denuncia
España,2009,9,0,Total,Total,Expareja,Total,Había denuncia
España,2009,9,0,Total,Total,Expareja,Total,No consta denuncia
España,2009,9,1,Total,Total,Expareja,Total,No había denuncia
España,2009,9,2,Total,Total,Pareja,Total,Había denuncia
España,2009,9,0,Total,Total,Pareja,Total,No consta denuncia
España,2009,9,3,Total,Total,Pareja,Total,No había denuncia
España,2010,4,1,Total,Total,Expareja,Total,Había denuncia
España,2010,4,0,Total,Total,Expareja,Total,No consta denuncia
España,2010,4,1,Total,Total,Expareja,Total,No había denuncia
España,2010,4,2,Total,Total,Pareja,Total,Había denuncia
España,2010,4,0,Total,Total,Pareja,Total,No consta denuncia
España,2010,4,4,Total,Total,Pareja,Total,No había denuncia
España,2010,8,0,Total,Total,Expareja,Total,Había denuncia
España,2010,8,0,Total,Total,Expareja,Total,No consta denuncia
España,2010,8,0,Total,Total,Expareja,Total,No había denuncia
España,2010,8,1,Total,Total,Pareja,Total,Había denuncia
España,2010,8,0,Total,Total,Pareja,Total,No consta denuncia
España,2010,8,1,Total,Total,Pareja,Total,No había denuncia
España,2010,12,2,Total,Total,Expareja,Total,Había denuncia
España,2010,12,0,Total,Total,Expareja,Total,No consta denuncia
España,2010,12,0,Total,Total,Expareja,Total,No había denuncia
España,2010,12,2,Total,Total,Pareja,Total,Había denuncia
España,2010,12,0,Total,Total,Pareja,Total,No consta denuncia
España,2010,12,3,Total,Total,Pareja,Total,No había denuncia
España,2010,1,0,Total,Total,Expareja,Total,Había denuncia
España,2010,1,0,Total,Total,Expareja,Total,No consta denuncia
España,2010,1,1,Total,Total,Expareja,Total,No había denuncia
España,2010,1,0,Total,Total,Pareja,Total,Había denuncia
España,2010,1,0,Total,Total,Pareja,Total,No consta denuncia
España,2010,1,2,Total,Total,Pareja,Total,No había denuncia
España,2010,2,0,Total,Total,Expareja,Total,Había denuncia
España,2010,2,0,Total,Total,Expareja,Total,No consta denuncia
España,2010,2,0,Total,Total,Expareja,Total,No había denuncia
España,2010,2,1,Total,Total,Pareja,Total,Había denuncia
España,2010,2,0,Total,Total,Pareja,Total,No consta denuncia
España,2010,2,3,Total,Total,Pareja,Total,No había denuncia
España,2010,7,1,Total,Total,Expareja,Total,Había denuncia
España,2010,7,0,Total,Total,Expareja,Total,No consta denuncia
España,2010,7,0,Total,Total,Expareja,Total,No había denuncia
España,2010,7,3,Total,Total,Pareja,Total,Había denuncia
España,2010,7,0,Total,Total,Pareja,Total,No consta denuncia
España,2010,7,7,Total,Total,Pareja,Total,No había denuncia
España,2010,6,0,Total,Total,Expareja,Total,Había denuncia
España,2010,6,0,Total,Total,Expareja,Total,No consta denuncia
España,2010,6,1,Total,Total,Expareja,Total,No había denuncia
España,2010,6,1,Total,Total,Pareja,Total,Había denuncia
España,2010,6,0,Total,Total,Pareja,Total,No consta denuncia
España,2010,6,3,Total,Total,Pareja,Total,No había denuncia
España,2010,3,1,Total,Total,Expareja,Total,Había denuncia
España,2010,3,0,Total,Total,Expareja,Total,No consta denuncia
España,2010,3,2,Total,Total,Expareja,Total,No había denuncia
España,2010,3,0,Total,Total,Pareja,Total,Había denuncia
España,2010,3,0,Total,Total,Pareja,Total,No consta denuncia
España,2010,3,4,Total,Total,Pareja,Total,No había denuncia
España,2010,5,0,Total,Total,Expareja,Total,Había denuncia
España,2010,5,0,Total,Total,Expareja,Total,No consta denuncia
España,2010,5,1,Total,Total,Expareja,Total,No había denuncia
España,2010,5,0,Total,Total,Pareja,Total,Había denuncia
España,2010,5,0,Total,Total,Pareja,Total,No consta denuncia
España,2010,5,5,Total,Total,Pareja,Total,No había denuncia
España,2010,11,0,Total,Total,Expareja,Total,Había denuncia
España,2010,11,0,Total,Total,Expareja,Total,No consta denuncia
España,2010,11,1,Total,Total,Expareja,Total,No había denuncia
España,2010,11,3,Total,Total,Pareja,Total,Había denuncia
España,2010,11,0,Total,Total,Pareja,Total,No consta denuncia
España,2010,11,3,Total,Total,Pareja,Total,No había denuncia
España,2010,10,0,Total,Total,Expareja,Total,Había denuncia
España,2010,10,0,Total,Total,Expareja,Total,No consta denuncia
España,2010,10,0,Total,Total,Expareja,Total,No había denuncia
España,2010,10,1,Total,Total,Pareja,Total,Había denuncia
España,2010,10,0,Total,Total,Pareja,Total,No consta denuncia
España,2010,10,5,Total,Total,Pareja,Total,No había denuncia
España,2010,9,2,Total,Total,Expareja,Total,Había denuncia
España,2010,9,0,Total,Total,Expareja,Total,No consta denuncia
España,2010,9,3,Total,Total,Expareja,Total,No había denuncia
España,2010,9,1,Total,Total,Pareja,Total,Había denuncia
España,2010,9,0,Total,Total,Pareja,Total,No consta denuncia
España,2010,9,2,Total,Total,Pareja,Total,No había denuncia
España,2011,4,0,Total,Total,Expareja,Total,Había denuncia
España,2011,4,0,Total,Total,Expareja,Total,No consta denuncia
España,2011,4,1,Total,Total,Expareja,Total,No había denuncia
España,2011,4,0,Total,Total,Pareja,Total,Había denuncia
España,2011,4,0,Total,Total,Pareja,Total,No consta denuncia
España,2011,4,2,Total,Total,Pareja,Total,No había denuncia
España,2011,8,0,Total,Total,Expareja,Total,Había denuncia
España,2011,8,0,Total,Total,Expareja,Total,No consta denuncia
España,2011,8,0,Total,Total,Expareja,Total,No había denuncia
España,2011,8,1,Total,Total,Pareja,Total,Había denuncia
España,2011,8,0,Total,Total,Pareja,Total,No consta denuncia
España,2011,8,3,Total,Total,Pareja,Total,No había denuncia
España,2011,12,1,Total,Total,Expareja,Total,Había denuncia
España,2011,12,0,Total,Total,Expareja,Total,No consta denuncia
España,2011,12,2,Total,Total,Expareja,Total,No había denuncia
España,2011,12,0,Total,Total,Pareja,Total,Había denuncia
España,2011,12,0,Total,Total,Pareja,Total,No consta denuncia
España,2011,12,3,Total,Total,Pareja,Total,No había denuncia
España,2011,1,0,Total,Total,Expareja,Total,Había denuncia
España,2011,1,0,Total,Total,Expareja,Total,No consta denuncia
España,2011,1,0,Total,Total,Expareja,Total,No había denuncia
España,2011,1,1,Total,Total,Pareja,Total,Había denuncia
España,2011,1,0,Total,Total,Pareja,Total,No consta denuncia
España,2011,1,7,Total,Total,Pareja,Total,No había denuncia
España,2011,2,0,Total,Total,Expareja,Total,Había denuncia
España,2011,2,0,Total,Total,Expareja,Total,No consta denuncia
España,2011,2,2,Total,Total,Expareja,Total,No había denuncia
España,2011,2,2,Total,Total,Pareja,Total,Había denuncia
España,2011,2,0,Total,Total,Pareja,Total,No consta denuncia
España,2011,2,2,Total,Total,Pareja,Total,No había denuncia
España,2011,7,1,Total,Total,Expareja,Total,Había denuncia
España,2011,7,0,Total,Total,Expareja,Total,No consta denuncia
España,2011,7,0,Total,Total,Expareja,Total,No había denuncia
España,2011,7,3,Total,Total,Pareja,Total,Había denuncia
España,2011,7,0,Total,Total,Pareja,Total,No consta denuncia
España,2011,7,3,Total,Total,Pareja,Total,No había denuncia
España,2011,6,0,Total,Total,Expareja,Total,Había denuncia
España,2011,6,0,Total,Total,Expareja,Total,No consta denuncia
España,2011,6,0,Total,Total,Expareja,Total,No había denuncia
España,2011,6,0,Total,Total,Pareja,Total,Había denuncia
España,2011,6,0,Total,Total,Pareja,Total,No consta denuncia
España,2011,6,2,Total,Total,Pareja,Total,No había denuncia
España,2011,3,1,Total,Total,Expareja,Total,Había denuncia
España,2011,3,0,Total,Total,Expareja,Total,No consta denuncia
España,2011,3,0,Total,Total,Expareja,Total,No había denuncia
España,2011,3,1,Total,Total,Pareja,Total,Había denuncia
España,2011,3,0,Total,Total,Pareja,Total,No consta denuncia
España,2011,3,1,Total,Total,Pareja,Total,No había denuncia
España,2011,5,2,Total,Total,Expareja,Total,Había denuncia
España,2011,5,0,Total,Total,Expareja,Total,No consta denuncia
España,2011,5,2,Total,Total,Expareja,Total,No había denuncia
España,2011,5,0,Total,Total,Pareja,Total,Había denuncia
España,2011,5,0,Total,Total,Pareja,Total,No consta denuncia
España,2011,5,4,Total,Total,Pareja,Total,No había denuncia
España,2011,11,0,Total,Total,Expareja,Total,Había denuncia
España,2011,11,0,Total,Total,Expareja,Total,No consta denuncia
España,2011,11,0,Total,Total,Expareja,Total,No había denuncia
España,2011,11,0,Total,Total,Pareja,Total,Había denuncia
España,2011,11,0,Total,Total,Pareja,Total,No consta denuncia
España,2011,11,3,Total,Total,Pareja,Total,No había denuncia
España,2011,10,0,Total,Total,Expareja,Total,Había denuncia
España,2011,10,0,Total,Total,Expareja,Total,No consta denuncia
España,2011,10,0,Total,Total,Expareja,Total,No había denuncia
España,2011,10,0,Total,Total,Pareja,Total,Había denuncia
España,2011,10,0,Total,Total,Pareja,Total,No consta denuncia
España,2011,10,6,Total,Total,Pareja,Total,No había denuncia
España,2011,9,1,Total,Total,Expareja,Total,Había denuncia
España,2011,9,0,Total,Total,Expareja,Total,No consta denuncia
España,2011,9,0,Total,Total,Expareja,Total,No había denuncia
España,2011,9,1,Total,Total,Pareja,Total,Había denuncia
España,2011,9,0,Total,Total,Pareja,Total,No consta denuncia
España,2011,9,4,Total,Total,Pareja,Total,No había denuncia
España,2012,4,0,Total,Total,Expareja,Total,Había denuncia
España,2012,4,0,Total,Total,Expareja,Total,No consta denuncia
España,2012,4,0,Total,Total,Expareja,Total,No había denuncia
España,2012,4,0,Total,Total,Pareja,Total,Había denuncia
España,2012,4,0,Total,Total,Pareja,Total,No consta denuncia
España,2012,4,4,Total,Total,Pareja,Total,No había denuncia
España,2012,8,0,Total,Total,Expareja,Total,Había denuncia
España,2012,8,0,Total,Total,Expareja,Total,No consta denuncia
España,2012,8,0,Total,Total,Expareja,Total,No había denuncia
España,2012,8,0,Total,Total,Pareja,Total,Había denuncia
España,2012,8,0,Total,Total,Pareja,Total,No consta denuncia
España,2012,8,2,Total,Total,Pareja,Total,No había denuncia
España,2012,12,1,Total,Total,Expareja,Total,Había denuncia
España,2012,12,0,Total,Total,Expareja,Total,No consta denuncia
España,2012,12,1,Total,Total,Expareja,Total,No había denuncia
España,2012,12,0,Total,Total,Pareja,Total,Había denuncia
España,2012,12,0,Total,Total,Pareja,Total,No consta denuncia
España,2012,12,1,Total,Total,Pareja,Total,No había denuncia
España,2012,1,0,Total,Total,Expareja,Total,Había denuncia
España,2012,1,0,Total,Total,Expareja,Total,No consta denuncia
España,2012,1,1,Total,Total,Expareja,Total,No había denuncia
España,2012,1,0,Total,Total,Pareja,Total,Había denuncia
España,2012,1,0,Total,Total,Pareja,Total,No consta denuncia
España,2012,1,7,Total,Total,Pareja,Total,No había denuncia
España,2012,2,0,Total,Total,Expareja,Total,Había denuncia
España,2012,2,0,Total,Total,Expareja,Total,No consta denuncia
España,2012,2,0,Total,Total,Expareja,Total,No había denuncia
España,2012,2,0,Total,Total,Pareja,Total,Había denuncia
España,2012,2,0,Total,Total,Pareja,Total,No consta denuncia
España,2012,2,2,Total,Total,Pareja,Total,No había denuncia
España,2012,7,1,Total,Total,Expareja,Total,Había denuncia
España,2012,7,0,Total,Total,Expareja,Total,No consta denuncia
España,2012,7,0,Total,Total,Expareja,Total,No había denuncia
España,2012,7,0,Total,Total,Pareja,Total,Había denuncia
España,2012,7,0,Total,Total,Pareja,Total,No consta denuncia
España,2012,7,2,Total,Total,Pareja,Total,No había denuncia
España,2012,6,1,Total,Total,Expareja,Total,Había denuncia
España,2012,6,0,Total,Total,Expareja,Total,No consta denuncia
España,2012,6,0,Total,Total,Expareja,Total,No había denuncia
España,2012,6,4,Total,Total,Pareja,Total,Había denuncia
España,2012,6,0,Total,Total,Pareja,Total,No consta denuncia
España,2012,6,5,Total,Total,Pareja,Total,No había denuncia
España,2012,3,0,Total,Total,Expareja,Total,Había denuncia
España,2012,3,0,Total,Total,Expareja,Total,No consta denuncia
España,2012,3,0,Total,Total,Expareja,Total,No había denuncia
España,2012,3,0,Total,Total,Pareja,Total,Había denuncia
España,2012,3,0,Total,Total,Pareja,Total,No consta denuncia
España,2012,3,2,Total,Total,Pareja,Total,No había denuncia
España,2012,5,0,Total,Total,Expareja,Total,Había denuncia
España,2012,5,0,Total,Total,Expareja,Total,No consta denuncia
España,2012,5,0,Total,Total,Expareja,Total,No había denuncia
España,2012,5,0,Total,Total,Pareja,Total,Había denuncia
España,2012,5,0,Total,Total,Pareja,Total,No consta denuncia
España,2012,5,3,Total,Total,Pareja,Total,No había denuncia
España,2012,11,0,Total,Total,Expareja,Total,Había denuncia
España,2012,11,0,Total,Total,Expareja,Total,No consta denuncia
España,2012,11,0,Total,Total,Expareja,Total,No había denuncia
España,2012,11,1,Total,Total,Pareja,Total,Había denuncia
España,2012,11,0,Total,Total,Pareja,Total,No consta denuncia
España,2012,11,5,Total,Total,Pareja,Total,No había denuncia
España,2012,10,1,Total,Total,Expareja,Total,Había denuncia
España,2012,10,0,Total,Total,Expareja,Total,No consta denuncia
España,2012,10,2,Total,Total,Expareja,Total,No había denuncia
España,2012,10,0,Total,Total,Pareja,Total,Había denuncia
España,2012,10,0,Total,Total,Pareja,Total,No consta denuncia
España,2012,10,3,Total,Total,Pareja,Total,No había denuncia
España,2012,9,0,Total,Total,Expareja,Total,Había denuncia
España,2012,9,0,Total,Total,Expareja,Total,No consta denuncia
España,2012,9,0,Total,Total,Expareja,Total,No había denuncia
España,2012,9,0,Total,Total,Pareja,Total,Había denuncia
España,2012,9,0,Total,Total,Pareja,Total,No consta denuncia
España,2012,9,2,Total,Total,Pareja,Total,No había denuncia
España,2013,4,0,Total,Total,Expareja,Total,Había denuncia
España,2013,4,0,Total,Total,Expareja,Total,No consta denuncia
España,2013,4,0,Total,Total,Expareja,Total,No había denuncia
España,2013,4,1,Total,Total,Pareja,Total,Había denuncia
España,2013,4,0,Total,Total,Pareja,Total,No consta denuncia
España,2013,4,5,Total,Total,Pareja,Total,No había denuncia
España,2013,8,0,Total,Total,Expareja,Total,Había denuncia
España,2013,8,0,Total,Total,Expareja,Total,No consta denuncia
España,2013,8,0,Total,Total,Expareja,Total,No había denuncia
España,2013,8,1,Total,Total,Pareja,Total,Había denuncia
España,2013,8,0,Total,Total,Pareja,Total,No consta denuncia
España,2013,8,1,Total,Total,Pareja,Total,No había denuncia
España,2013,12,1,Total,Total,Expareja,Total,Había denuncia
España,2013,12,0,Total,Total,Expareja,Total,No consta denuncia
España,2013,12,0,Total,Total,Expareja,Total,No había denuncia
España,2013,12,0,Total,Total,Pareja,Total,Había denuncia
España,2013,12,0,Total,Total,Pareja,Total,No consta denuncia
España,2013,12,1,Total,Total,Pareja,Total,No había denuncia
España,2013,1,0,Total,Total,Expareja,Total,Había denuncia
España,2013,1,0,Total,Total,Expareja,Total,No consta denuncia
España,2013,1,2,Total,Total,Expareja,Total,No había denuncia
España,2013,1,0,Total,Total,Pareja,Total,Había denuncia
España,2013,1,0,Total,Total,Pareja,Total,No consta denuncia
España,2013,1,2,Total,Total,Pareja,Total,No había denuncia
España,2013,2,1,Total,Total,Expareja,Total,Había denuncia
España,2013,2,0,Total,Total,Expareja,Total,No consta denuncia
España,2013,2,2,Total,Total,Expareja,Total,No había denuncia
España,2013,2,0,Total,Total,Pareja,Total,Había denuncia
España,2013,2,0,Total,Total,Pareja,Total,No consta denuncia
España,2013,2,1,Total,Total,Pareja,Total,No había denuncia
España,2013,7,0,Total,Total,Expareja,Total,Había denuncia
España,2013,7,0,Total,Total,Expareja,Total,No consta denuncia
España,2013,7,1,Total,Total,Expareja,Total,No había denuncia
España,2013,7,0,Total,Total,Pareja,Total,Había denuncia
España,2013,7,0,Total,Total,Pareja,Total,No consta denuncia
España,2013,7,1,Total,Total,Pareja,Total,No había denuncia
España,2013,6,0,Total,Total,Expareja,Total,Había denuncia
España,2013,6,0,Total,Total,Expareja,Total,No consta denuncia
España,2013,6,1,Total,Total,Expareja,Total,No había denuncia
España,2013,6,0,Total,Total,Pareja,Total,Había denuncia
España,2013,6,0,Total,Total,Pareja,Total,No consta denuncia
España,2013,6,1,Total,Total,Pareja,Total,No había denuncia
España,2013,3,0,Total,Total,Expareja,Total,Había denuncia
España,2013,3,0,Total,Total,Expareja,Total,No consta denuncia
España,2013,3,1,Total,Total,Expareja,Total,No había denuncia
España,2013,3,2,Total,Total,Pareja,Total,Había denuncia
España,2013,3,0,Total,Total,Pareja,Total,No consta denuncia
España,2013,3,5,Total,Total,Pareja,Total,No había denuncia
España,2013,5,1,Total,Total,Expareja,Total,Había denuncia
España,2013,5,0,Total,Total,Expareja,Total,No consta denuncia
España,2013,5,1,Total,Total,Expareja,Total,No había denuncia
España,2013,5,0,Total,Total,Pareja,Total,Había denuncia
España,2013,5,0,Total,Total,Pareja,Total,No consta denuncia
España,2013,5,4,Total,Total,Pareja,Total,No había denuncia
España,2013,11,1,Total,Total,Expareja,Total,Había denuncia
España,2013,11,0,Total,Total,Expareja,Total,No consta denuncia
España,2013,11,3,Total,Total,Expareja,Total,No había denuncia
España,2013,11,0,Total,Total,Pareja,Total,Había denuncia
España,2013,11,0,Total,Total,Pareja,Total,No consta denuncia
España,2013,11,1,Total,Total,Pareja,Total,No había denuncia
España,2013,10,0,Total,Total,Expareja,Total,Había denuncia
España,2013,10,0,Total,Total,Expareja,Total,No consta denuncia
España,2013,10,2,Total,Total,Expareja,Total,No había denuncia
España,2013,10,1,Total,Total,Pareja,Total,Había denuncia
España,2013,10,0,Total,Total,Pareja,Total,No consta denuncia
España,2013,10,2,Total,Total,Pareja,Total,No había denuncia
España,2013,9,1,Total,Total,Expareja,Total,Había denuncia
España,2013,9,0,Total,Total,Expareja,Total,No consta denuncia
España,2013,9,1,Total,Total,Expareja,Total,No había denuncia
España,2013,9,0,Total,Total,Pareja,Total,Había denuncia
España,2013,9,0,Total,Total,Pareja,Total,No consta denuncia
España,2013,9,6,Total,Total,Pareja,Total,No había denuncia
España,2014,4,0,Total,Total,Expareja,Total,Había denuncia
España,2014,4,0,Total,Total,Expareja,Total,No consta denuncia
España,2014,4,1,Total,Total,Expareja,Total,No había denuncia
España,2014,4,0,Total,Total,Pareja,Total,Había denuncia
España,2014,4,0,Total,Total,Pareja,Total,No consta denuncia
España,2014,4,3,Total,Total,Pareja,Total,No había denuncia
España,2014,8,1,Total,Total,Expareja,Total,Había denuncia
España,2014,8,0,Total,Total,Expareja,Total,No consta denuncia
España,2014,8,0,Total,Total,Expareja,Total,No había denuncia
España,2014,8,0,Total,Total,Pareja,Total,Había denuncia
España,2014,8,0,Total,Total,Pareja,Total,No consta denuncia
España,2014,8,7,Total,Total,Pareja,Total,No había denuncia
España,2014,12,1,Total,Total,Expareja,Total,Había denuncia
España,2014,12,0,Total,Total,Expareja,Total,No consta denuncia
España,2014,12,1,Total,Total,Expareja,Total,No había denuncia
España,2014,12,1,Total,Total,Pareja,Total,Había denuncia
España,2014,12,0,Total,Total,Pareja,Total,No consta denuncia
España,2014,12,3,Total,Total,Pareja,Total,No había denuncia
España,2014,1,0,Total,Total,Expareja,Total,Había denuncia
España,2014,1,0,Total,Total,Expareja,Total,No consta denuncia
España,2014,1,0,Total,Total,Expareja,Total,No había denuncia
España,2014,1,3,Total,Total,Pareja,Total,Había denuncia
España,2014,1,0,Total,Total,Pareja,Total,No consta denuncia
España,2014,1,4,Total,Total,Pareja,Total,No había denuncia
España,2014,2,0,Total,Total,Expareja,Total,Había denuncia
España,2014,2,0,Total,Total,Expareja,Total,No consta denuncia
España,2014,2,1,Total,Total,Expareja,Total,No había denuncia
España,2014,2,2,Total,Total,Pareja,Total,Había denuncia
España,2014,2,0,Total,Total,Pareja,Total,No consta denuncia
España,2014,2,2,Total,Total,Pareja,Total,No había denuncia
España,2014,7,1,Total,Total,Expareja,Total,Había denuncia
España,2014,7,0,Total,Total,Expareja,Total,No consta denuncia
España,2014,7,0,Total,Total,Expareja,Total,No había denuncia
España,2014,7,0,Total,Total,Pareja,Total,Había denuncia
España,2014,7,0,Total,Total,Pareja,Total,No consta denuncia
España,2014,7,3,Total,Total,Pareja,Total,No había denuncia
España,2014,6,0,Total,Total,Expareja,Total,Había denuncia
España,2014,6,0,Total,Total,Expareja,Total,No consta denuncia
España,2014,6,0,Total,Total,Expareja,Total,No había denuncia
España,2014,6,1,Total,Total,Pareja,Total,Había denuncia
España,2014,6,0,Total,Total,Pareja,Total,No consta denuncia
España,2014,6,2,Total,Total,Pareja,Total,No había denuncia
España,2014,3,0,Total,Total,Expareja,Total,Había denuncia
España,2014,3,0,Total,Total,Expareja,Total,No consta denuncia
España,2014,3,4,Total,Total,Expareja,Total,No había denuncia
España,2014,3,1,Total,Total,Pareja,Total,Había denuncia
España,2014,3,0,Total,Total,Pareja,Total,No consta denuncia
España,2014,3,3,Total,Total,Pareja,Total,No había denuncia
España,2014,5,0,Total,Total,Expareja,Total,Había denuncia
España,2014,5,0,Total,Total,Expareja,Total,No consta denuncia
España,2014,5,0,Total,Total,Expareja,Total,No había denuncia
España,2014,5,1,Total,Total,Pareja,Total,Había denuncia
España,2014,5,0,Total,Total,Pareja,Total,No consta denuncia
España,2014,5,2,Total,Total,Pareja,Total,No había denuncia
España,2014,11,1,Total,Total,Expareja,Total,Había denuncia
España,2014,11,0,Total,Total,Expareja,Total,No consta denuncia
España,2014,11,1,Total,Total,Expareja,Total,No había denuncia
España,2014,11,2,Total,Total,Pareja,Total,Había denuncia
España,2014,11,0,Total,Total,Pareja,Total,No consta denuncia
España,2014,11,1,Total,Total,Pareja,Total,No había denuncia
España,2014,10,0,Total,Total,Expareja,Total,Había denuncia
España,2014,10,0,Total,Total,Expareja,Total,No consta denuncia
España,2014,10,0,Total,Total,Expareja,Total,No había denuncia
España,2014,10,1,Total,Total,Pareja,Total,Había denuncia
España,2014,10,0,Total,Total,Pareja,Total,No consta denuncia
España,2014,10,1,Total,Total,Pareja,Total,No había denuncia
España,2014,9,0,Total,Total,Expareja,Total,Había denuncia
España,2014,9,0,Total,Total,Expareja,Total,No consta denuncia
España,2014,9,0,Total,Total,Expareja,Total,No había denuncia
España,2014,9,0,Total,Total,Pareja,Total,Había denuncia
España,2014,9,0,Total,Total,Pareja,Total,No consta denuncia
España,2014,9,2,Total,Total,Pareja,Total,No había denuncia
España,2015,4,0,Total,Total,Expareja,Total,Había denuncia
España,2015,4,0,Total,Total,Expareja,Total,No consta denuncia
España,2015,4,0,Total,Total,Expareja,Total,No había denuncia
España,2015,4,0,Total,Total,Pareja,Total,Había denuncia
España,2015,4,0,Total,Total,Pareja,Total,No consta denuncia
España,2015,4,1,Total,Total,Pareja,Total,No había denuncia
España,2015,8,0,Total,Total,Expareja,Total,Había denuncia
España,2015,8,0,Total,Total,Expareja,Total,No consta denuncia
España,2015,8,1,Total,Total,Expareja,Total,No había denuncia
España,2015,8,0,Total,Total,Pareja,Total,Había denuncia
España,2015,8,0,Total,Total,Pareja,Total,No consta denuncia
España,2015,8,5,Total,Total,Pareja,Total,No había denuncia
España,2015,12,1,Total,Total,Expareja,Total,Había denuncia
España,2015,12,0,Total,Total,Expareja,Total,No consta denuncia
España,2015,12,0,Total,Total,Expareja,Total,No había denuncia
España,2015,12,2,Total,Total,Pareja,Total,Había denuncia
España,2015,12,0,Total,Total,Pareja,Total,No consta denuncia
España,2015,12,6,Total,Total,Pareja,Total,No había denuncia
España,2015,1,0,Total,Total,Expareja,Total,Había denuncia
España,2015,1,0,Total,Total,Expareja,Total,No consta denuncia
España,2015,1,0,Total,Total,Expareja,Total,No había denuncia
España,2015,1,1,Total,Total,Pareja,Total,Había denuncia
España,2015,1,0,Total,Total,Pareja,Total,No consta denuncia
España,2015,1,2,Total,Total,Pareja,Total,No había denuncia
España,2015,2,0,Total,Total,Expareja,Total,Había denuncia
España,2015,2,0,Total,Total,Expareja,Total,No consta denuncia
España,2015,2,1,Total,Total,Expareja,Total,No había denuncia
España,2015,2,0,Total,Total,Pareja,Total,Había denuncia
España,2015,2,0,Total,Total,Pareja,Total,No consta denuncia
España,2015,2,1,Total,Total,Pareja,Total,No había denuncia
España,2015,7,0,Total,Total,Expareja,Total,Había denuncia
España,2015,7,0,Total,Total,Expareja,Total,No consta denuncia
España,2015,7,5,Total,Total,Expareja,Total,No había denuncia
España,2015,7,1,Total,Total,Pareja,Total,Había denuncia
España,2015,7,0,Total,Total,Pareja,Total,No consta denuncia
España,2015,7,3,Total,Total,Pareja,Total,No había denuncia
España,2015,6,0,Total,Total,Expareja,Total,Había denuncia
España,2015,6,0,Total,Total,Expareja,Total,No consta denuncia
España,2015,6,0,Total,Total,Expareja,Total,No había denuncia
España,2015,6,1,Total,Total,Pareja,Total,Había denuncia
España,2015,6,0,Total,Total,Pareja,Total,No consta denuncia
España,2015,6,4,Total,Total,Pareja,Total,No había denuncia
España,2015,3,0,Total,Total,Expareja,Total,Había denuncia
España,2015,3,0,Total,Total,Expareja,Total,No consta denuncia
España,2015,3,0,Total,Total,Expareja,Total,No había denuncia
España,2015,3,0,Total,Total,Pareja,Total,Había denuncia
España,2015,3,0,Total,Total,Pareja,Total,No consta denuncia
España,2015,3,4,Total,Total,Pareja,Total,No había denuncia
España,2015,5,1,Total,Total,Expareja,Total,Había denuncia
España,2015,5,0,Total,Total,Expareja,Total,No consta denuncia
España,2015,5,0,Total,Total,Expareja,Total,No había denuncia
España,2015,5,0,Total,Total,Pareja,Total,Había denuncia
España,2015,5,0,Total,Total,Pareja,Total,No consta denuncia
España,2015,5,3,Total,Total,Pareja,Total,No había denuncia
España,2015,11,1,Total,Total,Expareja,Total,Había denuncia
España,2015,11,0,Total,Total,Expareja,Total,No consta denuncia
España,2015,11,0,Total,Total,Expareja,Total,No había denuncia
España,2015,11,1,Total,Total,Pareja,Total,Había denuncia
España,2015,11,0,Total,Total,Pareja,Total,No consta denuncia
España,2015,11,5,Total,Total,Pareja,Total,No había denuncia
España,2015,10,1,Total,Total,Expareja,Total,Había denuncia
España,2015,10,0,Total,Total,Expareja,Total,No consta denuncia
España,2015,10,1,Total,Total,Expareja,Total,No había denuncia
España,2015,10,2,Total,Total,Pareja,Total,Había denuncia
España,2015,10,0,Total,Total,Pareja,Total,No consta denuncia
España,2015,10,3,Total,Total,Pareja,Total,No había denuncia
España,2015,9,0,Total,Total,Expareja,Total,Había denuncia
España,2015,9,0,Total,Total,Expareja,Total,No consta denuncia
España,2015,9,0,Total,Total,Expareja,Total,No había denuncia
España,2015,9,0,Total,Total,Pareja,Total,Había denuncia
España,2015,9,0,Total,Total,Pareja,Total,No consta denuncia
España,2015,9,2,Total,Total,Pareja,Total,No había denuncia
España,2016,4,0,Total,Total,Expareja,Total,Había denuncia
España,2016,4,0,Total,Total,Expareja,Total,No consta denuncia
España,2016,4,1,Total,Total,Expareja,Total,No había denuncia
España,2016,4,3,Total,Total,Pareja,Total,Había denuncia
España,2016,4,0,Total,Total,Pareja,Total,No consta denuncia
España,2016,4,0,Total,Total,Pareja,Total,No había denuncia
España,2016,8,0,Total,Total,Expareja,Total,Había denuncia
España,2016,8,0,Total,Total,Expareja,Total,No consta denuncia
España,2016,8,1,Total,Total,Expareja,Total,No había denuncia
España,2016,8,1,Total,Total,Pareja,Total,Había denuncia
España,2016,8,0,Total,Total,Pareja,Total,No consta denuncia
España,2016,8,1,Total,Total,Pareja,Total,No había denuncia
España,2016,12,0,Total,Total,Expareja,Total,Había denuncia
España,2016,12,0,Total,Total,Expareja,Total,No consta denuncia
España,2016,12,1,Total,Total,Expareja,Total,No había denuncia
España,2016,12,0,Total,Total,Pareja,Total,Había denuncia
España,2016,12,0,Total,Total,Pareja,Total,No consta denuncia
España,2016,12,4,Total,Total,Pareja,Total,No había denuncia
España,2016,1,1,Total,Total,Expareja,Total,Había denuncia
España,2016,1,0,Total,Total,Expareja,Total,No consta denuncia
España,2016,1,0,Total,Total,Expareja,Total,No había denuncia
España,2016,1,1,Total,Total,Pareja,Total,Había denuncia
España,2016,1,0,Total,Total,Pareja,Total,No consta denuncia
España,2016,1,5,Total,Total,Pareja,Total,No había denuncia
España,2016,2,1,Total,Total,Expareja,Total,Había denuncia
España,2016,2,0,Total,Total,Expareja,Total,No consta denuncia
España,2016,2,0,Total,Total,Expareja,Total,No había denuncia
España,2016,2,0,Total,Total,Pareja,Total,Había denuncia
España,2016,2,0,Total,Total,Pareja,Total,No consta denuncia
España,2016,2,3,Total,Total,Pareja,Total,No había denuncia
España,2016,7,2,Total,Total,Expareja,Total,Había denuncia
España,2016,7,0,Total,Total,Expareja,Total,No consta denuncia
España,2016,7,0,Total,Total,Expareja,Total,No había denuncia
España,2016,7,2,Total,Total,Pareja,Total,Había denuncia
España,2016,7,0,Total,Total,Pareja,Total,No consta denuncia
España,2016,7,2,Total,Total,Pareja,Total,No había denuncia
España,2016,6,0,Total,Total,Expareja,Total,Había denuncia
España,2016,6,0,Total,Total,Expareja,Total,No consta denuncia
España,2016,6,0,Total,Total,Expareja,Total,No había denuncia
España,2016,6,0,Total,Total,Pareja,Total,Había denuncia
España,2016,6,0,Total,Total,Pareja,Total,No consta denuncia
España,2016,6,3,Total,Total,Pareja,Total,No había denuncia
España,2016,3,0,Total,Total,Expareja,Total,Había denuncia
España,2016,3,0,Total,Total,Expareja,Total,No consta denuncia
España,2016,3,0,Total,Total,Expareja,Total,No había denuncia
España,2016,3,2,Total,Total,Pareja,Total,Había denuncia
España,2016,3,0,Total,Total,Pareja,Total,No consta denuncia
España,2016,3,0,Total,Total,Pareja,Total,No había denuncia
España,2016,5,0,Total,Total,Expareja,Total,Había denuncia
España,2016,5,0,Total,Total,Expareja,Total,No consta denuncia
España,2016,5,1,Total,Total,Expareja,Total,No había denuncia
España,2016,5,1,Total,Total,Pareja,Total,Había denuncia
España,2016,5,0,Total,Total,Pareja,Total,No consta denuncia
España,2016,5,2,Total,Total,Pareja,Total,No había denuncia
España,2016,11,0,Total,Total,Expareja,Total,Había denuncia
España,2016,11,0,Total,Total,Expareja,Total,No consta denuncia
España,2016,11,1,Total,Total,Expareja,Total,No había denuncia
España,2016,11,1,Total,Total,Pareja,Total,Había denuncia
España,2016,11,0,Total,Total,Pareja,Total,No consta denuncia
España,2016,11,3,Total,Total,Pareja,Total,No había denuncia
España,2016,10,0,Total,Total,Expareja,Total,Había denuncia
España,2016,10,0,Total,Total,Expareja,Total,No consta denuncia
España,2016,10,0,Total,Total,Expareja,Total,No había denuncia
España,2016,10,2,Total,Total,Pareja,Total,Había denuncia
España,2016,10,0,Total,Total,Pareja,Total,No consta denuncia
España,2016,10,2,Total,Total,Pareja,Total,No había denuncia
España,2016,9,0,Total,Total,Expareja,Total,Había denuncia
España,2016,9,0,Total,Total,Expareja,Total,No consta denuncia
España,2016,9,0,Total,Total,Expareja,Total,No había denuncia
España,2016,9,0,Total,Total,Pareja,Total,Había denuncia
España,2016,9,0,Total,Total,Pareja,Total,No consta denuncia
España,2016,9,2,Total,Total,Pareja,Total,No había denuncia
España,2017,4,0,Total,Total,Expareja,Total,Había denuncia
España,2017,4,0,Total,Total,Expareja,Total,No consta denuncia
España,2017,4,1,Total,Total,Expareja,Total,No había denuncia
España,2017,4,0,Total,Total,Pareja,Total,Había denuncia
España,2017,4,0,Total,Total,Pareja,Total,No consta denuncia
España,2017,4,3,Total,Total,Pareja,Total,No había denuncia
España,2017,8,0,Total,Total,Expareja,Total,Había denuncia
España,2017,8,0,Total,Total,Expareja,Total,No consta denuncia
España,2017,8,1,Total,Total,Expareja,Total,No había denuncia
España,2017,8,1,Total,Total,Pareja,Total,Había denuncia
España,2017,8,0,Total,Total,Pareja,Total,No consta denuncia
España,2017,8,1,Total,Total,Pareja,Total,No había denuncia
España,2017,12,1,Total,Total,Expareja,Total,Había denuncia
España,2017,12,0,Total,Total,Expareja,Total,No consta denuncia
España,2017,12,0,Total,Total,Expareja,Total,No había denuncia
España,2017,12,1,Total,Total,Pareja,Total,Había denuncia
España,2017,12,0,Total,Total,Pareja,Total,No consta denuncia
España,2017,12,1,Total,Total,Pareja,Total,No había denuncia
España,2017,1,1,Total,Total,Expareja,Total,Había denuncia
España,2017,1,0,Total,Total,Expareja,Total,No consta denuncia
España,2017,1,1,Total,Total,Expareja,Total,No había denuncia
España,2017,1,1,Total,Total,Pareja,Total,Había denuncia
España,2017,1,0,Total,Total,Pareja,Total,No consta denuncia
España,2017,1,2,Total,Total,Pareja,Total,No había denuncia
España,2017,2,1,Total,Total,Expareja,Total,Había denuncia
España,2017,2,0,Total,Total,Expareja,Total,No consta denuncia
España,2017,2,1,Total,Total,Expareja,Total,No había denuncia
España,2017,2,1,Total,Total,Pareja,Total,Había denuncia
España,2017,2,0,Total,Total,Pareja,Total,No consta denuncia
España,2017,2,7,Total,Total,Pareja,Total,No había denuncia
España,2017,7,0,Total,Total,Expareja,Total,Había denuncia
España,2017,7,0,Total,Total,Expareja,Total,No consta denuncia
España,2017,7,0,Total,Total,Expareja,Total,No había denuncia
España,2017,7,0,Total,Total,Pareja,Total,Había denuncia
España,2017,7,0,Total,Total,Pareja,Total,No consta denuncia
España,2017,7,2,Total,Total,Pareja,Total,No había denuncia
España,2017,6,1,Total,Total,Expareja,Total,Había denuncia
España,2017,6,0,Total,Total,Expareja,Total,No consta denuncia
España,2017,6,0,Total,Total,Expareja,Total,No había denuncia
España,2017,6,0,Total,Total,Pareja,Total,Había denuncia
España,2017,6,0,Total,Total,Pareja,Total,No consta denuncia
España,2017,6,3,Total,Total,Pareja,Total,No había denuncia
España,2017,3,0,Total,Total,Expareja,Total,Había denuncia
España,2017,3,0,Total,Total,Expareja,Total,No consta denuncia
España,2017,3,0,Total,Total,Expareja,Total,No había denuncia
España,2017,3,0,Total,Total,Pareja,Total,Había denuncia
España,2017,3,0,Total,Total,Pareja,Total,No consta denuncia
España,2017,3,3,Total,Total,Pareja,Total,No había denuncia
España,2017,5,0,Total,Total,Expareja,Total,Había denuncia
España,2017,5,0,Total,Total,Expareja,Total,No consta denuncia
España,2017,5,0,Total,Total,Expareja,Total,No había denuncia
España,2017,5,2,Total,Total,Pareja,Total,Había denuncia
España,2017,5,0,Total,Total,Pareja,Total,No consta denuncia
España,2017,5,4,Total,Total,Pareja,Total,No había denuncia
España,2017,11,1,Total,Total,Expareja,Total,Había denuncia
España,2017,11,0,Total,Total,Expareja,Total,No consta denuncia
España,2017,11,1,Total,Total,Expareja,Total,No había denuncia
España,2017,11,0,Total,Total,Pareja,Total,Había denuncia
España,2017,11,0,Total,Total,Pareja,Total,No consta denuncia
España,2017,11,0,Total,Total,Pareja,Total,No había denuncia
España,2017,10,0,Total,Total,Expareja,Total,Había denuncia
España,2017,10,0,Total,Total,Expareja,Total,No consta denuncia
España,2017,10,1,Total,Total,Expareja,Total,No había denuncia
España,2017,10,0,Total,Total,Pareja,Total,Había denuncia
España,2017,10,0,Total,Total,Pareja,Total,No consta denuncia
España,2017,10,4,Total,Total,Pareja,Total,No había denuncia
España,2017,9,1,Total,Total,Expareja,Total,Había denuncia
España,2017,9,0,Total,Total,Expareja,Total,No consta denuncia
España,2017,9,0,Total,Total,Expareja,Total,No había denuncia
España,2017,9,0,Total,Total,Pareja,Total,Había denuncia
España,2017,9,0,Total,Total,Pareja,Total,No consta denuncia
España,2017,9,1,Total,Total,Pareja,Total,No había denuncia
España,2018,4,0,Total,Total,Expareja,Total,Había denuncia
España,2018,4,0,Total,Total,Expareja,Total,No consta denuncia
España,2018,4,1,Total,Total,Expareja,Total,No había denuncia
España,2018,4,1,Total,Total,Pareja,Total,Había denuncia
España,2018,4,0,Total,Total,Pareja,Total,No consta denuncia
España,2018,4,2,Total,Total,Pareja,Total,No había denuncia
España,2018,8,0,Total,Total,Expareja,Total,Había denuncia
España,2018,8,0,Total,Total,Expareja,Total,No consta denuncia
España,2018,8,0,Total,Total,Expareja,Total,No había denuncia
España,2018,8,1,Total,Total,Pareja,Total,Había denuncia
España,2018,8,0,Total,Total,Pareja,Total,No consta denuncia
España,2018,8,7,Total,Total,Pareja,Total,No había denuncia
España,2018,12,0,Total,Total,Expareja,Total,Había denuncia
España,2018,12,0,Total,Total,Expareja,Total,No consta denuncia
España,2018,12,0,Total,Total,Expareja,Total,No había denuncia
España,2018,12,0,Total,Total,Pareja,Total,Había denuncia
España,2018,12,0,Total,Total,Pareja,Total,No consta denuncia
España,2018,12,2,Total,Total,Pareja,Total,No había denuncia
España,2018,1,0,Total,Total,Expareja,Total,Había denuncia
España,2018,1,0,Total,Total,Expareja,Total,No consta denuncia
España,2018,1,0,Total,Total,Expareja,Total,No había denuncia
España,2018,1,1,Total,Total,Pareja,Total,Había denuncia
España,2018,1,0,Total,Total,Pareja,Total,No consta denuncia
España,2018,1,1,Total,Total,Pareja,Total,No había denuncia
España,2018,2,0,Total,Total,Expareja,Total,Había denuncia
España,2018,2,0,Total,Total,Expareja,Total,No consta denuncia
España,2018,2,0,Total,Total,Expareja,Total,No había denuncia
España,2018,2,0,Total,Total,Pareja,Total,Había denuncia
España,2018,2,0,Total,Total,Pareja,Total,No consta denuncia
España,2018,2,2,Total,Total,Pareja,Total,No había denuncia
España,2018,7,1,Total,Total,Expareja,Total,Había denuncia
España,2018,7,0,Total,Total,Expareja,Total,No consta denuncia
España,2018,7,0,Total,Total,Expareja,Total,No había denuncia
España,2018,7,1,Total,Total,Pareja,Total,Había denuncia
España,2018,7,0,Total,Total,Pareja,Total,No consta denuncia
España,2018,7,6,Total,Total,Pareja,Total,No había denuncia
España,2018,6,0,Total,Total,Expareja,Total,Había denuncia
España,2018,6,0,Total,Total,Expareja,Total,No consta denuncia
España,2018,6,0,Total,Total,Expareja,Total,No había denuncia
España,2018,6,1,Total,Total,Pareja,Total,Había denuncia
España,2018,6,0,Total,Total,Pareja,Total,No consta denuncia
España,2018,6,5,Total,Total,Pareja,Total,No había denuncia
España,2018,3,0,Total,Total,Expareja,Total,Había denuncia
España,2018,3,0,Total,Total,Expareja,Total,No consta denuncia
España,2018,3,0,Total,Total,Expareja,Total,No había denuncia
España,2018,3,1,Total,Total,Pareja,Total,Había denuncia
España,2018,3,0,Total,Total,Pareja,Total,No consta denuncia
España,2018,3,2,Total,Total,Pareja,Total,No había denuncia
España,2018,5,0,Total,Total,Expareja,Total,Había denuncia
España,2018,5,0,Total,Total,Expareja,Total,No consta denuncia
España,2018,5,0,Total,Total,Expareja,Total,No había denuncia
España,2018,5,0,Total,Total,Pareja,Total,Había denuncia
España,2018,5,0,Total,Total,Pareja,Total,No consta denuncia
España,2018,5,1,Total,Total,Pareja,Total,No había denuncia
España,2018,11,1,Total,Total,Expareja,Total,Había denuncia
España,2018,11,0,Total,Total,Expareja,Total,No consta denuncia
España,2018,11,1,Total,Total,Expareja,Total,No había denuncia
España,2018,11,0,Total,Total,Pareja,Total,Había denuncia
España,2018,11,0,Total,Total,Pareja,Total,No consta denuncia
España,2018,11,0,Total,Total,Pareja,Total,No había denuncia
España,2018,10,2,Total,Total,Expareja,Total,Había denuncia
España,2018,10,0,Total,Total,Expareja,Total,No consta denuncia
España,2018,10,0,Total,Total,Expareja,Total,No había denuncia
España,2018,10,1,Total,Total,Pareja,Total,Había denuncia
España,2018,10,0,Total,Total,Pareja,Total,No consta denuncia
España,2018,10,1,Total,Total,Pareja,Total,No había denuncia
España,2018,9,1,Total,Total,Expareja,Total,Había denuncia
España,2018,9,0,Total,Total,Expareja,Total,No consta denuncia
España,2018,9,1,Total,Total,Expareja,Total,No había denuncia
España,2018,9,3,Total,Total,Pareja,Total,Había denuncia
España,2018,9,0,Total,Total,Pareja,Total,No consta denuncia
España,2018,9,5,Total,Total,Pareja,Total,No había denuncia
España,2019,4,0,Total,Total,Expareja,Total,Había denuncia
España,2019,4,0,Total,Total,Expareja,Total,No consta denuncia
España,2019,4,0,Total,Total,Expareja,Total,No había denuncia
España,2019,4,1,Total,Total,Pareja,Total,Había denuncia
España,2019,4,0,Total,Total,Pareja,Total,No consta denuncia
España,2019,4,5,Total,Total,Pareja,Total,No había denuncia
España,2019,8,1,Total,Total,Expareja,Total,Había denuncia
España,2019,8,0,Total,Total,Expareja,Total,No consta denuncia
España,2019,8,1,Total,Total,Expareja,Total,No había denuncia
España,2019,8,1,Total,Total,Pareja,Total,Había denuncia
España,2019,8,0,Total,Total,Pareja,Total,No consta denuncia
España,2019,8,1,Total,Total,Pareja,Total,No había denuncia
España,2019,12,0,Total,Total,Expareja,Total,Había denuncia
España,2019,12,0,Total,Total,Expareja,Total,No consta denuncia
España,2019,12,0,Total,Total,Expareja,Total,No había denuncia
España,2019,12,0,Total,Total,Pareja,Total,Había denuncia
España,2019,12,0,Total,Total,Pareja,Total,No consta denuncia
España,2019,12,1,Total,Total,Pareja,Total,No había denuncia
España,2019,1,0,Total,Total,Expareja,Total,Había denuncia
España,2019,1,0,Total,Total,Expareja,Total,No consta denuncia
España,2019,1,1,Total,Total,Expareja,Total,No había denuncia
España,2019,1,1,Total,Total,Pareja,Total,Había denuncia
España,2019,1,0,Total,Total,Pareja,Total,No consta denuncia
España,2019,1,6,Total,Total,Pareja,Total,No había denuncia
España,2019,2,0,Total,Total,Expareja,Total,Había denuncia
España,2019,2,0,Total,Total,Expareja,Total,No consta denuncia
España,2019,2,0,Total,Total,Expareja,Total,No había denuncia
España,2019,2,1,Total,Total,Pareja,Total,Había denuncia
España,2019,2,0,Total,Total,Pareja,Total,No consta denuncia
España,2019,2,2,Total,Total,Pareja,Total,No había denuncia
España,2019,7,0,Total,Total,Expareja,Total,Había denuncia
España,2019,7,0,Total,Total,Expareja,Total,No consta denuncia
España,2019,7,0,Total,Total,Expareja,Total,No había denuncia
España,2019,7,2,Total,Total,Pareja,Total,Había denuncia
España,2019,7,0,Total,Total,Pareja,Total,No consta denuncia
España,2019,7,7,Total,Total,Pareja,Total,No había denuncia
España,2019,6,1,Total,Total,Expareja,Total,Había denuncia
España,2019,6,0,Total,Total,Expareja,Total,No consta denuncia
España,2019,6,0,Total,Total,Expareja,Total,No había denuncia
España,2019,6,1,Total,Total,Pareja,Total,Había denuncia
España,2019,6,0,Total,Total,Pareja,Total,No consta denuncia
España,2019,6,5,Total,Total,Pareja,Total,No había denuncia
España,2019,3,0,Total,Total,Expareja,Total,Había denuncia
España,2019,3,0,Total,Total,Expareja,Total,No consta denuncia
España,2019,3,0,Total,Total,Expareja,Total,No había denuncia
España,2019,3,0,Total,Total,Pareja,Total,Había denuncia
España,2019,3,0,Total,Total,Pareja,Total,No consta denuncia
España,2019,3,5,Total,Total,Pareja,Total,No había denuncia
España,2019,5,0,Total,Total,Expareja,Total,Había denuncia
España,2019,5,0,Total,Total,Expareja,Total,No consta denuncia
España,2019,5,0,Total,Total,Expareja,Total,No había denuncia
España,2019,5,2,Total,Total,Pareja,Total,Había denuncia
España,2019,5,0,Total,Total,Pareja,Total,No consta denuncia
España,2019,5,1,Total,Total,Pareja,Total,No había denuncia
España,2019,11,0,Total,Total,Expareja,Total,Había denuncia
España,2019,11,0,Total,Total,Expareja,Total,No consta denuncia
España,2019,11,0,Total,Total,Expareja,Total,No había denuncia
España,2019,11,0,Total,Total,Pareja,Total,Había denuncia
España,2019,11,0,Total,Total,Pareja,Total,No consta denuncia
España,2019,11,2,Total,Total,Pareja,Total,No había denuncia
España,2019,10,1,Total,Total,Expareja,Total,Había denuncia
España,2019,10,0,Total,Total,Expareja,Total,No consta denuncia
España,2019,10,0,Total,Total,Expareja,Total,No había denuncia
España,2019,10,0,Total,Total,Pareja,Total,Había denuncia
España,2019,10,0,Total,Total,Pareja,Total,No consta denuncia
España,2019,10,3,Total,Total,Pareja,Total,No había denuncia
España,2019,9,0,Total,Total,Expareja,Total,Había denuncia
España,2019,9,0,Total,Total,Expareja,Total,No consta denuncia
España,2019,9,2,Total,Total,Expareja,Total,No había denuncia
España,2019,9,1,Total,Total,Pareja,Total,Había denuncia
España,2019,9,0,Total,Total,Pareja,Total,No consta denuncia
España,2019,9,1,Total,Total,Pareja,Total,No había denuncia
España,2020,4,0,Total,Total,Expareja,Total,Había denuncia
España,2020,4,0,Total,Total,Expareja,Total,No consta denuncia
España,2020,4,0,Total,Total,Expareja,Total,No había denuncia
España,2020,4,1,Total,Total,Pareja,Total,Había denuncia
España,2020,4,0,Total,Total,Pareja,Total,No consta denuncia
España,2020,4,1,Total,Total,Pareja,Total,No había denuncia
España,2020,8,0,Total,Total,Expareja,Total,Había denuncia
España,2020,8,0,Total,Total,Expareja,Total,No consta denuncia
España,2020,8,2,Total,Total,Expareja,Total,No había denuncia
España,2020,8,0,Total,Total,Pareja,Total,Había denuncia
España,2020,8,0,Total,Total,Pareja,Total,No consta denuncia
España,2020,8,5,Total,Total,Pareja,Total,No había denuncia
España,2020,12,0,Total,Total,Expareja,Total,Había denuncia
España,2020,12,0,Total,Total,Expareja,Total,No consta denuncia
España,2020,12,0,Total,Total,Expareja,Total,No había denuncia
España,2020,12,2,Total,Total,Pareja,Total,Había denuncia
España,2020,12,0,Total,Total,Pareja,Total,No consta denuncia
España,2020,12,3,Total,Total,Pareja,Total,No había denuncia
España,2020,1,0,Total,Total,Expareja,Total,Había denuncia
España,2020,1,0,Total,Total,Expareja,Total,No consta denuncia
España,2020,1,1,Total,Total,Expareja,Total,No había denuncia
España,2020,1,0,Total,Total,Pareja,Total,Había denuncia
España,2020,1,0,Total,Total,Pareja,Total,No consta denuncia
España,2020,1,7,Total,Total,Pareja,Total,No había denuncia
España,2020,2,0,Total,Total,Expareja,Total,Había denuncia
España,2020,2,0,Total,Total,Expareja,Total,No consta denuncia
España,2020,2,2,Total,Total,Expareja,Total,No había denuncia
España,2020,2,1,Total,Total,Pareja,Total,Había denuncia
España,2020,2,0,Total,Total,Pareja,Total,No consta denuncia
España,2020,2,4,Total,Total,Pareja,Total,No había denuncia
España,2020,7,1,Total,Total,Expareja,Total,Había denuncia
España,2020,7,0,Total,Total,Expareja,Total,No consta denuncia
España,2020,7,0,Total,Total,Expareja,Total,No había denuncia
España,2020,7,1,Total,Total,Pareja,Total,Había denuncia
España,2020,7,0,Total,Total,Pareja,Total,No consta denuncia
España,2020,7,2,Total,Total,Pareja,Total,No había denuncia
España,2020,6,0,Total,Total,Expareja,Total,Había denuncia
España,2020,6,0,Total,Total,Expareja,Total,No consta denuncia
España,2020,6,0,Total,Total,Expareja,Total,No había denuncia
España,2020,6,0,Total,Total,Pareja,Total,Había denuncia
España,2020,6,0,Total,Total,Pareja,Total,No consta denuncia
España,2020,6,2,Total,Total,Pareja,Total,No había denuncia
España,2020,3,0,Total,Total,Expareja,Total,Había denuncia
España,2020,3,0,Total,Total,Expareja,Total,No consta denuncia
España,2020,3,0,Total,Total,Expareja,Total,No había denuncia
España,2020,3,0,Total,Total,Pareja,Total,Había denuncia
España,2020,3,0,Total,Total,Pareja,Total,No consta denuncia
España,2020,3,4,Total,Total,Pareja,Total,No había denuncia
España,2020,5,0,Total,Total,Expareja,Total,Había denuncia
España,2020,5,0,Total,Total,Expareja,Total,No consta denuncia
España,2020,5,0,Total,Total,Expareja,Total,No había denuncia
España,2020,5,1,Total,Total,Pareja,Total,Había denuncia
España,2020,5,0,Total,Total,Pareja,Total,No consta denuncia
España,2020,5,1,Total,Total,Pareja,Total,No había denuncia
España,2020,11,0,Total,Total,Expareja,Total,Había denuncia
España,2020,11,0,Total,Total,Expareja,Total,No consta denuncia
España,2020,11,0,Total,Total,Expareja,Total,No había denuncia
España,2020,11,0,Total,Total,Pareja,Total,Había denuncia
España,2020,11,0,Total,Total,Pareja,Total,No consta denuncia
España,2020,11,4,Total,Total,Pareja,Total,No había denuncia
España,2020,10,0,Total,Total,Expareja,Total,Había denuncia
España,2020,10,0,Total,Total,Expareja,Total,No consta denuncia
España,2020,10,1,Total,Total,Expareja,Total,No había denuncia
España,2020,10,0,Total,Total,Pareja,Total,Había denuncia
España,2020,10,0,Total,Total,Pareja,Total,No consta denuncia
España,2020,10,0,Total,Total,Pareja,Total,No había denuncia
España,2020,9,0,Total,Total,Expareja,Total,Había denuncia
España,2020,9,0,Total,Total,Expareja,Total,No consta denuncia
España,2020,9,0,Total,Total,Expareja,Total,No había denuncia
España,2020,9,0,Total,Total,Pareja,Total,Había denuncia
España,2020,9,0,Total,Total,Pareja,Total,No consta denuncia
España,2020,9,4,Total,Total,Pareja,Total,No había denuncia
España,2021,4,0,Total,Total,Expareja,Total,Había denuncia
España,2021,4,0,Total,Total,Expareja,Total,No consta denuncia
España,2021,4,2,Total,Total,Expareja,Total,No había denuncia
España,2021,4,0,Total,Total,Pareja,Total,Había denuncia
España,2021,4,0,Total,Total,Pareja,Total,No consta denuncia
España,2021,4,2,Total,Total,Pareja,Total,No había denuncia
España,2021,8,0,Total,Total,Expareja,Total,Había denuncia
España,2021,8,0,Total,Total,Expareja,Total,No consta denuncia
España,2021,8,0,Total,Total,Expareja,Total,No había denuncia
España,2021,8,0,Total,Total,Pareja,Total,Había denuncia
España,2021,8,0,Total,Total,Pareja,Total,No consta denuncia
España,2021,8,3,Total,Total,Pareja,Total,No había denuncia
España,2021,12,2,Total,Total,Expareja,Total,Había denuncia
España,2021,12,0,Total,Total,Expareja,Total,No consta denuncia
España,2021,12,1,Total,Total,Expareja,Total,No había denuncia
España,2021,12,0,Total,Total,Pareja,Total,Había denuncia
España,2021,12,0,Total,Total,Pareja,Total,No consta denuncia
España,2021,12,5,Total,Total,Pareja,Total,No había denuncia
España,2021,1,0,Total,Total,Expareja,Total,Había denuncia
España,2021,1,0,Total,Total,Expareja,Total,No consta denuncia
España,2021,1,0,Total,Total,Expareja,Total,No había denuncia
España,2021,1,0,Total,Total,Pareja,Total,Había denuncia
España,2021,1,0,Total,Total,Pareja,Total,No consta denuncia
España,2021,1,1,Total,Total,Pareja,Total,No había denuncia
España,2021,2,0,Total,Total,Expareja,Total,Había denuncia
España,2021,2,0,Total,Total,Expareja,Total,No consta denuncia
España,2021,2,0,Total,Total,Expareja,Total,No había denuncia
España,2021,2,0,Total,Total,Pareja,Total,Había denuncia
España,2021,2,0,Total,Total,Pareja,Total,No consta denuncia
España,2021,2,3,Total,Total,Pareja,Total,No había denuncia
España,2021,7,2,Total,Total,Expareja,Total,Había denuncia
España,2021,7,0,Total,Total,Expareja,Total,No consta denuncia
España,2021,7,1,Total,Total,Expareja,Total,No había denuncia
España,2021,7,0,Total,Total,Pareja,Total,Había denuncia
España,2021,7,0,Total,Total,Pareja,Total,No consta denuncia
España,2021,7,3,Total,Total,Pareja,Total,No había denuncia
España,2021,6,2,Total,Total,Expareja,Total,Había denuncia
España,2021,6,0,Total,Total,Expareja,Total,No consta denuncia
España,2021,6,2,Total,Total,Expareja,Total,No había denuncia
España,2021,6,0,Total,Total,Pareja,Total,Había denuncia
España,2021,6,0,Total,Total,Pareja,Total,No consta denuncia
España,2021,6,6,Total,Total,Pareja,Total,No había denuncia
España,2021,3,0,Total,Total,Expareja,Total,Había denuncia
España,2021,3,0,Total,Total,Expareja,Total,No consta denuncia
España,2021,3,1,Total,Total,Expareja,Total,No había denuncia
España,2021,3,0,Total,Total,Pareja,Total,Había denuncia
España,2021,3,0,Total,Total,Pareja,Total,No consta denuncia
España,2021,3,1,Total,Total,Pareja,Total,No había denuncia
España,2021,5,2,Total,Total,Expareja,Total,Había denuncia
España,2021,5,0,Total,Total,Expareja,Total,No consta denuncia
España,2021,5,0,Total,Total,Expareja,Total,No había denuncia
España,2021,5,2,Total,Total,Pareja,Total,Había denuncia
España,2021,5,0,Total,Total,Pareja,Total,No consta denuncia
España,2021,5,3,Total,Total,Pareja,Total,No había denuncia
España,2021,11,0,Total,Total,Expareja,Total,Había denuncia
España,2021,11,0,Total,Total,Expareja,Total,No consta denuncia
España,2021,11,0,Total,Total,Expareja,Total,No había denuncia
España,2021,11,0,Total,Total,Pareja,Total,Había denuncia
España,2021,11,0,Total,Total,Pareja,Total,No consta denuncia
España,2021,11,1,Total,Total,Pareja,Total,No había denuncia
España,2021,10,0,Total,Total,Expareja,Total,Había denuncia
España,2021,10,0,Total,Total,Expareja,Total,No consta denuncia
España,2021,10,0,Total,Total,Expareja,Total,No había denuncia
España,2021,10,0,Total,Total,Pareja,Total,Había denuncia
España,2021,10,0,Total,Total,Pareja,Total,No consta denuncia
España,2021,10,2,Total,Total,Pareja,Total,No había denuncia
España,2021,9,0,Total,Total,Expareja,Total,Había denuncia
España,2021,9,0,Total,Total,Expareja,Total,No consta denuncia
España,2021,9,0,Total,Total,Expareja,Total,No había denuncia
España,2021,9,0,Total,Total,Pareja,Total,Había denuncia
España,2021,9,0,Total,Total,Pareja,Total,No consta denuncia
España,2021,9,2,Total,Total,Pareja,Total,No había denuncia
España,2022,4,2,Total,Total,Expareja,Total,Había denuncia
España,2022,4,0,Total,Total,Expareja,Total,No consta denuncia
España,2022,4,1,Total,Total,Expareja,Total,No había denuncia
España,2022,4,0,Total,Total,Pareja,Total,Había denuncia
España,2022,4,0,Total,Total,Pareja,Total,No consta denuncia
España,2022,4,2,Total,Total,Pareja,Total,No había denuncia
España,2022,8,0,Total,Total,Expareja,Total,Había denuncia
España,2022,8,0,Total,Total,Expareja,Total,No consta denuncia
España,2022,8,0,Total,Total,Expareja,Total,No había denuncia
España,2022,8,2,Total,Total,Pareja,Total,Había denuncia
España,2022,8,0,Total,Total,Pareja,Total,No consta denuncia
España,2022,8,1,Total,Total,Pareja,Total,No había denuncia
España,2022,12,1,Total,Total,Expareja,Total,Había denuncia
España,2022,12,0,Total,Total,Expareja,Total,No consta denuncia
España,2022,12,0,Total,Total,Expareja,Total,No había denuncia
España,2022,12,5,Total,Total,Pareja,Total,Había denuncia
España,2022,12,0,Total,Total,Pareja,Total,No consta denuncia
España,2022,12,4,Total,Total,Pareja,Total,No había denuncia
España,2022,1,0,Total,Total,Expareja,Total,Había denuncia
España,2022,1,0,Total,Total,Expareja,Total,No consta denuncia
España,2022,1,0,Total,Total,Expareja,Total,No había denuncia
España,2022,1,0,Total,Total,Pareja,Total,Había denuncia
España,2022,1,0,Total,Total,Pareja,Total,No consta denuncia
España,2022,1,2,Total,Total,Pareja,Total,No había denuncia
España,2022,2,0,Total,Total,Expareja,Total,Había denuncia
España,2022,2,0,Total,Total,Expareja,Total,No consta denuncia
España,2022,2,1,Total,Total,Expareja,Total,No había denuncia
España,2022,2,0,Total,Total,Pareja,Total,Había denuncia
España,2022,2,0,Total,Total,Pareja,Total,No consta denuncia
España,2022,2,1,Total,Total,Pareja,Total,No había denuncia
España,2022,7,0,Total,Total,Expareja,Total,Había denuncia
España,2022,7,0,Total,Total,Expareja,Total,No consta denuncia
España,2022,7,2,Total,Total,Expareja,Total,No había denuncia
España,2022,7,0,Total,Total,Pareja,Total,Había denuncia
España,2022,7,0,Total,Total,Pareja,Total,No consta denuncia
España,2022,7,2,Total,Total,Pareja,Total,No había denuncia
España,2022,6,0,Total,Total,Expareja,Total,Había denuncia
España,2022,6,0,Total,Total,Expareja,Total,No consta denuncia
España,2022,6,0,Total,Total,Expareja,Total,No había denuncia
España,2022,6,2,Total,Total,Pareja,Total,Había denuncia
España,2022,6,0,Total,Total,Pareja,Total,No consta denuncia
España,2022,6,2,Total,Total,Pareja,Total,No había denuncia
España,2022,3,1,Total,Total,Expareja,Total,Había denuncia
España,2022,3,0,Total,Total,Expareja,Total,No consta denuncia
España,2022,3,1,Total,Total,Expareja,Total,No había denuncia
España,2022,3,2,Total,Total,Pareja,Total,Había denuncia
España,2022,3,0,Total,Total,Pareja,Total,No consta denuncia
España,2022,3,1,Total,Total,Pareja,Total,No había denuncia
España,2022,5,0,Total,Total,Expareja,Total,Había denuncia
España,2022,5,0,Total,Total,Expareja,Total,No consta denuncia
España,2022,5,1,Total,Total,Expareja,Total,No había denuncia
España,2022,5,2,Total,Total,Pareja,Total,Había denuncia
España,2022,5,0,Total,Total,Pareja,Total,No consta denuncia
España,2022,5,3,Total,Total,Pareja,Total,No había denuncia
España,2022,11,0,Total,Total,Expareja,Total,Había denuncia
España,2022,11,0,Total,Total,Expareja,Total,No consta denuncia
España,2022,11,0,Total,Total,Expareja,Total,No había denuncia
España,2022,11,2,Total,Total,Pareja,Total,Había denuncia
España,2022,11,0,Total,Total,Pareja,Total,No consta denuncia
España,2022,11,1,Total,Total,Pareja,Total,No había denuncia
España,2022,10,0,Total,Total,Expareja,Total,Había denuncia
España,2022,10,0,Total,Total,Expareja,Total,No consta denuncia
España,2022,10,0,Total,Total,Expareja,Total,No había denuncia
España,2022,10,0,Total,Total,Pareja,Total,Había denuncia
España,2022,10,0,Total,Total,Pareja,Total,No consta denuncia
España,2022,10,1,Total,Total,Pareja,Total,No había denuncia
España,2022,9,0,Total,Total,Expareja,Total,Había denuncia
España,2022,9,0,Total,Total,Expareja,Total,No consta denuncia
España,2022,9,0,Total,Total,Expareja,Total,No había denuncia
España,2022,9,2,Total,Total,Pareja,Total,Había denuncia
España,2022,9,0,Total,Total,Pareja,Total,No consta denuncia
España,2022,9,3,Total,Total,Pareja,Total,No había denuncia
España,2023,4,0,Total,Total,Expareja,Total,Había denuncia
España,2023,4,0,Total,Total,Expareja,Total,No consta denuncia
España,2023,4,1,Total,Total,Expareja,Total,No había denuncia
España,2023,4,0,Total,Total,Pareja,Total,Había denuncia
España,2023,4,0,Total,Total,Pareja,Total,No consta denuncia
España,2023,4,2,Total,Total,Pareja,Total,No había denuncia
España,2023,8,0,Total,Total,Expareja,Total,Había denuncia
España,2023,8,0,Total,Total,Expareja,Total,No consta denuncia
España,2023,8,1,Total,Total,Expareja,Total,No había denuncia
España,2023,8,1,Total,Total,Pareja,Total,Había denuncia
España,2023,8,0,Total,Total,Pareja,Total,No consta denuncia
España,2023,8,6,Total,Total,Pareja,Total,No había denuncia
España,2023,12,1,Total,Total,Expareja,Total,Había denuncia
España,2023,12,0,Total,Total,Expareja,Total,No consta denuncia
España,2023,12,0,Total,Total,Expareja,Total,No había denuncia
España,2023,12,0,Total,Total,Pareja,Total,Había denuncia
España,2023,12,0,Total,Total,Pareja,Total,No consta denuncia
España,2023,12,1,Total,Total,Pareja,Total,No había denuncia
España,2023,1,2,Total,Total,Expareja,Total,Había denuncia
España,2023,1,0,Total,Total,Expareja,Total,No consta denuncia
España,2023,1,0,Total,Total,Expareja,Total,No había denuncia
España,2023,1,0,Total,Total,Pareja,Total,Había denuncia
España,2023,1,0,Total,Total,Pareja,Total,No consta denuncia
España,2023,1,5,Total,Total,Pareja,Total,No había denuncia
España,2023,2,0,Total,Total,Expareja,Total,Había denuncia
España,2023,2,0,Total,Total,Expareja,Total,No consta denuncia
España,2023,2,1,Total,Total,Expareja,Total,No había denuncia
España,2023,2,0,Total,Total,Pareja,Total,Había denuncia
España,2023,2,0,Total,Total,Pareja,Total,No consta denuncia
España,2023,2,2,Total,Total,Pareja,Total,No había denuncia
España,2023,7,0,Total,Total,Expareja,Total,Había denuncia
España,2023,7,0,Total,Total,Expareja,Total,No consta denuncia
España,2023,7,2,Total,Total,Expareja,Total,No había denuncia
España,2023,7,0,Total,Total,Pareja,Total,Había denuncia
España,2023,7,0,Total,Total,Pareja,Total,No consta denuncia
España,2023,7,5,Total,Total,Pareja,Total,No había denuncia
España,2023,6,1,Total,Total,Expareja,Total,Había denuncia
España,2023,6,0,Total,Total,Expareja,Total,No consta denuncia
España,2023,6,0,Total,Total,Expareja,Total,No había denuncia
España,2023,6,1,Total,Total,Pareja,Total,Había denuncia
España,2023,6,0,Total,Total,Pareja,Total,No consta denuncia
España,2023,6,3,Total,Total,Pareja,Total,No había denuncia
España,2023,3,1,Total,Total,Expareja,Total,Había denuncia
España,2023,3,0,Total,Total,Expareja,Total,No consta denuncia
España,2023,3,0,Total,Total,Expareja,Total,No había denuncia
España,2023,3,1,Total,Total,Pareja,Total,Había denuncia
España,2023,3,0,Total,Total,Pareja,Total,No consta denuncia
España,2023,3,0,Total,Total,Pareja,Total,No había denuncia
España,2023,5,0,Total,Total,Expareja,Total,Había denuncia
España,2023,5,0,Total,Total,Expareja,Total,No consta denuncia
España,2023,5,1,Total,Total,Expareja,Total,No había denuncia
España,2023,5,1,Total,Total,Pareja,Total,Había denuncia
España,2023,5,0,Total,Total,Pareja,Total,No consta denuncia
España,2023,5,4,Total,Total,Pareja,Total,No había denuncia
España,2023,11,1,Total,Total,Expareja,Total,Había denuncia
España,2023,11,0,Total,Total,Expareja,Total,No consta denuncia
España,2023,11,0,Total,Total,Expareja,Total,No había denuncia
España,2023,11,2,Total,Total,Pareja,Total,Había denuncia
España,2023,11,0,Total,Total,Pareja,Total,No consta denuncia
España,2023,11,1,Total,Total,Pareja,Total,No había denuncia
España,2023,10,0,Total,Total,Expareja,Total,Había denuncia
España,2023,10,0,Total,Total,Expareja,Total,No consta denuncia
España,2023,10,0,Total,Total,Expareja,Total,No había denuncia
España,2023,10,0,Total,Total,Pareja,Total,Había denuncia
España,2023,10,0,Total,Total,Pareja,Total,No consta denuncia
España,2023,10,1,Total,Total,Pareja,Total,No había denuncia
España,2023,9,2,Total,Total,Expareja,Total,Había denuncia
España,2023,9,0,Total,Total,Expareja,Total,No consta denuncia
España,2023,9,0,Total,Total,Expareja,Total,No había denuncia
España,2023,9,1,Total,Total,Pareja,Total,Había denuncia
España,2023,9,0,Total,Total,Pareja,Total,No consta denuncia
España,2023,9,7,Total,Total,Pareja,Total,No había denuncia
España,2024,4,1,Total,Total,Expareja,Total,Había denuncia
España,2024,4,0,Total,Total,Expareja,Total,No consta denuncia
España,2024,4,1,Total,Total,Expareja,Total,No había denuncia
España,2024,4,1,Total,Total,Pareja,Total,Había denuncia
España,2024,4,0,Total,Total,Pareja,Total,No consta denuncia
España,2024,4,1,Total,Total,Pareja,Total,No había denuncia
España,2024,8,0,Total,Total,Expareja,Total,Había denuncia
España,2024,8,0,Total,Total,Expareja,Total,No consta denuncia
España,2024,8,2,Total,Total,Expareja,Total,No había denuncia
España,2024,8,0,Total,Total,Pareja,Total,Había denuncia
España,2024,8,0,Total,Total,Pareja,Total,No consta denuncia
España,2024,8,3,Total,Total,Pareja,Total,No había denuncia
España,2024,12,1,Total,Total,Expareja,Total,Había denuncia
España,2024,12,0,Total,Total,Expareja,Total,No consta denuncia
España,2024,12,0,Total,Total,Expareja,Total,No había denuncia
España,2024,12,2,Total,Total,Pareja,Total,Había denuncia
España,2024,12,0,Total,Total,Pareja,Total,No consta denuncia
España,2024,12,1,Total,Total,Pareja,Total,No había denuncia
España,2024,1,0,Total,Total,Expareja,Total,Había denuncia
España,2024,1,0,Total,Total,Expareja,Total,No consta denuncia
España,2024,1,0,Total,Total,Expareja,Total,No había denuncia
España,2024,1,0,Total,Total,Pareja,Total,Había denuncia
España,2024,1,0,Total,Total,Pareja,Total,No consta denuncia
España,2024,1,2,Total,Total,Pareja,Total,No había denuncia
España,2024,2,0,Total,Total,Expareja,Total,Había denuncia
España,2024,2,0,Total,Total,Expareja,Total,No consta denuncia
España,2024,2,0,Total,Total,Expareja,Total,No había denuncia
España,2024,2,1,Total,Total,Pareja,Total,Había denuncia
España,2024,2,0,Total,Total,Pareja,Total,No consta denuncia
España,2024,2,2,Total,Total,Pareja,Total,No había denuncia
España,2024,7,0,Total,Total,Expareja,Total,Había denuncia
España,2024,7,0,Total,Total,Expareja,Total,No consta denuncia
España,2024,7,1,Total,Total,Expareja,Total,No había denuncia
España,2024,7,3,Total,Total,Pareja,Total,Había denuncia
España,2024,7,0,Total,Total,Pareja,Total,No consta denuncia
España,2024,7,4,Total,Total,Pareja,Total,No había denuncia
España,2024,6,0,Total,Total,Expareja,Total,Había denuncia
España,2024,6,0,Total,Total,Expareja,Total,No consta denuncia
España,2024,6,1,Total,Total,Expareja,Total,No había denuncia
España,2024,6,1,Total,Total,Pareja,Total,Había denuncia
España,2024,6,0,Total,Total,Pareja,Total,No consta denuncia
España,2024,6,5,Total,Total,Pareja,Total,No había denuncia
España,2024,3,0,Total,Total,Expareja,Total,Había denuncia
España,2024,3,0,Total,Total,Expareja,Total,No consta denuncia
España,2024,3,2,Total,Total,Expareja,Total,No había denuncia
España,2024,3,0,Total,Total,Pareja,Total,Había denuncia
España,2024,3,0,Total,Total,Pareja,Total,No consta denuncia
España,2024,3,0,Total,Total,Pareja,Total,No había denuncia
España,2024,5,0,Total,Total,Expareja,Total,Había denuncia
España,2024,5,0,Total,Total,Expareja,Total,No consta denuncia
España,2024,5,1,Total,Total,Expareja,Total,No había denuncia
España,2024,5,0,Total,Total,Pareja,Total,Había denuncia
España,2024,5,0,Total,Total,Pareja,Total,No consta denuncia
España,2024,5,0,Total,Total,Pareja,Total,No había denuncia
España,2024,11,2,Total,Total,Expareja,Total,Había denuncia
España,2024,11,0,Total,Total,Expareja,Total,No consta denuncia
España,2024,11,1,Total,Total,Expareja,Total,No había denuncia
España,2024,11,0,Total,Total,Pareja,Total,Había denuncia
España,2024,11,0,Total,Total,Pareja,Total,No consta denuncia
España,2024,11,1,Total,Total,Pareja,Total,No había denuncia
España,2024,10,2,Total,Total,Expareja,Total,Había denuncia
España,2024,10,0,Total,Total,Expareja,Total,No consta denuncia
España,2024,10,0,Total,Total,Expareja,Total,No había denuncia
España,2024,10,1,Total,Total,Pareja,Total,Había denuncia
España,2024,10,0,Total,Total,Pareja,Total,No consta denuncia
España,2024,10,2,Total,Total,Pareja,Total,No había denuncia
España,2024,9,0,Total,Total,Expareja,Total,Había denuncia
España,2024,9,0,Total,Total,Expareja,Total,No consta denuncia
España,2024,9,0,Total,Total,Expareja,Total,No había denuncia
España,2024,9,1,Total,Total,Pareja,Total,Había denuncia
España,2024,9,0,Total,Total,Pareja,Total,No consta denuncia
España,2024,9,3,Total,Total,Pareja,Total,No había denuncia
España,2025,4,0,Total,Total,Expareja,Total,Había denuncia
España,2025,4,0,Total,Total,Expareja,Total,No consta denuncia
España,2025,4,0,Total,Total,Expareja,Total,No había denuncia
España,2025,4,1,Total,Total,Pareja,Total,Había denuncia
España,2025,4,0,Total,Total,Pareja,Total,No consta denuncia
España,2025,4,3,Total,Total,Pareja,Total,No había denuncia
España,2025,8,1,Total,Total,Expareja,Total,Había denuncia
España,2025,8,0,Total,Total,Expareja,Total,No consta denuncia
España,2025,8,0,Total,Total,Expareja,Total,No había denuncia
España,2025,8,1,Total,Total,Pareja,Total,Había denuncia
España,2025,8,0,Total,Total,Pareja,Total,No consta denuncia
España,2025,8,0,Total,Total,Pareja,Total,No había denuncia
España,2025,12,0,Total,Total,Expareja,Total,Había denuncia
España,2025,12,0,Total,Total,Expareja,Total,No consta denuncia
España,2025,12,0,Total,Total,Expareja,Total,No había denuncia
España,2025,12,0,Total,Total,Pareja,Total,Había denuncia
España,2025,12,0,Total,Total,Pareja,Total,No consta denuncia
España,2025,12,5,Total,Total,Pareja,Total,No había denuncia
España,2025,1,0,Total,Total,Expareja,Total,Había denuncia
España,2025,1,0,Total,Total,Expareja,Total,No consta denuncia
España,2025,1,0,Total,Total,Expareja,Total,No había denuncia
España,2025,1,0,Total,Total,Pareja,Total,Había denuncia
España,2025,1,0,Total,Total,Pareja,Total,No consta denuncia
España,2025,1,1,Total,Total,Pareja,Total,No había denuncia
España,2025,2,0,Total,Total,Expareja,Total,Había denuncia
España,2025,2,0,Total,Total,Expareja,Total,No consta denuncia
España,2025,2,0,Total,Total,Expareja,Total,No había denuncia
España,2025,2,1,Total,Total,Pareja,Total,Había denuncia
España,2025,2,0,Total,Total,Pareja,Total,No consta denuncia
España,2025,2,1,Total,Total,Pareja,Total,No había denuncia
España,2025,7,0,Total,Total,Expareja,Total,Había denuncia
España,2025,7,0,Total,Total,Expareja,Total,No consta denuncia
España,2025,7,0,Total,Total,Expareja,Total,No había denuncia
España,2025,7,1,Total,Total,Pareja,Total,Había denuncia
España,2025,7,0,Total,Total,Pareja,Total,No consta denuncia
España,2025,7,2,Total,Total,Pareja,Total,No había denuncia
España,2025,6,0,Total,Total,Expareja,Total,Había denuncia
España,2025,6,0,Total,Total,Expareja,Total,No consta denuncia
España,2025,6,0,Total,Total,Expareja,Total,No había denuncia
España,2025,6,2,Total,Total,Pareja,Total,Había denuncia
España,2025,6,0,Total,Total,Pareja,Total,No consta denuncia
España,2025,6,6,Total,Total,Pareja,Total,No había denuncia
España,2025,3,0,Total,Total,Expareja,Total,Había denuncia
España,2025,3,0,Total,Total,Expareja,Total,No consta denuncia
España,2025,3,0,Total,Total,Expareja,Total,No había denuncia
España,2025,3,0,Total,Total,Pareja,Total,Había denuncia
España,2025,3,0,Total,Total,Pareja,Total,No consta denuncia
España,2025,3,5,Total,Total,Pareja,Total,No había denuncia
España,2025,5,0,Total,Total,Expareja,Total,Había denuncia
España,2025,5,0,Total,Total,Expareja,Total,No consta denuncia
España,2025,5,0,Total,Total,Expareja,Total,No había denuncia
España,2025,5,0,Total,Total,Pareja,Total,Había denuncia
España,2025,5,0,Total,Total,Pareja,Total,No consta denuncia
España,2025,5,1,Total,Total,Pareja,Total,No había denuncia
España,2025,11,0,Total,Total,Expareja,Total,Había denuncia
España,2025,11,0,Total,Total,Expareja,Total,No consta denuncia
España,2025,11,1,Total,Total,Expareja,Total,No había denuncia
España,2025,11,2,Total,Total,Pareja,Total,Había denuncia
España,2025,11,0,Total,Total,Pareja,Total,No consta denuncia
España,2025,11,4,Total,Total,Pareja,Total,No había denuncia
España,2025,10,1,Total,Total,Expareja,Total,Había denuncia
España,2025,10,0,Total,Total,Expareja,Total,No consta denuncia
España,2025,10,1,Total,Total,Expareja,Total,No había denuncia
España,2025,10,0,Total,Total,Pareja,Total,Había denuncia
España,2025,10,0,Total,Total,Pareja,Total,No consta denuncia
España,2025,10,3,Total,Total,Pareja,Total,No había denuncia
España,2025,9,1,Total,Total,Expareja,Total,Había denuncia
España,2025,9,0,Total,Total,Expareja,Total,No consta denuncia
España,2025,9,0,Total,Total,Expareja,Total,No había denuncia
España,2025,9,0,Total,Total,Pareja,Total,Había denuncia
España,2025,9,0,Total,Total,Pareja,Total,No consta denuncia
España,2025,9,4,Total,Total,Pareja,Total,No había denuncia
España,2026,4,2,Total,Total,Expareja,Total,Había denuncia
España,2026,4,0,Total,Total,Expareja,Total,No consta denuncia
España,2026,4,0,Total,Total,Expareja,Total,No había denuncia
España,2026,4,0,Total,Total,Pareja,Total,Había denuncia
España,2026,4,0,Total,Total,Pareja,Total,No consta denuncia
España,2026,4,0,Total,Total,Pareja,Total,No había denuncia
España,2026,1,2,Total,Total,Expareja,Total,Había denuncia
España,2026,1,0,Total,Total,Expareja,Total,No consta denuncia
España,2026,1,1,Total,Total,Expareja,Total,No había denuncia
España,2026,1,1,Total,Total,Pareja,Total,Había denuncia
España,2026,1,0,Total,Total,Pareja,Total,No consta denuncia
España,2026,1,2,Total,Total,Pareja,Total,No había denuncia
España,2026,2,2,Total,Total,Expareja,Total,Había denuncia
España,2026,2,0,Total,Total,Expareja,Total,No consta denuncia
España,2026,2,2,Total,Total,Expareja,Total,No había denuncia
España,2026,2,0,Total,Total,Pareja,Total,Había denuncia
España,2026,2,0,Total,Total,Pareja,Total,No consta denuncia
España,2026,2,1,Total,Total,Pareja,Total,No había denuncia
España,2026,7,1,Total,Total,Expareja,Total,Había denuncia
España,2026,7,0,Total,Total,Expareja,Total,No consta denuncia
España,2026,7,0,Total,Total,Expareja,Total,No había denuncia
España,2026,7,0,Total,Total,Pareja,Total,Había denuncia
España,2026,7,0,Total,Total,Pareja,Total,No consta denuncia
España,2026,7,5,Total,Total,Pareja,Total,No había denuncia
España,2026,6,0,Total,Total,Expareja,Total,Había denuncia
España,2026,6,0,Total,Total,Expareja,Total,No consta denuncia
España,2026,6,0,Total,Total,Expareja,Total,No había denuncia
España,2026,6,0,Total,Total,Pareja,Total,Había denuncia
España,2026,6,0,Total,Total,Pareja,Total,No consta denuncia
España,2026,6,3,Total,Total,Pareja,Total,No había denuncia
España,2026,3,0,Total,Total,Expareja,Total,Había denuncia
España,2026,3,0,Total,Total,Expareja,Total,No consta denuncia
España,2026,3,2,Total,Total,Expareja,Total,No había denuncia
España,2026,3,0,Total,Total,Pareja,Total,Había denuncia
España,2026,3,0,Total,Total,Pareja,Total,No consta denuncia
España,2026,3,3,Total,Total,Pareja,Total,No había denuncia
España,2026,5,1,Total,Total,Expareja,Total,Había denuncia
España,2026,5,0,Total,Total,Expareja,Total,No consta denuncia
España,2026,5,1,Total,Total,Expareja,Total,No había denuncia
España,2026,5,1,Total,Total,Pareja,Total,Había denuncia
España,2026,5,0,Total,Total,Pareja,Total,No consta denuncia
España,2026,5,2,Total,Total,Pareja,Total,No había denuncia
España,2003,4,0,Total,Total,Expareja,No,Total
España,2003,4,0,Total,Total,Expareja,No contesta,Total
España,2003,4,0,Total,Total,Expareja,Sí,Total
España,2003,4,0,Total,Total,Pareja,No,Total
España,2003,4,0,Total,Total,Pareja,No contesta,Total
España,2003,4,5,Total,Total,Pareja,Sí,Total
España,2003,8,2,Total,Total,Expareja,No,Total
España,2003,8,0,Total,Total,Expareja,No contesta,Total
España,2003,8,0,Total,Total,Expareja,Sí,Total
España,2003,8,0,Total,Total,Pareja,No,Total
España,2003,8,0,Total,Total,Pareja,No contesta,Total
España,2003,8,6,Total,Total,Pareja,Sí,Total
España,2003,12,1,Total,Total,Expareja,No,Total
España,2003,12,0,Total,Total,Expareja,No contesta,Total
España,2003,12,0,Total,Total,Expareja,Sí,Total
España,2003,12,0,Total,Total,Pareja,No,Total
España,2003,12,0,Total,Total,Pareja,No contesta,Total
España,2003,12,2,Total,Total,Pareja,Sí,Total
España,2003,1,1,Total,Total,Expareja,No,Total
España,2003,1,0,Total,Total,Expareja,No contesta,Total
España,2003,1,0,Total,Total,Expareja,Sí,Total
España,2003,1,0,Total,Total,Pareja,No,Total
España,2003,1,0,Total,Total,Pareja,No contesta,Total
España,2003,1,7,Total,Total,Pareja,Sí,Total
España,2003,2,1,Total,Total,Expareja,No,Total
España,2003,2,0,Total,Total,Expareja,No contesta,Total
España,2003,2,0,Total,Total,Expareja,Sí,Total
España,2003,2,0,Total,Total,Pareja,No,Total
España,2003,2,0,Total,Total,Pareja,No contesta,Total
España,2003,2,3,Total,Total,Pareja,Sí,Total
España,2003,7,1,Total,Total,Expareja,No,Total
España,2003,7,0,Total,Total,Expareja,No contesta,Total
España,2003,7,0,Total,Total,Expareja,Sí,Total
España,2003,7,0,Total,Total,Pareja,No,Total
España,2003,7,0,Total,Total,Pareja,No contesta,Total
España,2003,7,7,Total,Total,Pareja,Sí,Total
España,2003,6,2,Total,Total,Expareja,No,Total
España,2003,6,0,Total,Total,Expareja,No contesta,Total
España,2003,6,0,Total,Total,Expareja,Sí,Total
España,2003,6,0,Total,Total,Pareja,No,Total
España,2003,6,0,Total,Total,Pareja,No contesta,Total
España,2003,6,5,Total,Total,Pareja,Sí,Total
España,2003,3,2,Total,Total,Expareja,No,Total
España,2003,3,0,Total,Total,Expareja,No contesta,Total
España,2003,3,0,Total,Total,Expareja,Sí,Total
España,2003,3,0,Total,Total,Pareja,No,Total
España,2003,3,0,Total,Total,Pareja,No contesta,Total
España,2003,3,4,Total,Total,Pareja,Sí,Total
España,2003,5,1,Total,Total,Expareja,No,Total
España,2003,5,0,Total,Total,Expareja,No contesta,Total
España,2003,5,0,Total,Total,Expareja,Sí,Total
España,2003,5,0,Total,Total,Pareja,No,Total
España,2003,5,0,Total,Total,Pareja,No contesta,Total
España,2003,5,6,Total,Total,Pareja,Sí,Total
España,2003,11,3,Total,Total,Expareja,No,Total
España,2003,11,0,Total,Total,Expareja,No contesta,Total
España,2003,11,0,Total,Total,Expareja,Sí,Total
España,2003,11,0,Total,Total,Pareja,No,Total
España,2003,11,0,Total,Total,Pareja,No contesta,Total
España,2003,11,6,Total,Total,Pareja,Sí,Total
España,2003,10,0,Total,Total,Expareja,No,Total
España,2003,10,0,Total,Total,Expareja,No contesta,Total
España,2003,10,0,Total,Total,Expareja,Sí,Total
España,2003,10,0,Total,Total,Pareja,No,Total
España,2003,10,0,Total,Total,Pareja,No contesta,Total
España,2003,10,2,Total,Total,Pareja,Sí,Total
España,2003,9,2,Total,Total,Expareja,No,Total
España,2003,9,0,Total,Total,Expareja,No contesta,Total
España,2003,9,0,Total,Total,Expareja,Sí,Total
España,2003,9,0,Total,Total,Pareja,No,Total
España,2003,9,0,Total,Total,Pareja,No contesta,Total
España,2003,9,2,Total,Total,Pareja,Sí,Total
España,2004,4,1,Total,Total,Expareja,No,Total
España,2004,4,0,Total,Total,Expareja,No contesta,Total
España,2004,4,0,Total,Total,Expareja,Sí,Total
España,2004,4,0,Total,Total,Pareja,No,Total
España,2004,4,0,Total,Total,Pareja,No contesta,Total
España,2004,4,5,Total,Total,Pareja,Sí,Total
España,2004,8,2,Total,Total,Expareja,No,Total
España,2004,8,0,Total,Total,Expareja,No contesta,Total
España,2004,8,0,Total,Total,Expareja,Sí,Total
España,2004,8,1,Total,Total,Pareja,No,Total
España,2004,8,0,Total,Total,Pareja,No contesta,Total
España,2004,8,3,Total,Total,Pareja,Sí,Total
España,2004,12,0,Total,Total,Expareja,No,Total
España,2004,12,0,Total,Total,Expareja,No contesta,Total
España,2004,12,0,Total,Total,Expareja,Sí,Total
España,2004,12,2,Total,Total,Pareja,No,Total
España,2004,12,0,Total,Total,Pareja,No contesta,Total
España,2004,12,6,Total,Total,Pareja,Sí,Total
España,2004,1,1,Total,Total,Expareja,No,Total
España,2004,1,0,Total,Total,Expareja,No contesta,Total
España,2004,1,0,Total,Total,Expareja,Sí,Total
España,2004,1,0,Total,Total,Pareja,No,Total
España,2004,1,0,Total,Total,Pareja,No contesta,Total
España,2004,1,1,Total,Total,Pareja,Sí,Total
España,2004,2,0,Total,Total,Expareja,No,Total
España,2004,2,0,Total,Total,Expareja,No contesta,Total
España,2004,2,0,Total,Total,Expareja,Sí,Total
España,2004,2,0,Total,Total,Pareja,No,Total
España,2004,2,0,Total,Total,Pareja,No contesta,Total
España,2004,2,5,Total,Total,Pareja,Sí,Total
España,2004,7,2,Total,Total,Expareja,No,Total
España,2004,7,0,Total,Total,Expareja,No contesta,Total
España,2004,7,0,Total,Total,Expareja,Sí,Total
España,2004,7,1,Total,Total,Pareja,No,Total
España,2004,7,0,Total,Total,Pareja,No contesta,Total
España,2004,7,4,Total,Total,Pareja,Sí,Total
España,2004,6,2,Total,Total,Expareja,No,Total
España,2004,6,0,Total,Total,Expareja,No contesta,Total
España,2004,6,0,Total,Total,Expareja,Sí,Total
España,2004,6,0,Total,Total,Pareja,No,Total
España,2004,6,0,Total,Total,Pareja,No contesta,Total
España,2004,6,4,Total,Total,Pareja,Sí,Total
España,2004,3,1,Total,Total,Expareja,No,Total
España,2004,3,0,Total,Total,Expareja,No contesta,Total
España,2004,3,0,Total,Total,Expareja,Sí,Total
España,2004,3,0,Total,Total,Pareja,No,Total
España,2004,3,0,Total,Total,Pareja,No contesta,Total
España,2004,3,5,Total,Total,Pareja,Sí,Total
España,2004,5,1,Total,Total,Expareja,No,Total
España,2004,5,0,Total,Total,Expareja,No contesta,Total
España,2004,5,0,Total,Total,Expareja,Sí,Total
España,2004,5,2,Total,Total,Pareja,No,Total
España,2004,5,0,Total,Total,Pareja,No contesta,Total
España,2004,5,5,Total,Total,Pareja,Sí,Total
España,2004,11,2,Total,Total,Expareja,No,Total
España,2004,11,0,Total,Total,Expareja,No contesta,Total
España,2004,11,0,Total,Total,Expareja,Sí,Total
España,2004,11,0,Total,Total,Pareja,No,Total
España,2004,11,0,Total,Total,Pareja,No contesta,Total
España,2004,11,2,Total,Total,Pareja,Sí,Total
España,2004,10,1,Total,Total,Expareja,No,Total
España,2004,10,0,Total,Total,Expareja,No contesta,Total
España,2004,10,0,Total,Total,Expareja,Sí,Total
España,2004,10,2,Total,Total,Pareja,No,Total
España,2004,10,0,Total,Total,Pareja,No contesta,Total
España,2004,10,4,Total,Total,Pareja,Sí,Total
España,2004,9,3,Total,Total,Expareja,No,Total
España,2004,9,0,Total,Total,Expareja,No contesta,Total
España,2004,9,0,Total,Total,Expareja,Sí,Total
España,2004,9,0,Total,Total,Pareja,No,Total
España,2004,9,0,Total,Total,Pareja,No contesta,Total
España,2004,9,4,Total,Total,Pareja,Sí,Total
España,2005,4,0,Total,Total,Expareja,No,Total
España,2005,4,0,Total,Total,Expareja,No contesta,Total
España,2005,4,0,Total,Total,Expareja,Sí,Total
España,2005,4,0,Total,Total,Pareja,No,Total
España,2005,4,0,Total,Total,Pareja,No contesta,Total
España,2005,4,4,Total,Total,Pareja,Sí,Total
España,2005,8,0,Total,Total,Expareja,No,Total
España,2005,8,0,Total,Total,Expareja,No contesta,Total
España,2005,8,0,Total,Total,Expareja,Sí,Total
España,2005,8,2,Total,Total,Pareja,No,Total
España,2005,8,0,Total,Total,Pareja,No contesta,Total
España,2005,8,4,Total,Total,Pareja,Sí,Total
España,2005,12,0,Total,Total,Expareja,No,Total
España,2005,12,0,Total,Total,Expareja,No contesta,Total
España,2005,12,0,Total,Total,Expareja,Sí,Total
España,2005,12,0,Total,Total,Pareja,No,Total
España,2005,12,0,Total,Total,Pareja,No contesta,Total
España,2005,12,3,Total,Total,Pareja,Sí,Total
España,2005,1,3,Total,Total,Expareja,No,Total
España,2005,1,0,Total,Total,Expareja,No contesta,Total
España,2005,1,0,Total,Total,Expareja,Sí,Total
España,2005,1,1,Total,Total,Pareja,No,Total
España,2005,1,0,Total,Total,Pareja,No contesta,Total
España,2005,1,2,Total,Total,Pareja,Sí,Total
España,2005,2,3,Total,Total,Expareja,No,Total
España,2005,2,0,Total,Total,Expareja,No contesta,Total
España,2005,2,0,Total,Total,Expareja,Sí,Total
España,2005,2,0,Total,Total,Pareja,No,Total
España,2005,2,0,Total,Total,Pareja,No contesta,Total
España,2005,2,3,Total,Total,Pareja,Sí,Total
España,2005,7,1,Total,Total,Expareja,No,Total
España,2005,7,0,Total,Total,Expareja,No contesta,Total
España,2005,7,0,Total,Total,Expareja,Sí,Total
España,2005,7,0,Total,Total,Pareja,No,Total
España,2005,7,0,Total,Total,Pareja,No contesta,Total
España,2005,7,3,Total,Total,Pareja,Sí,Total
España,2005,6,0,Total,Total,Expareja,No,Total
España,2005,6,0,Total,Total,Expareja,No contesta,Total
España,2005,6,0,Total,Total,Expareja,Sí,Total
España,2005,6,0,Total,Total,Pareja,No,Total
España,2005,6,0,Total,Total,Pareja,No contesta,Total
España,2005,6,6,Total,Total,Pareja,Sí,Total
España,2005,3,0,Total,Total,Expareja,No,Total
España,2005,3,0,Total,Total,Expareja,No contesta,Total
España,2005,3,0,Total,Total,Expareja,Sí,Total
España,2005,3,0,Total,Total,Pareja,No,Total
España,2005,3,0,Total,Total,Pareja,No contesta,Total
España,2005,3,3,Total,Total,Pareja,Sí,Total
España,2005,5,2,Total,Total,Expareja,No,Total
España,2005,5,0,Total,Total,Expareja,No contesta,Total
España,2005,5,0,Total,Total,Expareja,Sí,Total
España,2005,5,1,Total,Total,Pareja,No,Total
España,2005,5,0,Total,Total,Pareja,No contesta,Total
España,2005,5,1,Total,Total,Pareja,Sí,Total
España,2005,11,1,Total,Total,Expareja,No,Total
España,2005,11,0,Total,Total,Expareja,No contesta,Total
España,2005,11,0,Total,Total,Expareja,Sí,Total
España,2005,11,0,Total,Total,Pareja,No,Total
España,2005,11,0,Total,Total,Pareja,No contesta,Total
España,2005,11,5,Total,Total,Pareja,Sí,Total
España,2005,10,4,Total,Total,Expareja,No,Total
España,2005,10,0,Total,Total,Expareja,No contesta,Total
España,2005,10,0,Total,Total,Expareja,Sí,Total
España,2005,10,0,Total,Total,Pareja,No,Total
España,2005,10,0,Total,Total,Pareja,No contesta,Total
España,2005,10,1,Total,Total,Pareja,Sí,Total
España,2005,9,1,Total,Total,Expareja,No,Total
España,2005,9,0,Total,Total,Expareja,No contesta,Total
España,2005,9,0,Total,Total,Expareja,Sí,Total
España,2005,9,2,Total,Total,Pareja,No,Total
España,2005,9,0,Total,Total,Pareja,No contesta,Total
España,2005,9,1,Total,Total,Pareja,Sí,Total
España,2006,4,1,Total,Total,Expareja,No,Total
España,2006,4,0,Total,Total,Expareja,No contesta,Total
España,2006,4,0,Total,Total,Expareja,Sí,Total
España,2006,4,1,Total,Total,Pareja,No,Total
España,2006,4,0,Total,Total,Pareja,No contesta,Total
España,2006,4,3,Total,Total,Pareja,Sí,Total
España,2006,8,2,Total,Total,Expareja,No,Total
España,2006,8,0,Total,Total,Expareja,No contesta,Total
España,2006,8,0,Total,Total,Expareja,Sí,Total
España,2006,8,0,Total,Total,Pareja,No,Total
España,2006,8,0,Total,Total,Pareja,No contesta,Total
España,2006,8,7,Total,Total,Pareja,Sí,Total
España,2006,12,1,Total,Total,Expareja,No,Total
España,2006,12,0,Total,Total,Expareja,No contesta,Total
España,2006,12,0,Total,Total,Expareja,Sí,Total
España,2006,12,1,Total,Total,Pareja,No,Total
España,2006,12,0,Total,Total,Pareja,No contesta,Total
España,2006,12,4,Total,Total,Pareja,Sí,Total
España,2006,1,5,Total,Total,Expareja,No,Total
España,2006,1,0,Total,Total,Expareja,No contesta,Total
España,2006,1,0,Total,Total,Expareja,Sí,Total
España,2006,1,0,Total,Total,Pareja,No,Total
España,2006,1,0,Total,Total,Pareja,No contesta,Total
España,2006,1,4,Total,Total,Pareja,Sí,Total
España,2006,2,1,Total,Total,Expareja,No,Total
España,2006,2,0,Total,Total,Expareja,No contesta,Total
España,2006,2,0,Total,Total,Expareja,Sí,Total
España,2006,2,0,Total,Total,Pareja,No,Total
España,2006,2,0,Total,Total,Pareja,No contesta,Total
España,2006,2,3,Total,Total,Pareja,Sí,Total
España,2006,7,2,Total,Total,Expareja,No,Total
España,2006,7,0,Total,Total,Expareja,No contesta,Total
España,2006,7,0,Total,Total,Expareja,Sí,Total
España,2006,7,1,Total,Total,Pareja,No,Total
España,2006,7,0,Total,Total,Pareja,No contesta,Total
España,2006,7,5,Total,Total,Pareja,Sí,Total
España,2006,6,1,Total,Total,Expareja,No,Total
España,2006,6,0,Total,Total,Expareja,No contesta,Total
España,2006,6,0,Total,Total,Expareja,Sí,Total
España,2006,6,0,Total,Total,Pareja,No,Total
España,2006,6,0,Total,Total,Pareja,No contesta,Total
España,2006,6,1,Total,Total,Pareja,Sí,Total
España,2006,3,2,Total,Total,Expareja,No,Total
España,2006,3,0,Total,Total,Expareja,No contesta,Total
España,2006,3,0,Total,Total,Expareja,Sí,Total
España,2006,3,0,Total,Total,Pareja,No,Total
España,2006,3,0,Total,Total,Pareja,No contesta,Total
España,2006,3,7,Total,Total,Pareja,Sí,Total
España,2006,5,2,Total,Total,Expareja,No,Total
España,2006,5,0,Total,Total,Expareja,No contesta,Total
España,2006,5,0,Total,Total,Expareja,Sí,Total
España,2006,5,0,Total,Total,Pareja,No,Total
España,2006,5,0,Total,Total,Pareja,No contesta,Total
España,2006,5,3,Total,Total,Pareja,Sí,Total
España,2006,11,1,Total,Total,Expareja,No,Total
España,2006,11,0,Total,Total,Expareja,No contesta,Total
España,2006,11,0,Total,Total,Expareja,Sí,Total
España,2006,11,0,Total,Total,Pareja,No,Total
España,2006,11,0,Total,Total,Pareja,No contesta,Total
España,2006,11,1,Total,Total,Pareja,Sí,Total
España,2006,10,0,Total,Total,Expareja,No,Total
España,2006,10,0,Total,Total,Expareja,No contesta,Total
España,2006,10,0,Total,Total,Expareja,Sí,Total
España,2006,10,2,Total,Total,Pareja,No,Total
España,2006,10,0,Total,Total,Pareja,No contesta,Total
España,2006,10,4,Total,Total,Pareja,Sí,Total
España,2006,9,0,Total,Total,Expareja,No,Total
España,2006,9,0,Total,Total,Expareja,No contesta,Total
España,2006,9,0,Total,Total,Expareja,Sí,Total
España,2006,9,1,Total,Total,Pareja,No,Total
España,2006,9,0,Total,Total,Pareja,No contesta,Total
España,2006,9,3,Total,Total,Pareja,Sí,Total
España,2007,4,1,Total,Total,Expareja,No,Total
España,2007,4,0,Total,Total,Expareja,No contesta,Total
España,2007,4,0,Total,Total,Expareja,Sí,Total
España,2007,4,1,Total,Total,Pareja,No,Total
España,2007,4,0,Total,Total,Pareja,No contesta,Total
España,2007,4,2,Total,Total,Pareja,Sí,Total
España,2007,8,1,Total,Total,Expareja,No,Total
España,2007,8,0,Total,Total,Expareja,No contesta,Total
España,2007,8,0,Total,Total,Expareja,Sí,Total
España,2007,8,0,Total,Total,Pareja,No,Total
España,2007,8,0,Total,Total,Pareja,No contesta,Total
España,2007,8,6,Total,Total,Pareja,Sí,Total
España,2007,12,1,Total,Total,Expareja,No,Total
España,2007,12,0,Total,Total,Expareja,No contesta,Total
España,2007,12,0,Total,Total,Expareja,Sí,Total
España,2007,12,0,Total,Total,Pareja,No,Total
España,2007,12,0,Total,Total,Pareja,No contesta,Total
España,2007,12,0,Total,Total,Pareja,Sí,Total
España,2007,1,3,Total,Total,Expareja,No,Total
España,2007,1,0,Total,Total,Expareja,No contesta,Total
España,2007,1,0,Total,Total,Expareja,Sí,Total
España,2007,1,0,Total,Total,Pareja,No,Total
España,2007,1,0,Total,Total,Pareja,No contesta,Total
España,2007,1,2,Total,Total,Pareja,Sí,Total
España,2007,2,1,Total,Total,Expareja,No,Total
España,2007,2,0,Total,Total,Expareja,No contesta,Total
España,2007,2,0,Total,Total,Expareja,Sí,Total
España,2007,2,2,Total,Total,Pareja,No,Total
España,2007,2,0,Total,Total,Pareja,No contesta,Total
España,2007,2,6,Total,Total,Pareja,Sí,Total
España,2007,7,0,Total,Total,Expareja,No,Total
España,2007,7,0,Total,Total,Expareja,No contesta,Total
España,2007,7,0,Total,Total,Expareja,Sí,Total
España,2007,7,0,Total,Total,Pareja,No,Total
España,2007,7,0,Total,Total,Pareja,No contesta,Total
España,2007,7,8,Total,Total,Pareja,Sí,Total
España,2007,6,3,Total,Total,Expareja,No,Total
España,2007,6,0,Total,Total,Expareja,No contesta,Total
España,2007,6,0,Total,Total,Expareja,Sí,Total
España,2007,6,1,Total,Total,Pareja,No,Total
España,2007,6,0,Total,Total,Pareja,No contesta,Total
España,2007,6,6,Total,Total,Pareja,Sí,Total
España,2007,3,1,Total,Total,Expareja,No,Total
España,2007,3,0,Total,Total,Expareja,No contesta,Total
España,2007,3,0,Total,Total,Expareja,Sí,Total
España,2007,3,1,Total,Total,Pareja,No,Total
España,2007,3,0,Total,Total,Pareja,No contesta,Total
España,2007,3,2,Total,Total,Pareja,Sí,Total
España,2007,5,1,Total,Total,Expareja,No,Total
España,2007,5,0,Total,Total,Expareja,No contesta,Total
España,2007,5,0,Total,Total,Expareja,Sí,Total
España,2007,5,0,Total,Total,Pareja,No,Total
España,2007,5,0,Total,Total,Pareja,No contesta,Total
España,2007,5,6,Total,Total,Pareja,Sí,Total
España,2007,11,2,Total,Total,Expareja,No,Total
España,2007,11,0,Total,Total,Expareja,No contesta,Total
España,2007,11,0,Total,Total,Expareja,Sí,Total
España,2007,11,1,Total,Total,Pareja,No,Total
España,2007,11,0,Total,Total,Pareja,No contesta,Total
España,2007,11,4,Total,Total,Pareja,Sí,Total
España,2007,10,2,Total,Total,Expareja,No,Total
España,2007,10,0,Total,Total,Expareja,No contesta,Total
España,2007,10,0,Total,Total,Expareja,Sí,Total
España,2007,10,1,Total,Total,Pareja,No,Total
España,2007,10,0,Total,Total,Pareja,No contesta,Total
España,2007,10,2,Total,Total,Pareja,Sí,Total
España,2007,9,0,Total,Total,Expareja,No,Total
España,2007,9,0,Total,Total,Expareja,No contesta,Total
España,2007,9,0,Total,Total,Expareja,Sí,Total
España,2007,9,1,Total,Total,Pareja,No,Total
España,2007,9,0,Total,Total,Pareja,No contesta,Total
España,2007,9,3,Total,Total,Pareja,Sí,Total
España,2008,4,3,Total,Total,Expareja,No,Total
España,2008,4,0,Total,Total,Expareja,No contesta,Total
España,2008,4,0,Total,Total,Expareja,Sí,Total
España,2008,4,1,Total,Total,Pareja,No,Total
España,2008,4,0,Total,Total,Pareja,No contesta,Total
España,2008,4,1,Total,Total,Pareja,Sí,Total
España,2008,8,2,Total,Total,Expareja,No,Total
España,2008,8,0,Total,Total,Expareja,No contesta,Total
España,2008,8,0,Total,Total,Expareja,Sí,Total
España,2008,8,1,Total,Total,Pareja,No,Total
España,2008,8,0,Total,Total,Pareja,No contesta,Total
España,2008,8,5,Total,Total,Pareja,Sí,Total
España,2008,12,0,Total,Total,Expareja,No,Total
España,2008,12,0,Total,Total,Expareja,No contesta,Total
España,2008,12,0,Total,Total,Expareja,Sí,Total
España,2008,12,3,Total,Total,Pareja,No,Total
España,2008,12,0,Total,Total,Pareja,No contesta,Total
España,2008,12,8,Total,Total,Pareja,Sí,Total
España,2008,1,0,Total,Total,Expareja,No,Total
España,2008,1,0,Total,Total,Expareja,No contesta,Total
España,2008,1,0,Total,Total,Expareja,Sí,Total
España,2008,1,1,Total,Total,Pareja,No,Total
España,2008,1,0,Total,Total,Pareja,No contesta,Total
España,2008,1,6,Total,Total,Pareja,Sí,Total
España,2008,2,2,Total,Total,Expareja,No,Total
España,2008,2,0,Total,Total,Expareja,No contesta,Total
España,2008,2,0,Total,Total,Expareja,Sí,Total
España,2008,2,1,Total,Total,Pareja,No,Total
España,2008,2,0,Total,Total,Pareja,No contesta,Total
España,2008,2,5,Total,Total,Pareja,Sí,Total
España,2008,7,3,Total,Total,Expareja,No,Total
España,2008,7,0,Total,Total,Expareja,No contesta,Total
España,2008,7,0,Total,Total,Expareja,Sí,Total
España,2008,7,1,Total,Total,Pareja,No,Total
España,2008,7,0,Total,Total,Pareja,No contesta,Total
España,2008,7,1,Total,Total,Pareja,Sí,Total
España,2008,6,1,Total,Total,Expareja,No,Total
España,2008,6,0,Total,Total,Expareja,No contesta,Total
España,2008,6,0,Total,Total,Expareja,Sí,Total
España,2008,6,0,Total,Total,Pareja,No,Total
España,2008,6,0,Total,Total,Pareja,No contesta,Total
España,2008,6,4,Total,Total,Pareja,Sí,Total
España,2008,3,1,Total,Total,Expareja,No,Total
España,2008,3,0,Total,Total,Expareja,No contesta,Total
España,2008,3,0,Total,Total,Expareja,Sí,Total
España,2008,3,1,Total,Total,Pareja,No,Total
España,2008,3,0,Total,Total,Pareja,No contesta,Total
España,2008,3,2,Total,Total,Pareja,Sí,Total
España,2008,5,2,Total,Total,Expareja,No,Total
España,2008,5,0,Total,Total,Expareja,No contesta,Total
España,2008,5,0,Total,Total,Expareja,Sí,Total
España,2008,5,0,Total,Total,Pareja,No,Total
España,2008,5,0,Total,Total,Pareja,No contesta,Total
España,2008,5,1,Total,Total,Pareja,Sí,Total
España,2008,11,3,Total,Total,Expareja,No,Total
España,2008,11,0,Total,Total,Expareja,No contesta,Total
España,2008,11,0,Total,Total,Expareja,Sí,Total
España,2008,11,0,Total,Total,Pareja,No,Total
España,2008,11,0,Total,Total,Pareja,No contesta,Total
España,2008,11,3,Total,Total,Pareja,Sí,Total
España,2008,10,1,Total,Total,Expareja,No,Total
España,2008,10,0,Total,Total,Expareja,No contesta,Total
España,2008,10,0,Total,Total,Expareja,Sí,Total
España,2008,10,4,Total,Total,Pareja,No,Total
España,2008,10,0,Total,Total,Pareja,No contesta,Total
España,2008,10,2,Total,Total,Pareja,Sí,Total
España,2008,9,4,Total,Total,Expareja,No,Total
España,2008,9,0,Total,Total,Expareja,No contesta,Total
España,2008,9,0,Total,Total,Expareja,Sí,Total
España,2008,9,1,Total,Total,Pareja,No,Total
España,2008,9,0,Total,Total,Pareja,No contesta,Total
España,2008,9,2,Total,Total,Pareja,Sí,Total
España,2009,4,0,Total,Total,Expareja,No,Total
España,2009,4,0,Total,Total,Expareja,No contesta,Total
España,2009,4,0,Total,Total,Expareja,Sí,Total
España,2009,4,0,Total,Total,Pareja,No,Total
España,2009,4,0,Total,Total,Pareja,No contesta,Total
España,2009,4,2,Total,Total,Pareja,Sí,Total
España,2009,8,1,Total,Total,Expareja,No,Total
España,2009,8,0,Total,Total,Expareja,No contesta,Total
España,2009,8,0,Total,Total,Expareja,Sí,Total
España,2009,8,0,Total,Total,Pareja,No,Total
España,2009,8,0,Total,Total,Pareja,No contesta,Total
España,2009,8,5,Total,Total,Pareja,Sí,Total
España,2009,12,1,Total,Total,Expareja,No,Total
España,2009,12,0,Total,Total,Expareja,No contesta,Total
España,2009,12,0,Total,Total,Expareja,Sí,Total
España,2009,12,0,Total,Total,Pareja,No,Total
España,2009,12,0,Total,Total,Pareja,No contesta,Total
España,2009,12,4,Total,Total,Pareja,Sí,Total
España,2009,2,1,Total,Total,Expareja,No,Total
España,2009,2,0,Total,Total,Expareja,No contesta,Total
España,2009,2,0,Total,Total,Expareja,Sí,Total
España,2009,2,3,Total,Total,Pareja,No,Total
España,2009,2,0,Total,Total,Pareja,No contesta,Total
España,2009,2,1,Total,Total,Pareja,Sí,Total
España,2009,7,1,Total,Total,Expareja,No,Total
España,2009,7,0,Total,Total,Expareja,No contesta,Total
España,2009,7,0,Total,Total,Expareja,Sí,Total
España,2009,7,1,Total,Total,Pareja,No,Total
España,2009,7,0,Total,Total,Pareja,No contesta,Total
España,2009,7,4,Total,Total,Pareja,Sí,Total
España,2009,6,1,Total,Total,Expareja,No,Total
España,2009,6,0,Total,Total,Expareja,No contesta,Total
España,2009,6,0,Total,Total,Expareja,Sí,Total
España,2009,6,2,Total,Total,Pareja,No,Total
España,2009,6,0,Total,Total,Pareja,No contesta,Total
España,2009,6,3,Total,Total,Pareja,Sí,Total
España,2009,3,2,Total,Total,Expareja,No,Total
España,2009,3,0,Total,Total,Expareja,No contesta,Total
España,2009,3,0,Total,Total,Expareja,Sí,Total
España,2009,3,0,Total,Total,Pareja,No,Total
España,2009,3,1,Total,Total,Pareja,No contesta,Total
España,2009,3,3,Total,Total,Pareja,Sí,Total
España,2009,5,4,Total,Total,Expareja,No,Total
España,2009,5,0,Total,Total,Expareja,No contesta,Total
España,2009,5,0,Total,Total,Expareja,Sí,Total
España,2009,5,1,Total,Total,Pareja,No,Total
España,2009,5,0,Total,Total,Pareja,No contesta,Total
España,2009,5,4,Total,Total,Pareja,Sí,Total
España,2009,11,1,Total,Total,Expareja,No,Total
España,2009,11,0,Total,Total,Expareja,No contesta,Total
España,2009,11,0,Total,Total,Expareja,Sí,Total
España,2009,11,0,Total,Total,Pareja,No,Total
España,2009,11,0,Total,Total,Pareja,No contesta,Total
España,2009,11,0,Total,Total,Pareja,Sí,Total
España,2009,10,1,Total,Total,Expareja,No,Total
España,2009,10,0,Total,Total,Expareja,No contesta,Total
España,2009,10,0,Total,Total,Expareja,Sí,Total
España,2009,10,0,Total,Total,Pareja,No,Total
España,2009,10,0,Total,Total,Pareja,No contesta,Total
España,2009,10,5,Total,Total,Pareja,Sí,Total
España,2009,9,1,Total,Total,Expareja,No,Total
España,2009,9,0,Total,Total,Expareja,No contesta,Total
España,2009,9,0,Total,Total,Expareja,Sí,Total
España,2009,9,1,Total,Total,Pareja,No,Total
España,2009,9,0,Total,Total,Pareja,No contesta,Total
España,2009,9,4,Total,Total,Pareja,Sí,Total
España,2010,4,2,Total,Total,Expareja,No,Total
España,2010,4,0,Total,Total,Expareja,No contesta,Total
España,2010,4,0,Total,Total,Expareja,Sí,Total
España,2010,4,0,Total,Total,Pareja,No,Total
España,2010,4,0,Total,Total,Pareja,No contesta,Total
España,2010,4,6,Total,Total,Pareja,Sí,Total
España,2010,8,0,Total,Total,Expareja,No,Total
España,2010,8,0,Total,Total,Expareja,No contesta,Total
España,2010,8,0,Total,Total,Expareja,Sí,Total
España,2010,8,0,Total,Total,Pareja,No,Total
España,2010,8,0,Total,Total,Pareja,No contesta,Total
España,2010,8,2,Total,Total,Pareja,Sí,Total
España,2010,12,2,Total,Total,Expareja,No,Total
España,2010,12,0,Total,Total,Expareja,No contesta,Total
España,2010,12,0,Total,Total,Expareja,Sí,Total
España,2010,12,0,Total,Total,Pareja,No,Total
España,2010,12,0,Total,Total,Pareja,No contesta,Total
España,2010,12,5,Total,Total,Pareja,Sí,Total
España,2010,1,1,Total,Total,Expareja,No,Total
España,2010,1,0,Total,Total,Expareja,No contesta,Total
España,2010,1,0,Total,Total,Expareja,Sí,Total
España,2010,1,0,Total,Total,Pareja,No,Total
España,2010,1,0,Total,Total,Pareja,No contesta,Total
España,2010,1,2,Total,Total,Pareja,Sí,Total
España,2010,2,0,Total,Total,Expareja,No,Total
España,2010,2,0,Total,Total,Expareja,No contesta,Total
España,2010,2,0,Total,Total,Expareja,Sí,Total
España,2010,2,0,Total,Total,Pareja,No,Total
España,2010,2,0,Total,Total,Pareja,No contesta,Total
España,2010,2,4,Total,Total,Pareja,Sí,Total
España,2010,7,1,Total,Total,Expareja,No,Total
España,2010,7,0,Total,Total,Expareja,No contesta,Total
España,2010,7,0,Total,Total,Expareja,Sí,Total
España,2010,7,3,Total,Total,Pareja,No,Total
España,2010,7,0,Total,Total,Pareja,No contesta,Total
España,2010,7,7,Total,Total,Pareja,Sí,Total
España,2010,6,1,Total,Total,Expareja,No,Total
España,2010,6,0,Total,Total,Expareja,No contesta,Total
España,2010,6,0,Total,Total,Expareja,Sí,Total
España,2010,6,1,Total,Total,Pareja,No,Total
España,2010,6,0,Total,Total,Pareja,No contesta,Total
España,2010,6,3,Total,Total,Pareja,Sí,Total
España,2010,3,3,Total,Total,Expareja,No,Total
España,2010,3,0,Total,Total,Expareja,No contesta,Total
España,2010,3,0,Total,Total,Expareja,Sí,Total
España,2010,3,1,Total,Total,Pareja,No,Total
España,2010,3,0,Total,Total,Pareja,No contesta,Total
España,2010,3,3,Total,Total,Pareja,Sí,Total
España,2010,5,1,Total,Total,Expareja,No,Total
España,2010,5,0,Total,Total,Expareja,No contesta,Total
España,2010,5,0,Total,Total,Expareja,Sí,Total
España,2010,5,0,Total,Total,Pareja,No,Total
España,2010,5,0,Total,Total,Pareja,No contesta,Total
España,2010,5,5,Total,Total,Pareja,Sí,Total
España,2010,11,1,Total,Total,Expareja,No,Total
España,2010,11,0,Total,Total,Expareja,No contesta,Total
España,2010,11,0,Total,Total,Expareja,Sí,Total
España,2010,11,2,Total,Total,Pareja,No,Total
España,2010,11,0,Total,Total,Pareja,No contesta,Total
España,2010,11,4,Total,Total,Pareja,Sí,Total
España,2010,10,0,Total,Total,Expareja,No,Total
España,2010,10,0,Total,Total,Expareja,No contesta,Total
España,2010,10,0,Total,Total,Expareja,Sí,Total
España,2010,10,1,Total,Total,Pareja,No,Total
España,2010,10,0,Total,Total,Pareja,No contesta,Total
España,2010,10,5,Total,Total,Pareja,Sí,Total
España,2010,9,5,Total,Total,Expareja,No,Total
España,2010,9,0,Total,Total,Expareja,No contesta,Total
España,2010,9,0,Total,Total,Expareja,Sí,Total
España,2010,9,1,Total,Total,Pareja,No,Total
España,2010,9,0,Total,Total,Pareja,No contesta,Total
España,2010,9,2,Total,Total,Pareja,Sí,Total
España,2011,4,1,Total,Total,Expareja,No,Total
España,2011,4,0,Total,Total,Expareja,No contesta,Total
España,2011,4,0,Total,Total,Expareja,Sí,Total
España,2011,4,0,Total,Total,Pareja,No,Total
España,2011,4,0,Total,Total,Pareja,No contesta,Total
España,2011,4,2,Total,Total,Pareja,Sí,Total
España,2011,8,0,Total,Total,Expareja,No,Total
España,2011,8,0,Total,Total,Expareja,No contesta,Total
España,2011,8,0,Total,Total,Expareja,Sí,Total
España,2011,8,2,Total,Total,Pareja,No,Total
España,2011,8,0,Total,Total,Pareja,No contesta,Total
España,2011,8,2,Total,Total,Pareja,Sí,Total
España,2011,12,3,Total,Total,Expareja,No,Total
España,2011,12,0,Total,Total,Expareja,No contesta,Total
España,2011,12,0,Total,Total,Expareja,Sí,Total
España,2011,12,0,Total,Total,Pareja,No,Total
España,2011,12,0,Total,Total,Pareja,No contesta,Total
España,2011,12,3,Total,Total,Pareja,Sí,Total
España,2011,1,0,Total,Total,Expareja,No,Total
España,2011,1,0,Total,Total,Expareja,No contesta,Total
España,2011,1,0,Total,Total,Expareja,Sí,Total
España,2011,1,1,Total,Total,Pareja,No,Total
España,2011,1,0,Total,Total,Pareja,No contesta,Total
España,2011,1,7,Total,Total,Pareja,Sí,Total
España,2011,2,2,Total,Total,Expareja,No,Total
España,2011,2,0,Total,Total,Expareja,No contesta,Total
España,2011,2,0,Total,Total,Expareja,Sí,Total
España,2011,2,1,Total,Total,Pareja,No,Total
España,2011,2,0,Total,Total,Pareja,No contesta,Total
España,2011,2,3,Total,Total,Pareja,Sí,Total
España,2011,7,1,Total,Total,Expareja,No,Total
España,2011,7,0,Total,Total,Expareja,No contesta,Total
España,2011,7,0,Total,Total,Expareja,Sí,Total
España,2011,7,1,Total,Total,Pareja,No,Total
España,2011,7,0,Total,Total,Pareja,No contesta,Total
España,2011,7,5,Total,Total,Pareja,Sí,Total
España,2011,6,0,Total,Total,Expareja,No,Total
España,2011,6,0,Total,Total,Expareja,No contesta,Total
España,2011,6,0,Total,Total,Expareja,Sí,Total
España,2011,6,0,Total,Total,Pareja,No,Total
España,2011,6,0,Total,Total,Pareja,No contesta,Total
España,2011,6,2,Total,Total,Pareja,Sí,Total
España,2011,3,1,Total,Total,Expareja,No,Total
España,2011,3,0,Total,Total,Expareja,No contesta,Total
España,2011,3,0,Total,Total,Expareja,Sí,Total
España,2011,3,1,Total,Total,Pareja,No,Total
España,2011,3,0,Total,Total,Pareja,No contesta,Total
España,2011,3,1,Total,Total,Pareja,Sí,Total
España,2011,5,3,Total,Total,Expareja,No,Total
España,2011,5,0,Total,Total,Expareja,No contesta,Total
España,2011,5,1,Total,Total,Expareja,Sí,Total
España,2011,5,1,Total,Total,Pareja,No,Total
España,2011,5,0,Total,Total,Pareja,No contesta,Total
España,2011,5,3,Total,Total,Pareja,Sí,Total
España,2011,11,0,Total,Total,Expareja,No,Total
España,2011,11,0,Total,Total,Expareja,No contesta,Total
España,2011,11,0,Total,Total,Expareja,Sí,Total
España,2011,11,1,Total,Total,Pareja,No,Total
España,2011,11,0,Total,Total,Pareja,No contesta,Total
España,2011,11,2,Total,Total,Pareja,Sí,Total
España,2011,10,0,Total,Total,Expareja,No,Total
España,2011,10,0,Total,Total,Expareja,No contesta,Total
España,2011,10,0,Total,Total,Expareja,Sí,Total
España,2011,10,1,Total,Total,Pareja,No,Total
España,2011,10,0,Total,Total,Pareja,No contesta,Total
España,2011,10,5,Total,Total,Pareja,Sí,Total
España,2011,9,1,Total,Total,Expareja,No,Total
España,2011,9,0,Total,Total,Expareja,No contesta,Total
España,2011,9,0,Total,Total,Expareja,Sí,Total
España,2011,9,1,Total,Total,Pareja,No,Total
España,2011,9,0,Total,Total,Pareja,No contesta,Total
España,2011,9,4,Total,Total,Pareja,Sí,Total
España,2012,4,0,Total,Total,Expareja,No,Total
España,2012,4,0,Total,Total,Expareja,No contesta,Total
España,2012,4,0,Total,Total,Expareja,Sí,Total
España,2012,4,1,Total,Total,Pareja,No,Total
España,2012,4,0,Total,Total,Pareja,No contesta,Total
España,2012,4,3,Total,Total,Pareja,Sí,Total
España,2012,8,0,Total,Total,Expareja,No,Total
España,2012,8,0,Total,Total,Expareja,No contesta,Total
España,2012,8,0,Total,Total,Expareja,Sí,Total
España,2012,8,1,Total,Total,Pareja,No,Total
España,2012,8,0,Total,Total,Pareja,No contesta,Total
España,2012,8,1,Total,Total,Pareja,Sí,Total
España,2012,12,2,Total,Total,Expareja,No,Total
España,2012,12,0,Total,Total,Expareja,No contesta,Total
España,2012,12,0,Total,Total,Expareja,Sí,Total
España,2012,12,0,Total,Total,Pareja,No,Total
España,2012,12,0,Total,Total,Pareja,No contesta,Total
España,2012,12,1,Total,Total,Pareja,Sí,Total
España,2012,1,1,Total,Total,Expareja,No,Total
España,2012,1,0,Total,Total,Expareja,No contesta,Total
España,2012,1,0,Total,Total,Expareja,Sí,Total
España,2012,1,0,Total,Total,Pareja,No,Total
España,2012,1,0,Total,Total,Pareja,No contesta,Total
España,2012,1,7,Total,Total,Pareja,Sí,Total
España,2012,2,0,Total,Total,Expareja,No,Total
España,2012,2,0,Total,Total,Expareja,No contesta,Total
España,2012,2,0,Total,Total,Expareja,Sí,Total
España,2012,2,2,Total,Total,Pareja,No,Total
España,2012,2,0,Total,Total,Pareja,No contesta,Total
España,2012,2,0,Total,Total,Pareja,Sí,Total
España,2012,7,1,Total,Total,Expareja,No,Total
España,2012,7,0,Total,Total,Expareja,No contesta,Total
España,2012,7,0,Total,Total,Expareja,Sí,Total
España,2012,7,0,Total,Total,Pareja,No,Total
España,2012,7,0,Total,Total,Pareja,No contesta,Total
España,2012,7,2,Total,Total,Pareja,Sí,Total
España,2012,6,1,Total,Total,Expareja,No,Total
España,2012,6,0,Total,Total,Expareja,No contesta,Total
España,2012,6,0,Total,Total,Expareja,Sí,Total
España,2012,6,0,Total,Total,Pareja,No,Total
España,2012,6,0,Total,Total,Pareja,No contesta,Total
España,2012,6,9,Total,Total,Pareja,Sí,Total
España,2012,3,0,Total,Total,Expareja,No,Total
España,2012,3,0,Total,Total,Expareja,No contesta,Total
España,2012,3,0,Total,Total,Expareja,Sí,Total
España,2012,3,0,Total,Total,Pareja,No,Total
España,2012,3,0,Total,Total,Pareja,No contesta,Total
España,2012,3,2,Total,Total,Pareja,Sí,Total
España,2012,5,0,Total,Total,Expareja,No,Total
España,2012,5,0,Total,Total,Expareja,No contesta,Total
España,2012,5,0,Total,Total,Expareja,Sí,Total
España,2012,5,0,Total,Total,Pareja,No,Total
España,2012,5,0,Total,Total,Pareja,No contesta,Total
España,2012,5,3,Total,Total,Pareja,Sí,Total
España,2012,11,0,Total,Total,Expareja,No,Total
España,2012,11,0,Total,Total,Expareja,No contesta,Total
España,2012,11,0,Total,Total,Expareja,Sí,Total
España,2012,11,0,Total,Total,Pareja,No,Total
España,2012,11,0,Total,Total,Pareja,No contesta,Total
España,2012,11,6,Total,Total,Pareja,Sí,Total
España,2012,10,3,Total,Total,Expareja,No,Total
España,2012,10,0,Total,Total,Expareja,No contesta,Total
España,2012,10,0,Total,Total,Expareja,Sí,Total
España,2012,10,0,Total,Total,Pareja,No,Total
España,2012,10,0,Total,Total,Pareja,No contesta,Total
España,2012,10,3,Total,Total,Pareja,Sí,Total
España,2012,9,0,Total,Total,Expareja,No,Total
España,2012,9,0,Total,Total,Expareja,No contesta,Total
España,2012,9,0,Total,Total,Expareja,Sí,Total
España,2012,9,2,Total,Total,Pareja,No,Total
España,2012,9,0,Total,Total,Pareja,No contesta,Total
España,2012,9,0,Total,Total,Pareja,Sí,Total
España,2013,4,0,Total,Total,Expareja,No,Total
España,2013,4,0,Total,Total,Expareja,No contesta,Total
España,2013,4,0,Total,Total,Expareja,Sí,Total
España,2013,4,0,Total,Total,Pareja,No,Total
España,2013,4,0,Total,Total,Pareja,No contesta,Total
España,2013,4,6,Total,Total,Pareja,Sí,Total
España,2013,8,0,Total,Total,Expareja,No,Total
España,2013,8,0,Total,Total,Expareja,No contesta,Total
España,2013,8,0,Total,Total,Expareja,Sí,Total
España,2013,8,1,Total,Total,Pareja,No,Total
España,2013,8,0,Total,Total,Pareja,No contesta,Total
España,2013,8,1,Total,Total,Pareja,Sí,Total
España,2013,12,1,Total,Total,Expareja,No,Total
España,2013,12,0,Total,Total,Expareja,No contesta,Total
España,2013,12,0,Total,Total,Expareja,Sí,Total
España,2013,12,0,Total,Total,Pareja,No,Total
España,2013,12,0,Total,Total,Pareja,No contesta,Total
España,2013,12,1,Total,Total,Pareja,Sí,Total
España,2013,1,2,Total,Total,Expareja,No,Total
España,2013,1,0,Total,Total,Expareja,No contesta,Total
España,2013,1,0,Total,Total,Expareja,Sí,Total
España,2013,1,0,Total,Total,Pareja,No,Total
España,2013,1,0,Total,Total,Pareja,No contesta,Total
España,2013,1,2,Total,Total,Pareja,Sí,Total
España,2013,2,3,Total,Total,Expareja,No,Total
España,2013,2,0,Total,Total,Expareja,No contesta,Total
España,2013,2,0,Total,Total,Expareja,Sí,Total
España,2013,2,0,Total,Total,Pareja,No,Total
España,2013,2,0,Total,Total,Pareja,No contesta,Total
España,2013,2,1,Total,Total,Pareja,Sí,Total
España,2013,7,1,Total,Total,Expareja,No,Total
España,2013,7,0,Total,Total,Expareja,No contesta,Total
España,2013,7,0,Total,Total,Expareja,Sí,Total
España,2013,7,1,Total,Total,Pareja,No,Total
España,2013,7,0,Total,Total,Pareja,No contesta,Total
España,2013,7,0,Total,Total,Pareja,Sí,Total
España,2013,6,1,Total,Total,Expareja,No,Total
España,2013,6,0,Total,Total,Expareja,No contesta,Total
España,2013,6,0,Total,Total,Expareja,Sí,Total
España,2013,6,0,Total,Total,Pareja,No,Total
España,2013,6,0,Total,Total,Pareja,No contesta,Total
España,2013,6,1,Total,Total,Pareja,Sí,Total
España,2013,3,1,Total,Total,Expareja,No,Total
España,2013,3,0,Total,Total,Expareja,No contesta,Total
España,2013,3,0,Total,Total,Expareja,Sí,Total
España,2013,3,0,Total,Total,Pareja,No,Total
España,2013,3,0,Total,Total,Pareja,No contesta,Total
España,2013,3,7,Total,Total,Pareja,Sí,Total
España,2013,5,2,Total,Total,Expareja,No,Total
España,2013,5,0,Total,Total,Expareja,No contesta,Total
España,2013,5,0,Total,Total,Expareja,Sí,Total
España,2013,5,2,Total,Total,Pareja,No,Total
España,2013,5,0,Total,Total,Pareja,No contesta,Total
España,2013,5,2,Total,Total,Pareja,Sí,Total
España,2013,11,4,Total,Total,Expareja,No,Total
España,2013,11,0,Total,Total,Expareja,No contesta,Total
España,2013,11,0,Total,Total,Expareja,Sí,Total
España,2013,11,0,Total,Total,Pareja,No,Total
España,2013,11,0,Total,Total,Pareja,No contesta,Total
España,2013,11,1,Total,Total,Pareja,Sí,Total
España,2013,10,2,Total,Total,Expareja,No,Total
España,2013,10,0,Total,Total,Expareja,No contesta,Total
España,2013,10,0,Total,Total,Expareja,Sí,Total
España,2013,10,0,Total,Total,Pareja,No,Total
España,2013,10,0,Total,Total,Pareja,No contesta,Total
España,2013,10,3,Total,Total,Pareja,Sí,Total
España,2013,9,2,Total,Total,Expareja,No,Total
España,2013,9,0,Total,Total,Expareja,No contesta,Total
España,2013,9,0,Total,Total,Expareja,Sí,Total
España,2013,9,1,Total,Total,Pareja,No,Total
España,2013,9,0,Total,Total,Pareja,No contesta,Total
España,2013,9,5,Total,Total,Pareja,Sí,Total
España,2014,4,1,Total,Total,Expareja,No,Total
España,2014,4,0,Total,Total,Expareja,No contesta,Total
España,2014,4,0,Total,Total,Expareja,Sí,Total
España,2014,4,0,Total,Total,Pareja,No,Total
España,2014,4,0,Total,Total,Pareja,No contesta,Total
España,2014,4,3,Total,Total,Pareja,Sí,Total
España,2014,8,1,Total,Total,Expareja,No,Total
España,2014,8,0,Total,Total,Expareja,No contesta,Total
España,2014,8,0,Total,Total,Expareja,Sí,Total
España,2014,8,0,Total,Total,Pareja,No,Total
España,2014,8,0,Total,Total,Pareja,No contesta,Total
España,2014,8,7,Total,Total,Pareja,Sí,Total
España,2014,12,2,Total,Total,Expareja,No,Total
España,2014,12,0,Total,Total,Expareja,No contesta,Total
España,2014,12,0,Total,Total,Expareja,Sí,Total
España,2014,12,0,Total,Total,Pareja,No,Total
España,2014,12,0,Total,Total,Pareja,No contesta,Total
España,2014,12,4,Total,Total,Pareja,Sí,Total
España,2014,1,0,Total,Total,Expareja,No,Total
España,2014,1,0,Total,Total,Expareja,No contesta,Total
España,2014,1,0,Total,Total,Expareja,Sí,Total
España,2014,1,1,Total,Total,Pareja,No,Total
España,2014,1,0,Total,Total,Pareja,No contesta,Total
España,2014,1,6,Total,Total,Pareja,Sí,Total
España,2014,2,1,Total,Total,Expareja,No,Total
España,2014,2,0,Total,Total,Expareja,No contesta,Total
España,2014,2,0,Total,Total,Expareja,Sí,Total
España,2014,2,1,Total,Total,Pareja,No,Total
España,2014,2,0,Total,Total,Pareja,No contesta,Total
España,2014,2,3,Total,Total,Pareja,Sí,Total
España,2014,7,1,Total,Total,Expareja,No,Total
España,2014,7,0,Total,Total,Expareja,No contesta,Total
España,2014,7,0,Total,Total,Expareja,Sí,Total
España,2014,7,1,Total,Total,Pareja,No,Total
España,2014,7,0,Total,Total,Pareja,No contesta,Total
España,2014,7,2,Total,Total,Pareja,Sí,Total
España,2014,6,0,Total,Total,Expareja,No,Total
España,2014,6,0,Total,Total,Expareja,No contesta,Total
España,2014,6,0,Total,Total,Expareja,Sí,Total
España,2014,6,2,Total,Total,Pareja,No,Total
España,2014,6,0,Total,Total,Pareja,No contesta,Total
España,2014,6,1,Total,Total,Pareja,Sí,Total
España,2014,3,4,Total,Total,Expareja,No,Total
España,2014,3,0,Total,Total,Expareja,No contesta,Total
España,2014,3,0,Total,Total,Expareja,Sí,Total
España,2014,3,0,Total,Total,Pareja,No,Total
España,2014,3,0,Total,Total,Pareja,No contesta,Total
España,2014,3,4,Total,Total,Pareja,Sí,Total
España,2014,5,0,Total,Total,Expareja,No,Total
España,2014,5,0,Total,Total,Expareja,No contesta,Total
España,2014,5,0,Total,Total,Expareja,Sí,Total
España,2014,5,1,Total,Total,Pareja,No,Total
España,2014,5,0,Total,Total,Pareja,No contesta,Total
España,2014,5,2,Total,Total,Pareja,Sí,Total
España,2014,11,2,Total,Total,Expareja,No,Total
España,2014,11,0,Total,Total,Expareja,No contesta,Total
España,2014,11,0,Total,Total,Expareja,Sí,Total
España,2014,11,0,Total,Total,Pareja,No,Total
España,2014,11,0,Total,Total,Pareja,No contesta,Total
España,2014,11,3,Total,Total,Pareja,Sí,Total
España,2014,10,0,Total,Total,Expareja,No,Total
España,2014,10,0,Total,Total,Expareja,No contesta,Total
España,2014,10,0,Total,Total,Expareja,Sí,Total
España,2014,10,0,Total,Total,Pareja,No,Total
España,2014,10,0,Total,Total,Pareja,No contesta,Total
España,2014,10,2,Total,Total,Pareja,Sí,Total
España,2014,9,0,Total,Total,Expareja,No,Total
España,2014,9,0,Total,Total,Expareja,No contesta,Total
España,2014,9,0,Total,Total,Expareja,Sí,Total
España,2014,9,0,Total,Total,Pareja,No,Total
España,2014,9,0,Total,Total,Pareja,No contesta,Total
España,2014,9,2,Total,Total,Pareja,Sí,Total
España,2015,4,0,Total,Total,Expareja,No,Total
España,2015,4,0,Total,Total,Expareja,No contesta,Total
España,2015,4,0,Total,Total,Expareja,Sí,Total
España,2015,4,0,Total,Total,Pareja,No,Total
España,2015,4,0,Total,Total,Pareja,No contesta,Total
España,2015,4,1,Total,Total,Pareja,Sí,Total
España,2015,8,1,Total,Total,Expareja,No,Total
España,2015,8,0,Total,Total,Expareja,No contesta,Total
España,2015,8,0,Total,Total,Expareja,Sí,Total
España,2015,8,3,Total,Total,Pareja,No,Total
España,2015,8,0,Total,Total,Pareja,No contesta,Total
España,2015,8,2,Total,Total,Pareja,Sí,Total
España,2015,12,1,Total,Total,Expareja,No,Total
España,2015,12,0,Total,Total,Expareja,No contesta,Total
España,2015,12,0,Total,Total,Expareja,Sí,Total
España,2015,12,1,Total,Total,Pareja,No,Total
España,2015,12,0,Total,Total,Pareja,No contesta,Total
España,2015,12,7,Total,Total,Pareja,Sí,Total
España,2015,1,0,Total,Total,Expareja,No,Total
España,2015,1,0,Total,Total,Expareja,No contesta,Total
España,2015,1,0,Total,Total,Expareja,Sí,Total
España,2015,1,0,Total,Total,Pareja,No,Total
España,2015,1,0,Total,Total,Pareja,No contesta,Total
España,2015,1,3,Total,Total,Pareja,Sí,Total
España,2015,2,1,Total,Total,Expareja,No,Total
España,2015,2,0,Total,Total,Expareja,No contesta,Total
España,2015,2,0,Total,Total,Expareja,Sí,Total
España,2015,2,0,Total,Total,Pareja,No,Total
España,2015,2,0,Total,Total,Pareja,No contesta,Total
España,2015,2,1,Total,Total,Pareja,Sí,Total
España,2015,7,5,Total,Total,Expareja,No,Total
España,2015,7,0,Total,Total,Expareja,No contesta,Total
España,2015,7,0,Total,Total,Expareja,Sí,Total
España,2015,7,0,Total,Total,Pareja,No,Total
España,2015,7,0,Total,Total,Pareja,No contesta,Total
España,2015,7,4,Total,Total,Pareja,Sí,Total
España,2015,6,0,Total,Total,Expareja,No,Total
España,2015,6,0,Total,Total,Expareja,No contesta,Total
España,2015,6,0,Total,Total,Expareja,Sí,Total
España,2015,6,1,Total,Total,Pareja,No,Total
España,2015,6,0,Total,Total,Pareja,No contesta,Total
España,2015,6,4,Total,Total,Pareja,Sí,Total
España,2015,3,0,Total,Total,Expareja,No,Total
España,2015,3,0,Total,Total,Expareja,No contesta,Total
España,2015,3,0,Total,Total,Expareja,Sí,Total
España,2015,3,0,Total,Total,Pareja,No,Total
España,2015,3,0,Total,Total,Pareja,No contesta,Total
España,2015,3,4,Total,Total,Pareja,Sí,Total
España,2015,5,1,Total,Total,Expareja,No,Total
España,2015,5,0,Total,Total,Expareja,No contesta,Total
España,2015,5,0,Total,Total,Expareja,Sí,Total
España,2015,5,0,Total,Total,Pareja,No,Total
España,2015,5,0,Total,Total,Pareja,No contesta,Total
España,2015,5,3,Total,Total,Pareja,Sí,Total
España,2015,11,1,Total,Total,Expareja,No,Total
España,2015,11,0,Total,Total,Expareja,No contesta,Total
España,2015,11,0,Total,Total,Expareja,Sí,Total
España,2015,11,0,Total,Total,Pareja,No,Total
España,2015,11,0,Total,Total,Pareja,No contesta,Total
España,2015,11,6,Total,Total,Pareja,Sí,Total
España,2015,10,2,Total,Total,Expareja,No,Total
España,2015,10,0,Total,Total,Expareja,No contesta,Total
España,2015,10,0,Total,Total,Expareja,Sí,Total
España,2015,10,1,Total,Total,Pareja,No,Total
España,2015,10,0,Total,Total,Pareja,No contesta,Total
España,2015,10,4,Total,Total,Pareja,Sí,Total
España,2015,9,0,Total,Total,Expareja,No,Total
España,2015,9,0,Total,Total,Expareja,No contesta,Total
España,2015,9,0,Total,Total,Expareja,Sí,Total
España,2015,9,2,Total,Total,Pareja,No,Total
España,2015,9,0,Total,Total,Pareja,No contesta,Total
España,2015,9,0,Total,Total,Pareja,Sí,Total
España,2016,4,1,Total,Total,Expareja,No,Total
España,2016,4,0,Total,Total,Expareja,No contesta,Total
España,2016,4,0,Total,Total,Expareja,Sí,Total
España,2016,4,1,Total,Total,Pareja,No,Total
España,2016,4,0,Total,Total,Pareja,No contesta,Total
España,2016,4,2,Total,Total,Pareja,Sí,Total
España,2016,8,1,Total,Total,Expareja,No,Total
España,2016,8,0,Total,Total,Expareja,No contesta,Total
España,2016,8,0,Total,Total,Expareja,Sí,Total
España,2016,8,0,Total,Total,Pareja,No,Total
España,2016,8,0,Total,Total,Pareja,No contesta,Total
España,2016,8,2,Total,Total,Pareja,Sí,Total
España,2016,12,0,Total,Total,Expareja,No,Total
España,2016,12,0,Total,Total,Expareja,No contesta,Total
España,2016,12,1,Total,Total,Expareja,Sí,Total
España,2016,12,2,Total,Total,Pareja,No,Total
España,2016,12,0,Total,Total,Pareja,No contesta,Total
España,2016,12,2,Total,Total,Pareja,Sí,Total
España,2016,1,1,Total,Total,Expareja,No,Total
España,2016,1,0,Total,Total,Expareja,No contesta,Total
España,2016,1,0,Total,Total,Expareja,Sí,Total
España,2016,1,0,Total,Total,Pareja,No,Total
España,2016,1,0,Total,Total,Pareja,No contesta,Total
España,2016,1,6,Total,Total,Pareja,Sí,Total
España,2016,2,1,Total,Total,Expareja,No,Total
España,2016,2,0,Total,Total,Expareja,No contesta,Total
España,2016,2,0,Total,Total,Expareja,Sí,Total
España,2016,2,2,Total,Total,Pareja,No,Total
España,2016,2,0,Total,Total,Pareja,No contesta,Total
España,2016,2,1,Total,Total,Pareja,Sí,Total
España,2016,7,2,Total,Total,Expareja,No,Total
España,2016,7,0,Total,Total,Expareja,No contesta,Total
España,2016,7,0,Total,Total,Expareja,Sí,Total
España,2016,7,2,Total,Total,Pareja,No,Total
España,2016,7,0,Total,Total,Pareja,No contesta,Total
España,2016,7,2,Total,Total,Pareja,Sí,Total
España,2016,6,0,Total,Total,Expareja,No,Total
España,2016,6,0,Total,Total,Expareja,No contesta,Total
España,2016,6,0,Total,Total,Expareja,Sí,Total
España,2016,6,1,Total,Total,Pareja,No,Total
España,2016,6,0,Total,Total,Pareja,No contesta,Total
España,2016,6,2,Total,Total,Pareja,Sí,Total
España,2016,3,0,Total,Total,Expareja,No,Total
España,2016,3,0,Total,Total,Expareja,No contesta,Total
España,2016,3,0,Total,Total,Expareja,Sí,Total
España,2016,3,1,Total,Total,Pareja,No,Total
España,2016,3,0,Total,Total,Pareja,No contesta,Total
España,2016,3,1,Total,Total,Pareja,Sí,Total
España,2016,5,1,Total,Total,Expareja,No,Total
España,2016,5,0,Total,Total,Expareja,No contesta,Total
España,2016,5,0,Total,Total,Expareja,Sí,Total
España,2016,5,0,Total,Total,Pareja,No,Total
España,2016,5,0,Total,Total,Pareja,No contesta,Total
España,2016,5,3,Total,Total,Pareja,Sí,Total
España,2016,11,1,Total,Total,Expareja,No,Total
España,2016,11,0,Total,Total,Expareja,No contesta,Total
España,2016,11,0,Total,Total,Expareja,Sí,Total
España,2016,11,1,Total,Total,Pareja,No,Total
España,2016,11,0,Total,Total,Pareja,No contesta,Total
España,2016,11,3,Total,Total,Pareja,Sí,Total
España,2016,10,0,Total,Total,Expareja,No,Total
España,2016,10,0,Total,Total,Expareja,No contesta,Total
España,2016,10,0,Total,Total,Expareja,Sí,Total
España,2016,10,1,Total,Total,Pareja,No,Total
España,2016,10,0,Total,Total,Pareja,No contesta,Total
España,2016,10,3,Total,Total,Pareja,Sí,Total
España,2016,9,0,Total,Total,Expareja,No,Total
España,2016,9,0,Total,Total,Expareja,No contesta,Total
España,2016,9,0,Total,Total,Expareja,Sí,Total
España,2016,9,0,Total,Total,Pareja,No,Total
España,2016,9,0,Total,Total,Pareja,No contesta,Total
España,2016,9,2,Total,Total,Pareja,Sí,Total
España,2017,4,1,Total,Total,Expareja,No,Total
España,2017,4,0,Total,Total,Expareja,No contesta,Total
España,2017,4,0,Total,Total,Expareja,Sí,Total
España,2017,4,1,Total,Total,Pareja,No,Total
España,2017,4,0,Total,Total,Pareja,No contesta,Total
España,2017,4,2,Total,Total,Pareja,Sí,Total
España,2017,8,1,Total,Total,Expareja,No,Total
España,2017,8,0,Total,Total,Expareja,No contesta,Total
España,2017,8,0,Total,Total,Expareja,Sí,Total
España,2017,8,0,Total,Total,Pareja,No,Total
España,2017,8,0,Total,Total,Pareja,No contesta,Total
España,2017,8,2,Total,Total,Pareja,Sí,Total
España,2017,12,1,Total,Total,Expareja,No,Total
España,2017,12,0,Total,Total,Expareja,No contesta,Total
España,2017,12,0,Total,Total,Expareja,Sí,Total
España,2017,12,1,Total,Total,Pareja,No,Total
España,2017,12,0,Total,Total,Pareja,No contesta,Total
España,2017,12,1,Total,Total,Pareja,Sí,Total
España,2017,1,2,Total,Total,Expareja,No,Total
España,2017,1,0,Total,Total,Expareja,No contesta,Total
España,2017,1,0,Total,Total,Expareja,Sí,Total
España,2017,1,0,Total,Total,Pareja,No,Total
España,2017,1,0,Total,Total,Pareja,No contesta,Total
España,2017,1,3,Total,Total,Pareja,Sí,Total
España,2017,2,2,Total,Total,Expareja,No,Total
España,2017,2,0,Total,Total,Expareja,No contesta,Total
España,2017,2,0,Total,Total,Expareja,Sí,Total
España,2017,2,2,Total,Total,Pareja,No,Total
España,2017,2,1,Total,Total,Pareja,No contesta,Total
España,2017,2,5,Total,Total,Pareja,Sí,Total
España,2017,7,0,Total,Total,Expareja,No,Total
España,2017,7,0,Total,Total,Expareja,No contesta,Total
España,2017,7,0,Total,Total,Expareja,Sí,Total
España,2017,7,0,Total,Total,Pareja,No,Total
España,2017,7,0,Total,Total,Pareja,No contesta,Total
España,2017,7,2,Total,Total,Pareja,Sí,Total
España,2017,6,1,Total,Total,Expareja,No,Total
España,2017,6,0,Total,Total,Expareja,No contesta,Total
España,2017,6,0,Total,Total,Expareja,Sí,Total
España,2017,6,1,Total,Total,Pareja,No,Total
España,2017,6,0,Total,Total,Pareja,No contesta,Total
España,2017,6,2,Total,Total,Pareja,Sí,Total
España,2017,3,0,Total,Total,Expareja,No,Total
España,2017,3,0,Total,Total,Expareja,No contesta,Total
España,2017,3,0,Total,Total,Expareja,Sí,Total
España,2017,3,0,Total,Total,Pareja,No,Total
España,2017,3,0,Total,Total,Pareja,No contesta,Total
España,2017,3,3,Total,Total,Pareja,Sí,Total
España,2017,5,0,Total,Total,Expareja,No,Total
España,2017,5,0,Total,Total,Expareja,No contesta,Total
España,2017,5,0,Total,Total,Expareja,Sí,Total
España,2017,5,2,Total,Total,Pareja,No,Total
España,2017,5,0,Total,Total,Pareja,No contesta,Total
España,2017,5,4,Total,Total,Pareja,Sí,Total
España,2017,11,2,Total,Total,Expareja,No,Total
España,2017,11,0,Total,Total,Expareja,No contesta,Total
España,2017,11,0,Total,Total,Expareja,Sí,Total
España,2017,11,0,Total,Total,Pareja,No,Total
España,2017,11,0,Total,Total,Pareja,No contesta,Total
España,2017,11,0,Total,Total,Pareja,Sí,Total
España,2017,10,1,Total,Total,Expareja,No,Total
España,2017,10,0,Total,Total,Expareja,No contesta,Total
España,2017,10,0,Total,Total,Expareja,Sí,Total
España,2017,10,0,Total,Total,Pareja,No,Total
España,2017,10,0,Total,Total,Pareja,No contesta,Total
España,2017,10,4,Total,Total,Pareja,Sí,Total
España,2017,9,1,Total,Total,Expareja,No,Total
España,2017,9,0,Total,Total,Expareja,No contesta,Total
España,2017,9,0,Total,Total,Expareja,Sí,Total
España,2017,9,0,Total,Total,Pareja,No,Total
España,2017,9,0,Total,Total,Pareja,No contesta,Total
España,2017,9,1,Total,Total,Pareja,Sí,Total
España,2018,4,1,Total,Total,Expareja,No,Total
España,2018,4,0,Total,Total,Expareja,No contesta,Total
España,2018,4,0,Total,Total,Expareja,Sí,Total
España,2018,4,2,Total,Total,Pareja,No,Total
España,2018,4,1,Total,Total,Pareja,No contesta,Total
España,2018,4,0,Total,Total,Pareja,Sí,Total
España,2018,8,0,Total,Total,Expareja,No,Total
España,2018,8,0,Total,Total,Expareja,No contesta,Total
España,2018,8,0,Total,Total,Expareja,Sí,Total
España,2018,8,0,Total,Total,Pareja,No,Total
España,2018,8,0,Total,Total,Pareja,No contesta,Total
España,2018,8,8,Total,Total,Pareja,Sí,Total
España,2018,12,0,Total,Total,Expareja,No,Total
España,2018,12,0,Total,Total,Expareja,No contesta,Total
España,2018,12,0,Total,Total,Expareja,Sí,Total
España,2018,12,0,Total,Total,Pareja,No,Total
España,2018,12,0,Total,Total,Pareja,No contesta,Total
España,2018,12,2,Total,Total,Pareja,Sí,Total
España,2018,1,0,Total,Total,Expareja,No,Total
España,2018,1,0,Total,Total,Expareja,No contesta,Total
España,2018,1,0,Total,Total,Expareja,Sí,Total
España,2018,1,0,Total,Total,Pareja,No,Total
España,2018,1,0,Total,Total,Pareja,No contesta,Total
España,2018,1,2,Total,Total,Pareja,Sí,Total
España,2018,2,0,Total,Total,Expareja,No,Total
España,2018,2,0,Total,Total,Expareja,No contesta,Total
España,2018,2,0,Total,Total,Expareja,Sí,Total
España,2018,2,1,Total,Total,Pareja,No,Total
España,2018,2,0,Total,Total,Pareja,No contesta,Total
España,2018,2,1,Total,Total,Pareja,Sí,Total
España,2018,7,1,Total,Total,Expareja,No,Total
España,2018,7,0,Total,Total,Expareja,No contesta,Total
España,2018,7,0,Total,Total,Expareja,Sí,Total
España,2018,7,0,Total,Total,Pareja,No,Total
España,2018,7,1,Total,Total,Pareja,No contesta,Total
España,2018,7,6,Total,Total,Pareja,Sí,Total
España,2018,6,0,Total,Total,Expareja,No,Total
España,2018,6,0,Total,Total,Expareja,No contesta,Total
España,2018,6,0,Total,Total,Expareja,Sí,Total
España,2018,6,2,Total,Total,Pareja,No,Total
España,2018,6,0,Total,Total,Pareja,No contesta,Total
España,2018,6,4,Total,Total,Pareja,Sí,Total
España,2018,3,0,Total,Total,Expareja,No,Total
España,2018,3,0,Total,Total,Expareja,No contesta,Total
España,2018,3,0,Total,Total,Expareja,Sí,Total
España,2018,3,1,Total,Total,Pareja,No,Total
España,2018,3,0,Total,Total,Pareja,No contesta,Total
España,2018,3,2,Total,Total,Pareja,Sí,Total
España,2018,5,0,Total,Total,Expareja,No,Total
España,2018,5,0,Total,Total,Expareja,No contesta,Total
España,2018,5,0,Total,Total,Expareja,Sí,Total
España,2018,5,1,Total,Total,Pareja,No,Total
España,2018,5,0,Total,Total,Pareja,No contesta,Total
España,2018,5,0,Total,Total,Pareja,Sí,Total
España,2018,11,2,Total,Total,Expareja,No,Total
España,2018,11,0,Total,Total,Expareja,No contesta,Total
España,2018,11,0,Total,Total,Expareja,Sí,Total
España,2018,11,0,Total,Total,Pareja,No,Total
España,2018,11,0,Total,Total,Pareja,No contesta,Total
España,2018,11,0,Total,Total,Pareja,Sí,Total
España,2018,10,2,Total,Total,Expareja,No,Total
España,2018,10,0,Total,Total,Expareja,No contesta,Total
España,2018,10,0,Total,Total,Expareja,Sí,Total
España,2018,10,1,Total,Total,Pareja,No,Total
España,2018,10,0,Total,Total,Pareja,No contesta,Total
España,2018,10,1,Total,Total,Pareja,Sí,Total
España,2018,9,2,Total,Total,Expareja,No,Total
España,2018,9,0,Total,Total,Expareja,No contesta,Total
España,2018,9,0,Total,Total,Expareja,Sí,Total
España,2018,9,0,Total,Total,Pareja,No,Total
España,2018,9,1,Total,Total,Pareja,No contesta,Total
España,2018,9,7,Total,Total,Pareja,Sí,Total
España,2019,4,0,Total,Total,Expareja,No,Total
España,2019,4,0,Total,Total,Expareja,No contesta,Total
España,2019,4,0,Total,Total,Expareja,Sí,Total
España,2019,4,0,Total,Total,Pareja,No,Total
España,2019,4,0,Total,Total,Pareja,No contesta,Total
España,2019,4,6,Total,Total,Pareja,Sí,Total
España,2019,8,2,Total,Total,Expareja,No,Total
España,2019,8,0,Total,Total,Expareja,No contesta,Total
España,2019,8,0,Total,Total,Expareja,Sí,Total
España,2019,8,0,Total,Total,Pareja,No,Total
España,2019,8,1,Total,Total,Pareja,No contesta,Total
España,2019,8,1,Total,Total,Pareja,Sí,Total
España,2019,12,0,Total,Total,Expareja,No,Total
España,2019,12,0,Total,Total,Expareja,No contesta,Total
España,2019,12,0,Total,Total,Expareja,Sí,Total
España,2019,12,0,Total,Total,Pareja,No,Total
España,2019,12,0,Total,Total,Pareja,No contesta,Total
España,2019,12,1,Total,Total,Pareja,Sí,Total
España,2019,1,1,Total,Total,Expareja,No,Total
España,2019,1,0,Total,Total,Expareja,No contesta,Total
España,2019,1,0,Total,Total,Expareja,Sí,Total
España,2019,1,4,Total,Total,Pareja,No,Total
España,2019,1,0,Total,Total,Pareja,No contesta,Total
España,2019,1,3,Total,Total,Pareja,Sí,Total
España,2019,2,0,Total,Total,Expareja,No,Total
España,2019,2,0,Total,Total,Expareja,No contesta,Total
España,2019,2,0,Total,Total,Expareja,Sí,Total
España,2019,2,0,Total,Total,Pareja,No,Total
España,2019,2,0,Total,Total,Pareja,No contesta,Total
España,2019,2,3,Total,Total,Pareja,Sí,Total
España,2019,7,0,Total,Total,Expareja,No,Total
España,2019,7,0,Total,Total,Expareja,No contesta,Total
España,2019,7,0,Total,Total,Expareja,Sí,Total
España,2019,7,2,Total,Total,Pareja,No,Total
España,2019,7,1,Total,Total,Pareja,No contesta,Total
España,2019,7,6,Total,Total,Pareja,Sí,Total
España,2019,6,1,Total,Total,Expareja,No,Total
España,2019,6,0,Total,Total,Expareja,No contesta,Total
España,2019,6,0,Total,Total,Expareja,Sí,Total
España,2019,6,0,Total,Total,Pareja,No,Total
España,2019,6,2,Total,Total,Pareja,No contesta,Total
España,2019,6,4,Total,Total,Pareja,Sí,Total
España,2019,3,0,Total,Total,Expareja,No,Total
España,2019,3,0,Total,Total,Expareja,No contesta,Total
España,2019,3,0,Total,Total,Expareja,Sí,Total
España,2019,3,1,Total,Total,Pareja,No,Total
España,2019,3,0,Total,Total,Pareja,No contesta,Total
España,2019,3,4,Total,Total,Pareja,Sí,Total
España,2019,5,0,Total,Total,Expareja,No,Total
España,2019,5,0,Total,Total,Expareja,No contesta,Total
España,2019,5,0,Total,Total,Expareja,Sí,Total
España,2019,5,0,Total,Total,Pareja,No,Total
España,2019,5,1,Total,Total,Pareja,No contesta,Total
España,2019,5,2,Total,Total,Pareja,Sí,Total
España,2019,11,0,Total,Total,Expareja,No,Total
España,2019,11,0,Total,Total,Expareja,No contesta,Total
España,2019,11,0,Total,Total,Expareja,Sí,Total
España,2019,11,0,Total,Total,Pareja,No,Total
España,2019,11,0,Total,Total,Pareja,No contesta,Total
España,2019,11,2,Total,Total,Pareja,Sí,Total
España,2019,10,1,Total,Total,Expareja,No,Total
España,2019,10,0,Total,Total,Expareja,No contesta,Total
España,2019,10,0,Total,Total,Expareja,Sí,Total
España,2019,10,0,Total,Total,Pareja,No,Total
España,2019,10,0,Total,Total,Pareja,No contesta,Total
España,2019,10,3,Total,Total,Pareja,Sí,Total
España,2019,9,1,Total,Total,Expareja,No,Total
España,2019,9,1,Total,Total,Expareja,No contesta,Total
España,2019,9,0,Total,Total,Expareja,Sí,Total
España,2019,9,0,Total,Total,Pareja,No,Total
España,2019,9,0,Total,Total,Pareja,No contesta,Total
España,2019,9,2,Total,Total,Pareja,Sí,Total
España,2020,4,0,Total,Total,Expareja,No,Total
España,2020,4,0,Total,Total,Expareja,No contesta,Total
España,2020,4,0,Total,Total,Expareja,Sí,Total
España,2020,4,0,Total,Total,Pareja,No,Total
España,2020,4,0,Total,Total,Pareja,No contesta,Total
España,2020,4,2,Total,Total,Pareja,Sí,Total
España,2020,8,1,Total,Total,Expareja,No,Total
España,2020,8,0,Total,Total,Expareja,No contesta,Total
España,2020,8,1,Total,Total,Expareja,Sí,Total
España,2020,8,0,Total,Total,Pareja,No,Total
España,2020,8,0,Total,Total,Pareja,No contesta,Total
España,2020,8,5,Total,Total,Pareja,Sí,Total
España,2020,12,0,Total,Total,Expareja,No,Total
España,2020,12,0,Total,Total,Expareja,No contesta,Total
España,2020,12,0,Total,Total,Expareja,Sí,Total
España,2020,12,1,Total,Total,Pareja,No,Total
España,2020,12,0,Total,Total,Pareja,No contesta,Total
España,2020,12,4,Total,Total,Pareja,Sí,Total
España,2020,1,1,Total,Total,Expareja,No,Total
España,2020,1,0,Total,Total,Expareja,No contesta,Total
España,2020,1,0,Total,Total,Expareja,Sí,Total
España,2020,1,1,Total,Total,Pareja,No,Total
España,2020,1,0,Total,Total,Pareja,No contesta,Total
España,2020,1,6,Total,Total,Pareja,Sí,Total
España,2020,2,1,Total,Total,Expareja,No,Total
España,2020,2,1,Total,Total,Expareja,No contesta,Total
España,2020,2,0,Total,Total,Expareja,Sí,Total
España,2020,2,0,Total,Total,Pareja,No,Total
España,2020,2,2,Total,Total,Pareja,No contesta,Total
España,2020,2,3,Total,Total,Pareja,Sí,Total
España,2020,7,1,Total,Total,Expareja,No,Total
España,2020,7,0,Total,Total,Expareja,No contesta,Total
España,2020,7,0,Total,Total,Expareja,Sí,Total
España,2020,7,0,Total,Total,Pareja,No,Total
España,2020,7,0,Total,Total,Pareja,No contesta,Total
España,2020,7,3,Total,Total,Pareja,Sí,Total
España,2020,6,0,Total,Total,Expareja,No,Total
España,2020,6,0,Total,Total,Expareja,No contesta,Total
España,2020,6,0,Total,Total,Expareja,Sí,Total
España,2020,6,0,Total,Total,Pareja,No,Total
España,2020,6,0,Total,Total,Pareja,No contesta,Total
España,2020,6,2,Total,Total,Pareja,Sí,Total
España,2020,3,0,Total,Total,Expareja,No,Total
España,2020,3,0,Total,Total,Expareja,No contesta,Total
España,2020,3,0,Total,Total,Expareja,Sí,Total
España,2020,3,0,Total,Total,Pareja,No,Total
España,2020,3,0,Total,Total,Pareja,No contesta,Total
España,2020,3,4,Total,Total,Pareja,Sí,Total
España,2020,5,0,Total,Total,Expareja,No,Total
España,2020,5,0,Total,Total,Expareja,No contesta,Total
España,2020,5,0,Total,Total,Expareja,Sí,Total
España,2020,5,0,Total,Total,Pareja,No,Total
España,2020,5,0,Total,Total,Pareja,No contesta,Total
España,2020,5,2,Total,Total,Pareja,Sí,Total
España,2020,11,0,Total,Total,Expareja,No,Total
España,2020,11,0,Total,Total,Expareja,No contesta,Total
España,2020,11,0,Total,Total,Expareja,Sí,Total
España,2020,11,1,Total,Total,Pareja,No,Total
España,2020,11,0,Total,Total,Pareja,No contesta,Total
España,2020,11,3,Total,Total,Pareja,Sí,Total
España,2020,10,1,Total,Total,Expareja,No,Total
España,2020,10,0,Total,Total,Expareja,No contesta,Total
España,2020,10,0,Total,Total,Expareja,Sí,Total
España,2020,10,0,Total,Total,Pareja,No,Total
España,2020,10,0,Total,Total,Pareja,No contesta,Total
España,2020,10,0,Total,Total,Pareja,Sí,Total
España,2020,9,0,Total,Total,Expareja,No,Total
España,2020,9,0,Total,Total,Expareja,No contesta,Total
España,2020,9,0,Total,Total,Expareja,Sí,Total
España,2020,9,0,Total,Total,Pareja,No,Total
España,2020,9,0,Total,Total,Pareja,No contesta,Total
España,2020,9,4,Total,Total,Pareja,Sí,Total
España,2021,4,2,Total,Total,Expareja,No,Total
España,2021,4,0,Total,Total,Expareja,No contesta,Total
España,2021,4,0,Total,Total,Expareja,Sí,Total
España,2021,4,0,Total,Total,Pareja,No,Total
España,2021,4,0,Total,Total,Pareja,No contesta,Total
España,2021,4,2,Total,Total,Pareja,Sí,Total
España,2021,8,0,Total,Total,Expareja,No,Total
España,2021,8,0,Total,Total,Expareja,No contesta,Total
España,2021,8,0,Total,Total,Expareja,Sí,Total
España,2021,8,0,Total,Total,Pareja,No,Total
España,2021,8,0,Total,Total,Pareja,No contesta,Total
España,2021,8,3,Total,Total,Pareja,Sí,Total
España,2021,12,3,Total,Total,Expareja,No,Total
España,2021,12,0,Total,Total,Expareja,No contesta,Total
España,2021,12,0,Total,Total,Expareja,Sí,Total
España,2021,12,2,Total,Total,Pareja,No,Total
España,2021,12,1,Total,Total,Pareja,No contesta,Total
España,2021,12,2,Total,Total,Pareja,Sí,Total
España,2021,1,0,Total,Total,Expareja,No,Total
España,2021,1,0,Total,Total,Expareja,No contesta,Total
España,2021,1,0,Total,Total,Expareja,Sí,Total
España,2021,1,0,Total,Total,Pareja,No,Total
España,2021,1,0,Total,Total,Pareja,No contesta,Total
España,2021,1,1,Total,Total,Pareja,Sí,Total
España,2021,2,0,Total,Total,Expareja,No,Total
España,2021,2,0,Total,Total,Expareja,No contesta,Total
España,2021,2,0,Total,Total,Expareja,Sí,Total
España,2021,2,1,Total,Total,Pareja,No,Total
España,2021,2,0,Total,Total,Pareja,No contesta,Total
España,2021,2,2,Total,Total,Pareja,Sí,Total
España,2021,7,1,Total,Total,Expareja,No,Total
España,2021,7,1,Total,Total,Expareja,No contesta,Total
España,2021,7,1,Total,Total,Expareja,Sí,Total
España,2021,7,0,Total,Total,Pareja,No,Total
España,2021,7,0,Total,Total,Pareja,No contesta,Total
España,2021,7,3,Total,Total,Pareja,Sí,Total
España,2021,6,4,Total,Total,Expareja,No,Total
España,2021,6,0,Total,Total,Expareja,No contesta,Total
España,2021,6,0,Total,Total,Expareja,Sí,Total
España,2021,6,0,Total,Total,Pareja,No,Total
España,2021,6,2,Total,Total,Pareja,No contesta,Total
España,2021,6,4,Total,Total,Pareja,Sí,Total
España,2021,3,1,Total,Total,Expareja,No,Total
España,2021,3,0,Total,Total,Expareja,No contesta,Total
España,2021,3,0,Total,Total,Expareja,Sí,Total
España,2021,3,0,Total,Total,Pareja,No,Total
España,2021,3,0,Total,Total,Pareja,No contesta,Total
España,2021,3,1,Total,Total,Pareja,Sí,Total
España,2021,5,1,Total,Total,Expareja,No,Total
España,2021,5,0,Total,Total,Expareja,No contesta,Total
España,2021,5,1,Total,Total,Expareja,Sí,Total
España,2021,5,1,Total,Total,Pareja,No,Total
España,2021,5,1,Total,Total,Pareja,No contesta,Total
España,2021,5,3,Total,Total,Pareja,Sí,Total
España,2021,11,0,Total,Total,Expareja,No,Total
España,2021,11,0,Total,Total,Expareja,No contesta,Total
España,2021,11,0,Total,Total,Expareja,Sí,Total
España,2021,11,0,Total,Total,Pareja,No,Total
España,2021,11,0,Total,Total,Pareja,No contesta,Total
España,2021,11,1,Total,Total,Pareja,Sí,Total
España,2021,10,0,Total,Total,Expareja,No,Total
España,2021,10,0,Total,Total,Expareja,No contesta,Total
España,2021,10,0,Total,Total,Expareja,Sí,Total
España,2021,10,0,Total,Total,Pareja,No,Total
España,2021,10,0,Total,Total,Pareja,No contesta,Total
España,2021,10,2,Total,Total,Pareja,Sí,Total
España,2021,9,0,Total,Total,Expareja,No,Total
España,2021,9,0,Total,Total,Expareja,No contesta,Total
España,2021,9,0,Total,Total,Expareja,Sí,Total
España,2021,9,0,Total,Total,Pareja,No,Total
España,2021,9,0,Total,Total,Pareja,No contesta,Total
España,2021,9,2,Total,Total,Pareja,Sí,Total
España,2022,4,1,Total,Total,Expareja,No,Total
España,2022,4,0,Total,Total,Expareja,No contesta,Total
España,2022,4,2,Total,Total,Expareja,Sí,Total
España,2022,4,0,Total,Total,Pareja,No,Total
España,2022,4,1,Total,Total,Pareja,No contesta,Total
España,2022,4,1,Total,Total,Pareja,Sí,Total
España,2022,8,0,Total,Total,Expareja,No,Total
España,2022,8,0,Total,Total,Expareja,No contesta,Total
España,2022,8,0,Total,Total,Expareja,Sí,Total
España,2022,8,0,Total,Total,Pareja,No,Total
España,2022,8,0,Total,Total,Pareja,No contesta,Total
España,2022,8,3,Total,Total,Pareja,Sí,Total
España,2022,12,1,Total,Total,Expareja,No,Total
España,2022,12,0,Total,Total,Expareja,No contesta,Total
España,2022,12,0,Total,Total,Expareja,Sí,Total
España,2022,12,1,Total,Total,Pareja,No,Total
España,2022,12,1,Total,Total,Pareja,No contesta,Total
España,2022,12,7,Total,Total,Pareja,Sí,Total
España,2022,1,0,Total,Total,Expareja,No,Total
España,2022,1,0,Total,Total,Expareja,No contesta,Total
España,2022,1,0,Total,Total,Expareja,Sí,Total
España,2022,1,0,Total,Total,Pareja,No,Total
España,2022,1,0,Total,Total,Pareja,No contesta,Total
España,2022,1,2,Total,Total,Pareja,Sí,Total
España,2022,2,1,Total,Total,Expareja,No,Total
España,2022,2,0,Total,Total,Expareja,No contesta,Total
España,2022,2,0,Total,Total,Expareja,Sí,Total
España,2022,2,0,Total,Total,Pareja,No,Total
España,2022,2,0,Total,Total,Pareja,No contesta,Total
España,2022,2,1,Total,Total,Pareja,Sí,Total
España,2022,7,2,Total,Total,Expareja,No,Total
España,2022,7,0,Total,Total,Expareja,No contesta,Total
España,2022,7,0,Total,Total,Expareja,Sí,Total
España,2022,7,0,Total,Total,Pareja,No,Total
España,2022,7,0,Total,Total,Pareja,No contesta,Total
España,2022,7,2,Total,Total,Pareja,Sí,Total
España,2022,6,0,Total,Total,Expareja,No,Total
España,2022,6,0,Total,Total,Expareja,No contesta,Total
España,2022,6,0,Total,Total,Expareja,Sí,Total
España,2022,6,0,Total,Total,Pareja,No,Total
España,2022,6,0,Total,Total,Pareja,No contesta,Total
España,2022,6,4,Total,Total,Pareja,Sí,Total
España,2022,3,2,Total,Total,Expareja,No,Total
España,2022,3,0,Total,Total,Expareja,No contesta,Total
España,2022,3,0,Total,Total,Expareja,Sí,Total
España,2022,3,1,Total,Total,Pareja,No,Total
España,2022,3,0,Total,Total,Pareja,No contesta,Total
España,2022,3,2,Total,Total,Pareja,Sí,Total
España,2022,5,1,Total,Total,Expareja,No,Total
España,2022,5,0,Total,Total,Expareja,No contesta,Total
España,2022,5,0,Total,Total,Expareja,Sí,Total
España,2022,5,0,Total,Total,Pareja,No,Total
España,2022,5,1,Total,Total,Pareja,No contesta,Total
España,2022,5,4,Total,Total,Pareja,Sí,Total
España,2022,11,0,Total,Total,Expareja,No,Total
España,2022,11,0,Total,Total,Expareja,No contesta,Total
España,2022,11,0,Total,Total,Expareja,Sí,Total
España,2022,11,0,Total,Total,Pareja,No,Total
España,2022,11,0,Total,Total,Pareja,No contesta,Total
España,2022,11,3,Total,Total,Pareja,Sí,Total
España,2022,10,0,Total,Total,Expareja,No,Total
España,2022,10,0,Total,Total,Expareja,No contesta,Total
España,2022,10,0,Total,Total,Expareja,Sí,Total
España,2022,10,0,Total,Total,Pareja,No,Total
España,2022,10,0,Total,Total,Pareja,No contesta,Total
España,2022,10,1,Total,Total,Pareja,Sí,Total
España,2022,9,0,Total,Total,Expareja,No,Total
España,2022,9,0,Total,Total,Expareja,No contesta,Total
España,2022,9,0,Total,Total,Expareja,Sí,Total
España,2022,9,1,Total,Total,Pareja,No,Total
España,2022,9,1,Total,Total,Pareja,No contesta,Total
España,2022,9,3,Total,Total,Pareja,Sí,Total
España,2023,4,1,Total,Total,Expareja,No,Total
España,2023,4,0,Total,Total,Expareja,No contesta,Total
España,2023,4,0,Total,Total,Expareja,Sí,Total
España,2023,4,0,Total,Total,Pareja,No,Total
España,2023,4,0,Total,Total,Pareja,No contesta,Total
España,2023,4,2,Total,Total,Pareja,Sí,Total
España,2023,8,1,Total,Total,Expareja,No,Total
España,2023,8,0,Total,Total,Expareja,No contesta,Total
España,2023,8,0,Total,Total,Expareja,Sí,Total
España,2023,8,0,Total,Total,Pareja,No,Total
España,2023,8,0,Total,Total,Pareja,No contesta,Total
España,2023,8,7,Total,Total,Pareja,Sí,Total
España,2023,12,0,Total,Total,Expareja,No,Total
España,2023,12,1,Total,Total,Expareja,No contesta,Total
España,2023,12,0,Total,Total,Expareja,Sí,Total
España,2023,12,0,Total,Total,Pareja,No,Total
España,2023,12,0,Total,Total,Pareja,No contesta,Total
España,2023,12,1,Total,Total,Pareja,Sí,Total
España,2023,1,2,Total,Total,Expareja,No,Total
España,2023,1,0,Total,Total,Expareja,No contesta,Total
España,2023,1,0,Total,Total,Expareja,Sí,Total
España,2023,1,0,Total,Total,Pareja,No,Total
España,2023,1,1,Total,Total,Pareja,No contesta,Total
España,2023,1,4,Total,Total,Pareja,Sí,Total
España,2023,2,1,Total,Total,Expareja,No,Total
España,2023,2,0,Total,Total,Expareja,No contesta,Total
España,2023,2,0,Total,Total,Expareja,Sí,Total
España,2023,2,0,Total,Total,Pareja,No,Total
España,2023,2,0,Total,Total,Pareja,No contesta,Total
España,2023,2,2,Total,Total,Pareja,Sí,Total
España,2023,7,2,Total,Total,Expareja,No,Total
España,2023,7,0,Total,Total,Expareja,No contesta,Total
España,2023,7,0,Total,Total,Expareja,Sí,Total
España,2023,7,0,Total,Total,Pareja,No,Total
España,2023,7,1,Total,Total,Pareja,No contesta,Total
España,2023,7,4,Total,Total,Pareja,Sí,Total
España,2023,6,1,Total,Total,Expareja,No,Total
España,2023,6,0,Total,Total,Expareja,No contesta,Total
España,2023,6,0,Total,Total,Expareja,Sí,Total
España,2023,6,0,Total,Total,Pareja,No,Total
España,2023,6,0,Total,Total,Pareja,No contesta,Total
España,2023,6,4,Total,Total,Pareja,Sí,Total
España,2023,3,1,Total,Total,Expareja,No,Total
España,2023,3,0,Total,Total,Expareja,No contesta,Total
España,2023,3,0,Total,Total,Expareja,Sí,Total
España,2023,3,0,Total,Total,Pareja,No,Total
España,2023,3,0,Total,Total,Pareja,No contesta,Total
España,2023,3,1,Total,Total,Pareja,Sí,Total
España,2023,5,1,Total,Total,Expareja,No,Total
España,2023,5,0,Total,Total,Expareja,No contesta,Total
España,2023,5,0,Total,Total,Expareja,Sí,Total
España,2023,5,1,Total,Total,Pareja,No,Total
España,2023,5,0,Total,Total,Pareja,No contesta,Total
España,2023,5,4,Total,Total,Pareja,Sí,Total
España,2023,11,1,Total,Total,Expareja,No,Total
España,2023,11,0,Total,Total,Expareja,No contesta,Total
España,2023,11,0,Total,Total,Expareja,Sí,Total
España,2023,11,1,Total,Total,Pareja,No,Total
España,2023,11,0,Total,Total,Pareja,No contesta,Total
España,2023,11,2,Total,Total,Pareja,Sí,Total
España,2023,10,0,Total,Total,Expareja,No,Total
España,2023,10,0,Total,Total,Expareja,No contesta,Total
España,2023,10,0,Total,Total,Expareja,Sí,Total
España,2023,10,0,Total,Total,Pareja,No,Total
España,2023,10,0,Total,Total,Pareja,No contesta,Total
España,2023,10,1,Total,Total,Pareja,Sí,Total
España,2023,9,2,Total,Total,Expareja,No,Total
España,2023,9,0,Total,Total,Expareja,No contesta,Total
España,2023,9,0,Total,Total,Expareja,Sí,Total
España,2023,9,0,Total,Total,Pareja,No,Total
España,2023,9,1,Total,Total,Pareja,No contesta,Total
España,2023,9,7,Total,Total,Pareja,Sí,Total
España,2024,4,2,Total,Total,Expareja,No,Total
España,2024,4,0,Total,Total,Expareja,No contesta,Total
España,2024,4,0,Total,Total,Expareja,Sí,Total
España,2024,4,0,Total,Total,Pareja,No,Total
España,2024,4,1,Total,Total,Pareja,No contesta,Total
España,2024,4,1,Total,Total,Pareja,Sí,Total
España,2024,8,1,Total,Total,Expareja,No,Total
España,2024,8,0,Total,Total,Expareja,No contesta,Total
España,2024,8,1,Total,Total,Expareja,Sí,Total
España,2024,8,0,Total,Total,Pareja,No,Total
España,2024,8,0,Total,Total,Pareja,No contesta,Total
España,2024,8,3,Total,Total,Pareja,Sí,Total
España,2024,12,1,Total,Total,Expareja,No,Total
España,2024,12,0,Total,Total,Expareja,No contesta,Total
España,2024,12,0,Total,Total,Expareja,Sí,Total
España,2024,12,0,Total,Total,Pareja,No,Total
España,2024,12,0,Total,Total,Pareja,No contesta,Total
España,2024,12,3,Total,Total,Pareja,Sí,Total
España,2024,1,0,Total,Total,Expareja,No,Total
España,2024,1,0,Total,Total,Expareja,No contesta,Total
España,2024,1,0,Total,Total,Expareja,Sí,Total
España,2024,1,1,Total,Total,Pareja,No,Total
España,2024,1,0,Total,Total,Pareja,No contesta,Total
España,2024,1,1,Total,Total,Pareja,Sí,Total
España,2024,2,0,Total,Total,Expareja,No,Total
España,2024,2,0,Total,Total,Expareja,No contesta,Total
España,2024,2,0,Total,Total,Expareja,Sí,Total
España,2024,2,0,Total,Total,Pareja,No,Total
España,2024,2,0,Total,Total,Pareja,No contesta,Total
España,2024,2,3,Total,Total,Pareja,Sí,Total
España,2024,7,1,Total,Total,Expareja,No,Total
España,2024,7,0,Total,Total,Expareja,No contesta,Total
España,2024,7,0,Total,Total,Expareja,Sí,Total
España,2024,7,0,Total,Total,Pareja,No,Total
España,2024,7,0,Total,Total,Pareja,No contesta,Total
España,2024,7,7,Total,Total,Pareja,Sí,Total
España,2024,6,1,Total,Total,Expareja,No,Total
España,2024,6,0,Total,Total,Expareja,No contesta,Total
España,2024,6,0,Total,Total,Expareja,Sí,Total
España,2024,6,1,Total,Total,Pareja,No,Total
España,2024,6,1,Total,Total,Pareja,No contesta,Total
España,2024,6,4,Total,Total,Pareja,Sí,Total
España,2024,3,1,Total,Total,Expareja,No,Total
España,2024,3,1,Total,Total,Expareja,No contesta,Total
España,2024,3,0,Total,Total,Expareja,Sí,Total
España,2024,3,0,Total,Total,Pareja,No,Total
España,2024,3,0,Total,Total,Pareja,No contesta,Total
España,2024,3,0,Total,Total,Pareja,Sí,Total
España,2024,5,1,Total,Total,Expareja,No,Total
España,2024,5,0,Total,Total,Expareja,No contesta,Total
España,2024,5,0,Total,Total,Expareja,Sí,Total
España,2024,5,0,Total,Total,Pareja,No,Total
España,2024,5,0,Total,Total,Pareja,No contesta,Total
España,2024,5,0,Total,Total,Pareja,Sí,Total
España,2024,11,2,Total,Total,Expareja,No,Total
España,2024,11,0,Total,Total,Expareja,No contesta,Total
España,2024,11,1,Total,Total,Expareja,Sí,Total
España,2024,11,0,Total,Total,Pareja,No,Total
España,2024,11,0,Total,Total,Pareja,No contesta,Total
España,2024,11,1,Total,Total,Pareja,Sí,Total
España,2024,10,2,Total,Total,Expareja,No,Total
España,2024,10,0,Total,Total,Expareja,No contesta,Total
España,2024,10,0,Total,Total,Expareja,Sí,Total
España,2024,10,0,Total,Total,Pareja,No,Total
España,2024,10,1,Total,Total,Pareja,No contesta,Total
España,2024,10,2,Total,Total,Pareja,Sí,Total
España,2024,9,0,Total,Total,Expareja,No,Total
España,2024,9,0,Total,Total,Expareja,No contesta,Total
España,2024,9,0,Total,Total,Expareja,Sí,Total
España,2024,9,0,Total,Total,Pareja,No,Total
España,2024,9,0,Total,Total,Pareja,No contesta,Total
España,2024,9,4,Total,Total,Pareja,Sí,Total
España,2025,4,0,Total,Total,Expareja,No,Total
España,2025,4,0,Total,Total,Expareja,No contesta,Total
España,2025,4,0,Total,Total,Expareja,Sí,Total
España,2025,4,0,Total,Total,Pareja,No,Total
España,2025,4,0,Total,Total,Pareja,No contesta,Total
España,2025,4,4,Total,Total,Pareja,Sí,Total
España,2025,8,0,Total,Total,Expareja,No,Total
España,2025,8,0,Total,Total,Expareja,No contesta,Total
España,2025,8,1,Total,Total,Expareja,Sí,Total
España,2025,8,0,Total,Total,Pareja,No,Total
España,2025,8,0,Total,Total,Pareja,No contesta,Total
España,2025,8,1,Total,Total,Pareja,Sí,Total
España,2025,12,0,Total,Total,Expareja,No,Total
España,2025,12,0,Total,Total,Expareja,No contesta,Total
España,2025,12,0,Total,Total,Expareja,Sí,Total
España,2025,12,0,Total,Total,Pareja,No,Total
España,2025,12,0,Total,Total,Pareja,No contesta,Total
España,2025,12,5,Total,Total,Pareja,Sí,Total
España,2025,1,0,Total,Total,Expareja,No,Total
España,2025,1,0,Total,Total,Expareja,No contesta,Total
España,2025,1,0,Total,Total,Expareja,Sí,Total
España,2025,1,0,Total,Total,Pareja,No,Total
España,2025,1,0,Total,Total,Pareja,No contesta,Total
España,2025,1,1,Total,Total,Pareja,Sí,Total
España,2025,2,0,Total,Total,Expareja,No,Total
España,2025,2,0,Total,Total,Expareja,No contesta,Total
España,2025,2,0,Total,Total,Expareja,Sí,Total
España,2025,2,0,Total,Total,Pareja,No,Total
España,2025,2,0,Total,Total,Pareja,No contesta,Total
España,2025,2,2,Total,Total,Pareja,Sí,Total
España,2025,7,0,Total,Total,Expareja,No,Total
España,2025,7,0,Total,Total,Expareja,No contesta,Total
España,2025,7,0,Total,Total,Expareja,Sí,Total
España,2025,7,0,Total,Total,Pareja,No,Total
España,2025,7,0,Total,Total,Pareja,No contesta,Total
España,2025,7,3,Total,Total,Pareja,Sí,Total
España,2025,6,0,Total,Total,Expareja,No,Total
España,2025,6,0,Total,Total,Expareja,No contesta,Total
España,2025,6,0,Total,Total,Expareja,Sí,Total
España,2025,6,0,Total,Total,Pareja,No,Total
España,2025,6,0,Total,Total,Pareja,No contesta,Total
España,2025,6,8,Total,Total,Pareja,Sí,Total
España,2025,3,0,Total,Total,Expareja,No,Total
España,2025,3,0,Total,Total,Expareja,No contesta,Total
España,2025,3,0,Total,Total,Expareja,Sí,Total
España,2025,3,0,Total,Total,Pareja,No,Total
España,2025,3,0,Total,Total,Pareja,No contesta,Total
España,2025,3,5,Total,Total,Pareja,Sí,Total
España,2025,5,0,Total,Total,Expareja,No,Total
España,2025,5,0,Total,Total,Expareja,No contesta,Total
España,2025,5,0,Total,Total,Expareja,Sí,Total
España,2025,5,0,Total,Total,Pareja,No,Total
España,2025,5,0,Total,Total,Pareja,No contesta,Total
España,2025,5,1,Total,Total,Pareja,Sí,Total
España,2025,11,1,Total,Total,Expareja,No,Total
España,2025,11,0,Total,Total,Expareja,No contesta,Total
España,2025,11,0,Total,Total,Expareja,Sí,Total
España,2025,11,2,Total,Total,Pareja,No,Total
España,2025,11,0,Total,Total,Pareja,No contesta,Total
España,2025,11,4,Total,Total,Pareja,Sí,Total
España,2025,10,2,Total,Total,Expareja,No,Total
España,2025,10,0,Total,Total,Expareja,No contesta,Total
España,2025,10,0,Total,Total,Expareja,Sí,Total
España,2025,10,0,Total,Total,Pareja,No,Total
España,2025,10,0,Total,Total,Pareja,No contesta,Total
España,2025,10,3,Total,Total,Pareja,Sí,Total
España,2025,9,1,Total,Total,Expareja,No,Total
España,2025,9,0,Total,Total,Expareja,No contesta,Total
España,2025,9,0,Total,Total,Expareja,Sí,Total
España,2025,9,2,Total,Total,Pareja,No,Total
España,2025,9,0,Total,Total,Pareja,No contesta,Total
España,2025,9,2,Total,Total,Pareja,Sí,Total
España,2026,4,2,Total,Total,Expareja,No,Total
España,2026,4,0,Total,Total,Expareja,No contesta,Total
España,2026,4,0,Total,Total,Expareja,Sí,Total
España,2026,4,0,Total,Total,Pareja,No,Total
España,2026,4,0,Total,Total,Pareja,No contesta,Total
España,2026,4,0,Total,Total,Pareja,Sí,Total
España,2026,1,2,Total,Total,Expareja,No,Total
España,2026,1,0,Total,Total,Expareja,No contesta,Total
España,2026,1,1,Total,Total,Expareja,Sí,Total
España,2026,1,2,Total,Total,Pareja,No,Total
España,2026,1,0,Total,Total,Pareja,No contesta,Total
España,2026,1,1,Total,Total,Pareja,Sí,Total
España,2026,2,4,Total,Total,Expareja,No,Total
España,2026,2,0,Total,Total,Expareja,No contesta,Total
España,2026,2,0,Total,Total,Expareja,Sí,Total
España,2026,2,0,Total,Total,Pareja,No,Total
España,2026,2,0,Total,Total,Pareja,No contesta,Total
España,2026,2,1,Total,Total,Pareja,Sí,Total
España,2026,7,1,Total,Total,Expareja,No,Total
España,2026,7,0,Total,Total,Expareja,No contesta,Total
España,2026,7,0,Total,Total,Expareja,Sí,Total
España,2026,7,1,Total,Total,Pareja,No,Total
España,2026,7,0,Total,Total,Pareja,No contesta,Total
España,2026,7,4,Total,Total,Pareja,Sí,Total
España,2026,6,0,Total,Total,Expareja,No,Total
España,2026,6,0,Total,Total,Expareja,No contesta,Total
España,2026,6,0,Total,Total,Expareja,Sí,Total
España,2026,6,0,Total,Total,Pareja,No,Total
España,2026,6,0,Total,Total,Pareja,No contesta,Total
España,2026,6,3,Total,Total,Pareja,Sí,Total
España,2026,3,2,Total,Total,Expareja,No,Total
España,2026,3,0,Total,Total,Expareja,No contesta,Total
España,2026,3,0,Total,Total,Expareja,Sí,Total
España,2026,3,0,Total,Total,Pareja,No,Total
España,2026,3,0,Total,Total,Pareja,No contesta,Total
España,2026,3,3,Total,Total,Pareja,Sí,Total
España,2026,5,1,Total,Total,Expareja,No,Total
España,2026,5,0,Total,Total,Expareja,No contesta,Total
España,2026,5,1,Total,Total,Expareja,Sí,Total
España,2026,5,0,Total,Total,Pareja,No,Total
España,2026,5,0,Total,Total,Pareja,No contesta,Total
España,2026,5,3,Total,Total,Pareja,Sí,Total
España,2003,4,0,Total,Total,Expareja,Total,Total
España,2003,4,5,Total,Total,Pareja,Total,Total
España,2003,8,2,Total,Total,Expareja,Total,Total
España,2003,8,6,Total,Total,Pareja,Total,Total
España,2003,12,1,Total,Total,Expareja,Total,Total
España,2003,12,2,Total,Total,Pareja,Total,Total
España,2003,1,1,Total,Total,Expareja,Total,Total
España,2003,1,7,Total,Total,Pareja,Total,Total
España,2003,2,1,Total,Total,Expareja,Total,Total
España,2003,2,3,Total,Total,Pareja,Total,Total
España,2003,7,1,Total,Total,Expareja,Total,Total
España,2003,7,7,Total,Total,Pareja,Total,Total
España,2003,6,2,Total,Total,Expareja,Total,Total
España,2003,6,5,Total,Total,Pareja,Total,Total
España,2003,3,2,Total,Total,Expareja,Total,Total
España,2003,3,4,Total,Total,Pareja,Total,Total
España,2003,5,1,Total,Total,Expareja,Total,Total
España,2003,5,6,Total,Total,Pareja,Total,Total
España,2003,11,3,Total,Total,Expareja,Total,Total
España,2003,11,6,Total,Total,Pareja,Total,Total
España,2003,10,0,Total,Total,Expareja,Total,Total
España,2003,10,2,Total,Total,Pareja,Total,Total
España,2003,9,2,Total,Total,Expareja,Total,Total
España,2003,9,2,Total,Total,Pareja,Total,Total
España,2004,4,1,Total,Total,Expareja,Total,Total
España,2004,4,5,Total,Total,Pareja,Total,Total
España,2004,8,2,Total,Total,Expareja,Total,Total
España,2004,8,4,Total,Total,Pareja,Total,Total
España,2004,12,0,Total,Total,Expareja,Total,Total
España,2004,12,8,Total,Total,Pareja,Total,Total
España,2004,1,1,Total,Total,Expareja,Total,Total
España,2004,1,1,Total,Total,Pareja,Total,Total
España,2004,2,0,Total,Total,Expareja,Total,Total
España,2004,2,5,Total,Total,Pareja,Total,Total
España,2004,7,2,Total,Total,Expareja,Total,Total
España,2004,7,5,Total,Total,Pareja,Total,Total
España,2004,6,2,Total,Total,Expareja,Total,Total
España,2004,6,4,Total,Total,Pareja,Total,Total
España,2004,3,1,Total,Total,Expareja,Total,Total
España,2004,3,5,Total,Total,Pareja,Total,Total
España,2004,5,1,Total,Total,Expareja,Total,Total
España,2004,5,7,Total,Total,Pareja,Total,Total
España,2004,11,2,Total,Total,Expareja,Total,Total
España,2004,11,2,Total,Total,Pareja,Total,Total
España,2004,10,1,Total,Total,Expareja,Total,Total
España,2004,10,6,Total,Total,Pareja,Total,Total
España,2004,9,3,Total,Total,Expareja,Total,Total
España,2004,9,4,Total,Total,Pareja,Total,Total
España,2005,4,0,Total,Total,Expareja,Total,Total
España,2005,4,4,Total,Total,Pareja,Total,Total
España,2005,8,0,Total,Total,Expareja,Total,Total
España,2005,8,6,Total,Total,Pareja,Total,Total
España,2005,12,0,Total,Total,Expareja,Total,Total
España,2005,12,3,Total,Total,Pareja,Total,Total
España,2005,1,3,Total,Total,Expareja,Total,Total
España,2005,1,3,Total,Total,Pareja,Total,Total
España,2005,2,3,Total,Total,Expareja,Total,Total
España,2005,2,3,Total,Total,Pareja,Total,Total
España,2005,7,1,Total,Total,Expareja,Total,Total
España,2005,7,3,Total,Total,Pareja,Total,Total
España,2005,6,0,Total,Total,Expareja,Total,Total
España,2005,6,6,Total,Total,Pareja,Total,Total
España,2005,3,0,Total,Total,Expareja,Total,Total
España,2005,3,3,Total,Total,Pareja,Total,Total
España,2005,5,2,Total,Total,Expareja,Total,Total
España,2005,5,2,Total,Total,Pareja,Total,Total
España,2005,11,1,Total,Total,Expareja,Total,Total
España,2005,11,5,Total,Total,Pareja,Total,Total
España,2005,10,4,Total,Total,Expareja,Total,Total
España,2005,10,1,Total,Total,Pareja,Total,Total
España,2005,9,1,Total,Total,Expareja,Total,Total
España,2005,9,3,Total,Total,Pareja,Total,Total
España,2006,4,1,Total,Total,Expareja,Total,Total
España,2006,4,4,Total,Total,Pareja,Total,Total
España,2006,8,2,Total,Total,Expareja,Total,Total
España,2006,8,7,Total,Total,Pareja,Total,Total
España,2006,12,1,Total,Total,Expareja,Total,Total
España,2006,12,5,Total,Total,Pareja,Total,Total
España,2006,1,5,Total,Total,Expareja,Total,Total
España,2006,1,4,Total,Total,Pareja,Total,Total
España,2006,2,1,Total,Total,Expareja,Total,Total
España,2006,2,3,Total,Total,Pareja,Total,Total
España,2006,7,2,Total,Total,Expareja,Total,Total
España,2006,7,6,Total,Total,Pareja,Total,Total
España,2006,6,1,Total,Total,Expareja,Total,Total
España,2006,6,1,Total,Total,Pareja,Total,Total
España,2006,3,2,Total,Total,Expareja,Total,Total
España,2006,3,7,Total,Total,Pareja,Total,Total
España,2006,5,2,Total,Total,Expareja,Total,Total
España,2006,5,3,Total,Total,Pareja,Total,Total
España,2006,11,1,Total,Total,Expareja,Total,Total
España,2006,11,1,Total,Total,Pareja,Total,Total
España,2006,10,0,Total,Total,Expareja,Total,Total
España,2006,10,6,Total,Total,Pareja,Total,Total
España,2006,9,0,Total,Total,Expareja,Total,Total
España,2006,9,4,Total,Total,Pareja,Total,Total
España,2007,4,1,Total,Total,Expareja,Total,Total
España,2007,4,3,Total,Total,Pareja,Total,Total
España,2007,8,1,Total,Total,Expareja,Total,Total
España,2007,8,6,Total,Total,Pareja,Total,Total
España,2007,12,1,Total,Total,Expareja,Total,Total
España,2007,12,0,Total,Total,Pareja,Total,Total
España,2007,1,3,Total,Total,Expareja,Total,Total
España,2007,1,2,Total,Total,Pareja,Total,Total
España,2007,2,1,Total,Total,Expareja,Total,Total
España,2007,2,8,Total,Total,Pareja,Total,Total
España,2007,7,0,Total,Total,Expareja,Total,Total
España,2007,7,8,Total,Total,Pareja,Total,Total
España,2007,6,3,Total,Total,Expareja,Total,Total
España,2007,6,7,Total,Total,Pareja,Total,Total
España,2007,3,1,Total,Total,Expareja,Total,Total
España,2007,3,3,Total,Total,Pareja,Total,Total
España,2007,5,1,Total,Total,Expareja,Total,Total
España,2007,5,6,Total,Total,Pareja,Total,Total
España,2007,11,2,Total,Total,Expareja,Total,Total
España,2007,11,5,Total,Total,Pareja,Total,Total
España,2007,10,2,Total,Total,Expareja,Total,Total
España,2007,10,3,Total,Total,Pareja,Total,Total
España,2007,9,0,Total,Total,Expareja,Total,Total
España,2007,9,4,Total,Total,Pareja,Total,Total
España,2008,4,3,Total,Total,Expareja,Total,Total
España,2008,4,2,Total,Total,Pareja,Total,Total
España,2008,8,2,Total,Total,Expareja,Total,Total
España,2008,8,6,Total,Total,Pareja,Total,Total
España,2008,12,0,Total,Total,Expareja,Total,Total
España,2008,12,11,Total,Total,Pareja,Total,Total
España,2008,1,0,Total,Total,Expareja,Total,Total
España,2008,1,7,Total,Total,Pareja,Total,Total
España,2008,2,2,Total,Total,Expareja,Total,Total
España,2008,2,6,Total,Total,Pareja,Total,Total
España,2008,7,3,Total,Total,Expareja,Total,Total
España,2008,7,2,Total,Total,Pareja,Total,Total
España,2008,6,1,Total,Total,Expareja,Total,Total
España,2008,6,4,Total,Total,Pareja,Total,Total
España,2008,3,1,Total,Total,Expareja,Total,Total
España,2008,3,3,Total,Total,Pareja,Total,Total
España,2008,5,2,Total,Total,Expareja,Total,Total
España,2008,5,1,Total,Total,Pareja,Total,Total
España,2008,11,3,Total,Total,Expareja,Total,Total
España,2008,11,3,Total,Total,Pareja,Total,Total
España,2008,10,1,Total,Total,Expareja,Total,Total
España,2008,10,6,Total,Total,Pareja,Total,Total
España,2008,9,4,Total,Total,Expareja,Total,Total
España,2008,9,3,Total,Total,Pareja,Total,Total
España,2009,4,0,Total,Total,Expareja,Total,Total
España,2009,4,2,Total,Total,Pareja,Total,Total
España,2009,8,1,Total,Total,Expareja,Total,Total
España,2009,8,5,Total,Total,Pareja,Total,Total
España,2009,12,1,Total,Total,Expareja,Total,Total
España,2009,12,4,Total,Total,Pareja,Total,Total
España,2009,2,1,Total,Total,Expareja,Total,Total
España,2009,2,4,Total,Total,Pareja,Total,Total
España,2009,7,1,Total,Total,Expareja,Total,Total
España,2009,7,5,Total,Total,Pareja,Total,Total
España,2009,6,1,Total,Total,Expareja,Total,Total
España,2009,6,5,Total,Total,Pareja,Total,Total
España,2009,3,2,Total,Total,Expareja,Total,Total
España,2009,3,4,Total,Total,Pareja,Total,Total
España,2009,5,4,Total,Total,Expareja,Total,Total
España,2009,5,5,Total,Total,Pareja,Total,Total
España,2009,11,1,Total,Total,Expareja,Total,Total
España,2009,11,0,Total,Total,Pareja,Total,Total
España,2009,10,1,Total,Total,Expareja,Total,Total
España,2009,10,5,Total,Total,Pareja,Total,Total
España,2009,9,1,Total,Total,Expareja,Total,Total
España,2009,9,5,Total,Total,Pareja,Total,Total
España,2010,4,2,Total,Total,Expareja,Total,Total
España,2010,4,6,Total,Total,Pareja,Total,Total
España,2010,8,0,Total,Total,Expareja,Total,Total
España,2010,8,2,Total,Total,Pareja,Total,Total
España,2010,12,2,Total,Total,Expareja,Total,Total
España,2010,12,5,Total,Total,Pareja,Total,Total
España,2010,1,1,Total,Total,Expareja,Total,Total
España,2010,1,2,Total,Total,Pareja,Total,Total
España,2010,2,0,Total,Total,Expareja,Total,Total
España,2010,2,4,Total,Total,Pareja,Total,Total
España,2010,7,1,Total,Total,Expareja,Total,Total
España,2010,7,10,Total,Total,Pareja,Total,Total
España,2010,6,1,Total,Total,Expareja,Total,Total
España,2010,6,4,Total,Total,Pareja,Total,Total
España,2010,3,3,Total,Total,Expareja,Total,Total
España,2010,3,4,Total,Total,Pareja,Total,Total
España,2010,5,1,Total,Total,Expareja,Total,Total
España,2010,5,5,Total,Total,Pareja,Total,Total
España,2010,11,1,Total,Total,Expareja,Total,Total
España,2010,11,6,Total,Total,Pareja,Total,Total
España,2010,10,0,Total,Total,Expareja,Total,Total
España,2010,10,6,Total,Total,Pareja,Total,Total
España,2010,9,5,Total,Total,Expareja,Total,Total
España,2010,9,3,Total,Total,Pareja,Total,Total
España,2011,4,1,Total,Total,Expareja,Total,Total
España,2011,4,2,Total,Total,Pareja,Total,Total
España,2011,8,0,Total,Total,Expareja,Total,Total
España,2011,8,4,Total,Total,Pareja,Total,Total
España,2011,12,3,Total,Total,Expareja,Total,Total
España,2011,12,3,Total,Total,Pareja,Total,Total
España,2011,1,0,Total,Total,Expareja,Total,Total
España,2011,1,8,Total,Total,Pareja,Total,Total
España,2011,2,2,Total,Total,Expareja,Total,Total
España,2011,2,4,Total,Total,Pareja,Total,Total
España,2011,7,1,Total,Total,Expareja,Total,Total
España,2011,7,6,Total,Total,Pareja,Total,Total
España,2011,6,0,Total,Total,Expareja,Total,Total
España,2011,6,2,Total,Total,Pareja,Total,Total
España,2011,3,1,Total,Total,Expareja,Total,Total
España,2011,3,2,Total,Total,Pareja,Total,Total
España,2011,5,4,Total,Total,Expareja,Total,Total
España,2011,5,4,Total,Total,Pareja,Total,Total
España,2011,11,0,Total,Total,Expareja,Total,Total
España,2011,11,3,Total,Total,Pareja,Total,Total
España,2011,10,0,Total,Total,Expareja,Total,Total
España,2011,10,6,Total,Total,Pareja,Total,Total
España,2011,9,1,Total,Total,Expareja,Total,Total
España,2011,9,5,Total,Total,Pareja,Total,Total
España,2012,4,0,Total,Total,Expareja,Total,Total
España,2012,4,4,Total,Total,Pareja,Total,Total
España,2012,8,0,Total,Total,Expareja,Total,Total
España,2012,8,2,Total,Total,Pareja,Total,Total
España,2012,12,2,Total,Total,Expareja,Total,Total
España,2012,12,1,Total,Total,Pareja,Total,Total
España,2012,1,1,Total,Total,Expareja,Total,Total
España,2012,1,7,Total,Total,Pareja,Total,Total
España,2012,2,0,Total,Total,Expareja,Total,Total
España,2012,2,2,Total,Total,Pareja,Total,Total
España,2012,7,1,Total,Total,Expareja,Total,Total
España,2012,7,2,Total,Total,Pareja,Total,Total
España,2012,6,1,Total,Total,Expareja,Total,Total
España,2012,6,9,Total,Total,Pareja,Total,Total
España,2012,3,0,Total,Total,Expareja,Total,Total
España,2012,3,2,Total,Total,Pareja,Total,Total
España,2012,5,0,Total,Total,Expareja,Total,Total
España,2012,5,3,Total,Total,Pareja,Total,Total
España,2012,11,0,Total,Total,Expareja,Total,Total
España,2012,11,6,Total,Total,Pareja,Total,Total
España,2012,10,3,Total,Total,Expareja,Total,Total
España,2012,10,3,Total,Total,Pareja,Total,Total
España,2012,9,0,Total,Total,Expareja,Total,Total
España,2012,9,2,Total,Total,Pareja,Total,Total
España,2013,4,0,Total,Total,Expareja,Total,Total
España,2013,4,6,Total,Total,Pareja,Total,Total
España,2013,8,0,Total,Total,Expareja,Total,Total
España,2013,8,2,Total,Total,Pareja,Total,Total
España,2013,12,1,Total,Total,Expareja,Total,Total
España,2013,12,1,Total,Total,Pareja,Total,Total
España,2013,1,2,Total,Total,Expareja,Total,Total
España,2013,1,2,Total,Total,Pareja,Total,Total
España,2013,2,3,Total,Total,Expareja,Total,Total
España,2013,2,1,Total,Total,Pareja,Total,Total
España,2013,7,1,Total,Total,Expareja,Total,Total
España,2013,7,1,Total,Total,Pareja,Total,Total
España,2013,6,1,Total,Total,Expareja,Total,Total
España,2013,6,1,Total,Total,Pareja,Total,Total
España,2013,3,1,Total,Total,Expareja,Total,Total
España,2013,3,7,Total,Total,Pareja,Total,Total
España,2013,5,2,Total,Total,Expareja,Total,Total
España,2013,5,4,Total,Total,Pareja,Total,Total
España,2013,11,4,Total,Total,Expareja,Total,Total
España,2013,11,1,Total,Total,Pareja,Total,Total
España,2013,10,2,Total,Total,Expareja,Total,Total
España,2013,10,3,Total,Total,Pareja,Total,Total
España,2013,9,2,Total,Total,Expareja,Total,Total
España,2013,9,6,Total,Total,Pareja,Total,Total
España,2014,4,1,Total,Total,Expareja,Total,Total
España,2014,4,3,Total,Total,Pareja,Total,Total
España,2014,8,1,Total,Total,Expareja,Total,Total
España,2014,8,7,Total,Total,Pareja,Total,Total
España,2014,12,2,Total,Total,Expareja,Total,Total
España,2014,12,4,Total,Total,Pareja,Total,Total
España,2014,1,0,Total,Total,Expareja,Total,Total
España,2014,1,7,Total,Total,Pareja,Total,Total
España,2014,2,1,Total,Total,Expareja,Total,Total
España,2014,2,4,Total,Total,Pareja,Total,Total
España,2014,7,1,Total,Total,Expareja,Total,Total
España,2014,7,3,Total,Total,Pareja,Total,Total
España,2014,6,0,Total,Total,Expareja,Total,Total
España,2014,6,3,Total,Total,Pareja,Total,Total
España,2014,3,4,Total,Total,Expareja,Total,Total
España,2014,3,4,Total,Total,Pareja,Total,Total
España,2014,5,0,Total,Total,Expareja,Total,Total
España,2014,5,3,Total,Total,Pareja,Total,Total
España,2014,11,2,Total,Total,Expareja,Total,Total
España,2014,11,3,Total,Total,Pareja,Total,Total
España,2014,10,0,Total,Total,Expareja,Total,Total
España,2014,10,2,Total,Total,Pareja,Total,Total
España,2014,9,0,Total,Total,Expareja,Total,Total
España,2014,9,2,Total,Total,Pareja,Total,Total
España,2015,4,0,Total,Total,Expareja,Total,Total
España,2015,4,1,Total,Total,Pareja,Total,Total
España,2015,8,1,Total,Total,Expareja,Total,Total
España,2015,8,5,Total,Total,Pareja,Total,Total
España,2015,12,1,Total,Total,Expareja,Total,Total
España,2015,12,8,Total,Total,Pareja,Total,Total
España,2015,1,0,Total,Total,Expareja,Total,Total
España,2015,1,3,Total,Total,Pareja,Total,Total
España,2015,2,1,Total,Total,Expareja,Total,Total
España,2015,2,1,Total,Total,Pareja,Total,Total
España,2015,7,5,Total,Total,Expareja,Total,Total
España,2015,7,4,Total,Total,Pareja,Total,Total
España,2015,6,0,Total,Total,Expareja,Total,Total
España,2015,6,5,Total,Total,Pareja,Total,Total
España,2015,3,0,Total,Total,Expareja,Total,Total
España,2015,3,4,Total,Total,Pareja,Total,Total
España,2015,5,1,Total,Total,Expareja,Total,Total
España,2015,5,3,Total,Total,Pareja,Total,Total
España,2015,11,1,Total,Total,Expareja,Total,Total
España,2015,11,6,Total,Total,Pareja,Total,Total
España,2015,10,2,Total,Total,Expareja,Total,Total
España,2015,10,5,Total,Total,Pareja,Total,Total
España,2015,9,0,Total,Total,Expareja,Total,Total
España,2015,9,2,Total,Total,Pareja,Total,Total
España,2016,4,1,Total,Total,Expareja,Total,Total
España,2016,4,3,Total,Total,Pareja,Total,Total
España,2016,8,1,Total,Total,Expareja,Total,Total
España,2016,8,2,Total,Total,Pareja,Total,Total
España,2016,12,1,Total,Total,Expareja,Total,Total
España,2016,12,4,Total,Total,Pareja,Total,Total
España,2016,1,1,Total,Total,Expareja,Total,Total
España,2016,1,6,Total,Total,Pareja,Total,Total
España,2016,2,1,Total,Total,Expareja,Total,Total
España,2016,2,3,Total,Total,Pareja,Total,Total
España,2016,7,2,Total,Total,Expareja,Total,Total
España,2016,7,4,Total,Total,Pareja,Total,Total
España,2016,6,0,Total,Total,Expareja,Total,Total
España,2016,6,3,Total,Total,Pareja,Total,Total
España,2016,3,0,Total,Total,Expareja,Total,Total
España,2016,3,2,Total,Total,Pareja,Total,Total
España,2016,5,1,Total,Total,Expareja,Total,Total
España,2016,5,3,Total,Total,Pareja,Total,Total
España,2016,11,1,Total,Total,Expareja,Total,Total
España,2016,11,4,Total,Total,Pareja,Total,Total
España,2016,10,0,Total,Total,Expareja,Total,Total
España,2016,10,4,Total,Total,Pareja,Total,Total
España,2016,9,0,Total,Total,Expareja,Total,Total
España,2016,9,2,Total,Total,Pareja,Total,Total
España,2017,4,1,Total,Total,Expareja,Total,Total
España,2017,4,3,Total,Total,Pareja,Total,Total
España,2017,8,1,Total,Total,Expareja,Total,Total
España,2017,8,2,Total,Total,Pareja,Total,Total
España,2017,12,1,Total,Total,Expareja,Total,Total
España,2017,12,2,Total,Total,Pareja,Total,Total
España,2017,1,2,Total,Total,Expareja,Total,Total
España,2017,1,3,Total,Total,Pareja,Total,Total
España,2017,2,2,Total,Total,Expareja,Total,Total
España,2017,2,8,Total,Total,Pareja,Total,Total
España,2017,7,0,Total,Total,Expareja,Total,Total
España,2017,7,2,Total,Total,Pareja,Total,Total
España,2017,6,1,Total,Total,Expareja,Total,Total
España,2017,6,3,Total,Total,Pareja,Total,Total
España,2017,3,0,Total,Total,Expareja,Total,Total
España,2017,3,3,Total,Total,Pareja,Total,Total
España,2017,5,0,Total,Total,Expareja,Total,Total
España,2017,5,6,Total,Total,Pareja,Total,Total
España,2017,11,2,Total,Total,Expareja,Total,Total
España,2017,11,0,Total,Total,Pareja,Total,Total
España,2017,10,1,Total,Total,Expareja,Total,Total
España,2017,10,4,Total,Total,Pareja,Total,Total
España,2017,9,1,Total,Total,Expareja,Total,Total
España,2017,9,1,Total,Total,Pareja,Total,Total
España,2018,4,1,Total,Total,Expareja,Total,Total
España,2018,4,3,Total,Total,Pareja,Total,Total
España,2018,8,0,Total,Total,Expareja,Total,Total
España,2018,8,8,Total,Total,Pareja,Total,Total
España,2018,12,0,Total,Total,Expareja,Total,Total
España,2018,12,2,Total,Total,Pareja,Total,Total
España,2018,1,0,Total,Total,Expareja,Total,Total
España,2018,1,2,Total,Total,Pareja,Total,Total
España,2018,2,0,Total,Total,Expareja,Total,Total
España,2018,2,2,Total,Total,Pareja,Total,Total
España,2018,7,1,Total,Total,Expareja,Total,Total
España,2018,7,7,Total,Total,Pareja,Total,Total
España,2018,6,0,Total,Total,Expareja,Total,Total
España,2018,6,6,Total,Total,Pareja,Total,Total
España,2018,3,0,Total,Total,Expareja,Total,Total
España,2018,3,3,Total,Total,Pareja,Total,Total
España,2018,5,0,Total,Total,Expareja,Total,Total
España,2018,5,1,Total,Total,Pareja,Total,Total
España,2018,11,2,Total,Total,Expareja,Total,Total
España,2018,11,0,Total,Total,Pareja,Total,Total
España,2018,10,2,Total,Total,Expareja,Total,Total
España,2018,10,2,Total,Total,Pareja,Total,Total
España,2018,9,2,Total,Total,Expareja,Total,Total
España,2018,9,8,Total,Total,Pareja,Total,Total
España,2019,4,0,Total,Total,Expareja,Total,Total
España,2019,4,6,Total,Total,Pareja,Total,Total
España,2019,8,2,Total,Total,Expareja,Total,Total
España,2019,8,2,Total,Total,Pareja,Total,Total
España,2019,12,0,Total,Total,Expareja,Total,Total
España,2019,12,1,Total,Total,Pareja,Total,Total
España,2019,1,1,Total,Total,Expareja,Total,Total
España,2019,1,7,Total,Total,Pareja,Total,Total
España,2019,2,0,Total,Total,Expareja,Total,Total
España,2019,2,3,Total,Total,Pareja,Total,Total
España,2019,7,0,Total,Total,Expareja,Total,Total
España,2019,7,9,Total,Total,Pareja,Total,Total
España,2019,6,1,Total,Total,Expareja,Total,Total
España,2019,6,6,Total,Total,Pareja,Total,Total
España,2019,3,0,Total,Total,Expareja,Total,Total
España,2019,3,5,Total,Total,Pareja,Total,Total
España,2019,5,0,Total,Total,Expareja,Total,Total
España,2019,5,3,Total,Total,Pareja,Total,Total
España,2019,11,0,Total,Total,Expareja,Total,Total
España,2019,11,2,Total,Total,Pareja,Total,Total
España,2019,10,1,Total,Total,Expareja,Total,Total
España,2019,10,3,Total,Total,Pareja,Total,Total
España,2019,9,2,Total,Total,Expareja,Total,Total
España,2019,9,2,Total,Total,Pareja,Total,Total
España,2020,4,0,Total,Total,Expareja,Total,Total
España,2020,4,2,Total,Total,Pareja,Total,Total
España,2020,8,2,Total,Total,Expareja,Total,Total
España,2020,8,5,Total,Total,Pareja,Total,Total
España,2020,12,0,Total,Total,Expareja,Total,Total
España,2020,12,5,Total,Total,Pareja,Total,Total
España,2020,1,1,Total,Total,Expareja,Total,Total
España,2020,1,7,Total,Total,Pareja,Total,Total
España,2020,2,2,Total,Total,Expareja,Total,Total
España,2020,2,5,Total,Total,Pareja,Total,Total
España,2020,7,1,Total,Total,Expareja,Total,Total
España,2020,7,3,Total,Total,Pareja,Total,Total
España,2020,6,0,Total,Total,Expareja,Total,Total
España,2020,6,2,Total,Total,Pareja,Total,Total
España,2020,3,0,Total,Total,Expareja,Total,Total
España,2020,3,4,Total,Total,Pareja,Total,Total
España,2020,5,0,Total,Total,Expareja,Total,Total
España,2020,5,2,Total,Total,Pareja,Total,Total
España,2020,11,0,Total,Total,Expareja,Total,Total
España,2020,11,4,Total,Total,Pareja,Total,Total
España,2020,10,1,Total,Total,Expareja,Total,Total
España,2020,10,0,Total,Total,Pareja,Total,Total
España,2020,9,0,Total,Total,Expareja,Total,Total
España,2020,9,4,Total,Total,Pareja,Total,Total
España,2021,4,2,Total,Total,Expareja,Total,Total
España,2021,4,2,Total,Total,Pareja,Total,Total
España,2021,8,0,Total,Total,Expareja,Total,Total
España,2021,8,3,Total,Total,Pareja,Total,Total
España,2021,12,3,Total,Total,Expareja,Total,Total
España,2021,12,5,Total,Total,Pareja,Total,Total
España,2021,1,0,Total,Total,Expareja,Total,Total
España,2021,1,1,Total,Total,Pareja,Total,Total
España,2021,2,0,Total,Total,Expareja,Total,Total
España,2021,2,3,Total,Total,Pareja,Total,Total
España,2021,7,3,Total,Total,Expareja,Total,Total
España,2021,7,3,Total,Total,Pareja,Total,Total
España,2021,6,4,Total,Total,Expareja,Total,Total
España,2021,6,6,Total,Total,Pareja,Total,Total
España,2021,3,1,Total,Total,Expareja,Total,Total
España,2021,3,1,Total,Total,Pareja,Total,Total
España,2021,5,2,Total,Total,Expareja,Total,Total
España,2021,5,5,Total,Total,Pareja,Total,Total
España,2021,11,0,Total,Total,Expareja,Total,Total
España,2021,11,1,Total,Total,Pareja,Total,Total
España,2021,10,0,Total,Total,Expareja,Total,Total
España,2021,10,2,Total,Total,Pareja,Total,Total
España,2021,9,0,Total,Total,Expareja,Total,Total
España,2021,9,2,Total,Total,Pareja,Total,Total
España,2022,4,3,Total,Total,Expareja,Total,Total
España,2022,4,2,Total,Total,Pareja,Total,Total
España,2022,8,0,Total,Total,Expareja,Total,Total
España,2022,8,3,Total,Total,Pareja,Total,Total
España,2022,12,1,Total,Total,Expareja,Total,Total
España,2022,12,9,Total,Total,Pareja,Total,Total
España,2022,1,0,Total,Total,Expareja,Total,Total
España,2022,1,2,Total,Total,Pareja,Total,Total
España,2022,2,1,Total,Total,Expareja,Total,Total
España,2022,2,1,Total,Total,Pareja,Total,Total
España,2022,7,2,Total,Total,Expareja,Total,Total
España,2022,7,2,Total,Total,Pareja,Total,Total
España,2022,6,0,Total,Total,Expareja,Total,Total
España,2022,6,4,Total,Total,Pareja,Total,Total
España,2022,3,2,Total,Total,Expareja,Total,Total
España,2022,3,3,Total,Total,Pareja,Total,Total
España,2022,5,1,Total,Total,Expareja,Total,Total
España,2022,5,5,Total,Total,Pareja,Total,Total
España,2022,11,0,Total,Total,Expareja,Total,Total
España,2022,11,3,Total,Total,Pareja,Total,Total
España,2022,10,0,Total,Total,Expareja,Total,Total
España,2022,10,1,Total,Total,Pareja,Total,Total
España,2022,9,0,Total,Total,Expareja,Total,Total
España,2022,9,5,Total,Total,Pareja,Total,Total
España,2023,4,1,Total,Total,Expareja,Total,Total
España,2023,4,2,Total,Total,Pareja,Total,Total
España,2023,8,1,Total,Total,Expareja,Total,Total
España,2023,8,7,Total,Total,Pareja,Total,Total
España,2023,12,1,Total,Total,Expareja,Total,Total
España,2023,12,1,Total,Total,Pareja,Total,Total
España,2023,1,2,Total,Total,Expareja,Total,Total
España,2023,1,5,Total,Total,Pareja,Total,Total
España,2023,2,1,Total,Total,Expareja,Total,Total
España,2023,2,2,Total,Total,Pareja,Total,Total
España,2023,7,2,Total,Total,Expareja,Total,Total
España,2023,7,5,Total,Total,Pareja,Total,Total
España,2023,6,1,Total,Total,Expareja,Total,Total
España,2023,6,4,Total,Total,Pareja,Total,Total
España,2023,3,1,Total,Total,Expareja,Total,Total
España,2023,3,1,Total,Total,Pareja,Total,Total
España,2023,5,1,Total,Total,Expareja,Total,Total
España,2023,5,5,Total,Total,Pareja,Total,Total
España,2023,11,1,Total,Total,Expareja,Total,Total
España,2023,11,3,Total,Total,Pareja,Total,Total
España,2023,10,0,Total,Total,Expareja,Total,Total
España,2023,10,1,Total,Total,Pareja,Total,Total
España,2023,9,2,Total,Total,Expareja,Total,Total
España,2023,9,8,Total,Total,Pareja,Total,Total
España,2024,4,2,Total,Total,Expareja,Total,Total
España,2024,4,2,Total,Total,Pareja,Total,Total
España,2024,8,2,Total,Total,Expareja,Total,Total
España,2024,8,3,Total,Total,Pareja,Total,Total
España,2024,12,1,Total,Total,Expareja,Total,Total
España,2024,12,3,Total,Total,Pareja,Total,Total
España,2024,1,0,Total,Total,Expareja,Total,Total
España,2024,1,2,Total,Total,Pareja,Total,Total
España,2024,2,0,Total,Total,Expareja,Total,Total
España,2024,2,3,Total,Total,Pareja,Total,Total
España,2024,7,1,Total,Total,Expareja,Total,Total
España,2024,7,7,Total,Total,Pareja,Total,Total
España,2024,6,1,Total,Total,Expareja,Total,Total
España,2024,6,6,Total,Total,Pareja,Total,Total
España,2024,3,2,Total,Total,Expareja,Total,Total
España,2024,3,0,Total,Total,Pareja,Total,Total
España,2024,5,1,Total,Total,Expareja,Total,Total
España,2024,5,0,Total,Total,Pareja,Total,Total
España,2024,11,3,Total,Total,Expareja,Total,Total
España,2024,11,1,Total,Total,Pareja,Total,Total
España,2024,10,2,Total,Total,Expareja,Total,Total
España,2024,10,3,Total,Total,Pareja,Total,Total
España,2024,9,0,Total,Total,Expareja,Total,Total
España,2024,9,4,Total,Total,Pareja,Total,Total
España,2025,4,0,Total,Total,Expareja,Total,Total
España,2025,4,4,Total,Total,Pareja,Total,Total
España,2025,8,1,Total,Total,Expareja,Total,Total
España,2025,8,1,Total,Total,Pareja,Total,Total
España,2025,12,0,Total,Total,Expareja,Total,Total
España,2025,12,5,Total,Total,Pareja,Total,Total
España,2025,1,0,Total,Total,Expareja,Total,Total
España,2025,1,1,Total,Total,Pareja,Total,Total
España,2025,2,0,Total,Total,Expareja,Total,Total
España,2025,2,2,Total,Total,Pareja,Total,Total
España,2025,7,0,Total,Total,Expareja,Total,Total
España,2025,7,3,Total,Total,Pareja,Total,Total
España,2025,6,0,Total,Total,Expareja,Total,Total
España,2025,6,8,Total,Total,Pareja,Total,Total
España,2025,3,0,Total,Total,Expareja,Total,Total
España,2025,3,5,Total,Total,Pareja,Total,Total
España,2025,5,0,Total,Total,Expareja,Total,Total
España,2025,5,1,Total,Total,Pareja,Total,Total
España,2025,11,1,Total,Total,Expareja,Total,Total
España,2025,11,6,Total,Total,Pareja,Total,Total
España,2025,10,2,Total,Total,Expareja,Total,Total
España,2025,10,3,Total,Total,Pareja,Total,Total
España,2025,9,1,Total,Total,Expareja,Total,Total
España,2025,9,4,Total,Total,Pareja,Total,Total
España,2026,4,2,Total,Total,Expareja,Total,Total
España,2026,4,0,Total,Total,Pareja,Total,Total
España,2026,1,3,Total,Total,Expareja,Total,Total
España,2026,1,3,Total,Total,Pareja,Total,Total
España,2026,2,4,Total,Total,Expareja,Total,Total
España,2026,2,1,Total,Total,Pareja,Total,Total
España,2026,7,1,Total,Total,Expareja,Total,Total
España,2026,7,5,Total,Total,Pareja,Total,Total
España,2026,6,0,Total,Total,Expareja,Total,Total
España,2026,6,3,Total,Total,Pareja,Total,Total
España,2026,3,2,Total,Total,Expareja,Total,Total
España,2026,3,3,Total,Total,Pareja,Total,Total
España,2026,5,2,Total,Total,Expareja,Total,Total
España,2026,5,3,Total,Total,Pareja,Total,Total
España,2003,4,0,Total,Total,Total,No,Total
España,2003,4,0,Total,Total,Total,No contesta,Total
España,2003,4,5,Total,Total,Total,Sí,Total
España,2003,8,2,Total,Total,Total,No,Total
España,2003,8,0,Total,Total,Total,No contesta,Total
España,2003,8,6,Total,Total,Total,Sí,Total
España,2003,12,1,Total,Total,Total,No,Total
España,2003,12,0,Total,Total,Total,No contesta,Total
España,2003,12,2,Total,Total,Total,Sí,Total
España,2003,1,1,Total,Total,Total,No,Total
España,2003,1,0,Total,Total,Total,No contesta,Total
España,2003,1,7,Total,Total,Total,Sí,Total
España,2003,2,1,Total,Total,Total,No,Total
España,2003,2,0,Total,Total,Total,No contesta,Total
España,2003,2,3,Total,Total,Total,Sí,Total
España,2003,7,1,Total,Total,Total,No,Total
España,2003,7,0,Total,Total,Total,No contesta,Total
España,2003,7,7,Total,Total,Total,Sí,Total
España,2003,6,2,Total,Total,Total,No,Total
España,2003,6,0,Total,Total,Total,No contesta,Total
España,2003,6,5,Total,Total,Total,Sí,Total
España,2003,3,2,Total,Total,Total,No,Total
España,2003,3,0,Total,Total,Total,No contesta,Total
España,2003,3,4,Total,Total,Total,Sí,Total
España,2003,5,1,Total,Total,Total,No,Total
España,2003,5,0,Total,Total,Total,No contesta,Total
España,2003,5,6,Total,Total,Total,Sí,Total
España,2003,11,3,Total,Total,Total,No,Total
España,2003,11,0,Total,Total,Total,No contesta,Total
España,2003,11,6,Total,Total,Total,Sí,Total
España,2003,10,0,Total,Total,Total,No,Total
España,2003,10,0,Total,Total,Total,No contesta,Total
España,2003,10,2,Total,Total,Total,Sí,Total
España,2003,9,2,Total,Total,Total,No,Total
España,2003,9,0,Total,Total,Total,No contesta,Total
España,2003,9,2,Total,Total,Total,Sí,Total
España,2004,4,1,Total,Total,Total,No,Total
España,2004,4,0,Total,Total,Total,No contesta,Total
España,2004,4,5,Total,Total,Total,Sí,Total
España,2004,8,3,Total,Total,Total,No,Total
España,2004,8,0,Total,Total,Total,No contesta,Total
España,2004,8,3,Total,Total,Total,Sí,Total
España,2004,12,2,Total,Total,Total,No,Total
España,2004,12,0,Total,Total,Total,No contesta,Total
España,2004,12,6,Total,Total,Total,Sí,Total
España,2004,1,1,Total,Total,Total,No,Total
España,2004,1,0,Total,Total,Total,No contesta,Total
España,2004,1,1,Total,Total,Total,Sí,Total
España,2004,2,0,Total,Total,Total,No,Total
España,2004,2,0,Total,Total,Total,No contesta,Total
España,2004,2,5,Total,Total,Total,Sí,Total
España,2004,7,3,Total,Total,Total,No,Total
España,2004,7,0,Total,Total,Total,No contesta,Total
España,2004,7,4,Total,Total,Total,Sí,Total
España,2004,6,2,Total,Total,Total,No,Total
España,2004,6,0,Total,Total,Total,No contesta,Total
España,2004,6,4,Total,Total,Total,Sí,Total
España,2004,3,1,Total,Total,Total,No,Total
España,2004,3,0,Total,Total,Total,No contesta,Total
España,2004,3,5,Total,Total,Total,Sí,Total
España,2004,5,3,Total,Total,Total,No,Total
España,2004,5,0,Total,Total,Total,No contesta,Total
España,2004,5,5,Total,Total,Total,Sí,Total
España,2004,11,2,Total,Total,Total,No,Total
España,2004,11,0,Total,Total,Total,No contesta,Total
España,2004,11,2,Total,Total,Total,Sí,Total
España,2004,10,3,Total,Total,Total,No,Total
España,2004,10,0,Total,Total,Total,No contesta,Total
España,2004,10,4,Total,Total,Total,Sí,Total
España,2004,9,3,Total,Total,Total,No,Total
España,2004,9,0,Total,Total,Total,No contesta,Total
España,2004,9,4,Total,Total,Total,Sí,Total
España,2005,4,0,Total,Total,Total,No,Total
España,2005,4,0,Total,Total,Total,No contesta,Total
España,2005,4,4,Total,Total,Total,Sí,Total
España,2005,8,2,Total,Total,Total,No,Total
España,2005,8,0,Total,Total,Total,No contesta,Total
España,2005,8,4,Total,Total,Total,Sí,Total
España,2005,12,0,Total,Total,Total,No,Total
España,2005,12,0,Total,Total,Total,No contesta,Total
España,2005,12,3,Total,Total,Total,Sí,Total
España,2005,1,4,Total,Total,Total,No,Total
España,2005,1,0,Total,Total,Total,No contesta,Total
España,2005,1,2,Total,Total,Total,Sí,Total
España,2005,2,3,Total,Total,Total,No,Total
España,2005,2,0,Total,Total,Total,No contesta,Total
España,2005,2,3,Total,Total,Total,Sí,Total
España,2005,7,1,Total,Total,Total,No,Total
España,2005,7,0,Total,Total,Total,No contesta,Total
España,2005,7,3,Total,Total,Total,Sí,Total
España,2005,6,0,Total,Total,Total,No,Total
España,2005,6,0,Total,Total,Total,No contesta,Total
España,2005,6,6,Total,Total,Total,Sí,Total
España,2005,3,0,Total,Total,Total,No,Total
España,2005,3,0,Total,Total,Total,No contesta,Total
España,2005,3,3,Total,Total,Total,Sí,Total
España,2005,5,3,Total,Total,Total,No,Total
España,2005,5,0,Total,Total,Total,No contesta,Total
España,2005,5,1,Total,Total,Total,Sí,Total
España,2005,11,1,Total,Total,Total,No,Total
España,2005,11,0,Total,Total,Total,No contesta,Total
España,2005,11,5,Total,Total,Total,Sí,Total
España,2005,10,4,Total,Total,Total,No,Total
España,2005,10,0,Total,Total,Total,No contesta,Total
España,2005,10,1,Total,Total,Total,Sí,Total
España,2005,9,3,Total,Total,Total,No,Total
España,2005,9,0,Total,Total,Total,No contesta,Total
España,2005,9,1,Total,Total,Total,Sí,Total
España,2006,4,2,Total,Total,Total,No,Total
España,2006,4,0,Total,Total,Total,No contesta,Total
España,2006,4,3,Total,Total,Total,Sí,Total
España,2006,8,2,Total,Total,Total,No,Total
España,2006,8,0,Total,Total,Total,No contesta,Total
España,2006,8,7,Total,Total,Total,Sí,Total
España,2006,12,2,Total,Total,Total,No,Total
España,2006,12,0,Total,Total,Total,No contesta,Total
España,2006,12,4,Total,Total,Total,Sí,Total
España,2006,1,5,Total,Total,Total,No,Total
España,2006,1,0,Total,Total,Total,No contesta,Total
España,2006,1,4,Total,Total,Total,Sí,Total
España,2006,2,1,Total,Total,Total,No,Total
España,2006,2,0,Total,Total,Total,No contesta,Total
España,2006,2,3,Total,Total,Total,Sí,Total
España,2006,7,3,Total,Total,Total,No,Total
España,2006,7,0,Total,Total,Total,No contesta,Total
España,2006,7,5,Total,Total,Total,Sí,Total
España,2006,6,1,Total,Total,Total,No,Total
España,2006,6,0,Total,Total,Total,No contesta,Total
España,2006,6,1,Total,Total,Total,Sí,Total
España,2006,3,2,Total,Total,Total,No,Total
España,2006,3,0,Total,Total,Total,No contesta,Total
España,2006,3,7,Total,Total,Total,Sí,Total
España,2006,5,2,Total,Total,Total,No,Total
España,2006,5,0,Total,Total,Total,No contesta,Total
España,2006,5,3,Total,Total,Total,Sí,Total
España,2006,11,1,Total,Total,Total,No,Total
España,2006,11,0,Total,Total,Total,No contesta,Total
España,2006,11,1,Total,Total,Total,Sí,Total
España,2006,10,2,Total,Total,Total,No,Total
España,2006,10,0,Total,Total,Total,No contesta,Total
España,2006,10,4,Total,Total,Total,Sí,Total
España,2006,9,1,Total,Total,Total,No,Total
España,2006,9,0,Total,Total,Total,No contesta,Total
España,2006,9,3,Total,Total,Total,Sí,Total
España,2007,4,2,Total,Total,Total,No,Total
España,2007,4,0,Total,Total,Total,No contesta,Total
España,2007,4,2,Total,Total,Total,Sí,Total
España,2007,8,1,Total,Total,Total,No,Total
España,2007,8,0,Total,Total,Total,No contesta,Total
España,2007,8,6,Total,Total,Total,Sí,Total
España,2007,12,1,Total,Total,Total,No,Total
España,2007,12,0,Total,Total,Total,No contesta,Total
España,2007,12,0,Total,Total,Total,Sí,Total
España,2007,1,3,Total,Total,Total,No,Total
España,2007,1,0,Total,Total,Total,No contesta,Total
España,2007,1,2,Total,Total,Total,Sí,Total
España,2007,2,3,Total,Total,Total,No,Total
España,2007,2,0,Total,Total,Total,No contesta,Total
España,2007,2,6,Total,Total,Total,Sí,Total
España,2007,7,0,Total,Total,Total,No,Total
España,2007,7,0,Total,Total,Total,No contesta,Total
España,2007,7,8,Total,Total,Total,Sí,Total
España,2007,6,4,Total,Total,Total,No,Total
España,2007,6,0,Total,Total,Total,No contesta,Total
España,2007,6,6,Total,Total,Total,Sí,Total
España,2007,3,2,Total,Total,Total,No,Total
España,2007,3,0,Total,Total,Total,No contesta,Total
España,2007,3,2,Total,Total,Total,Sí,Total
España,2007,5,1,Total,Total,Total,No,Total
España,2007,5,0,Total,Total,Total,No contesta,Total
España,2007,5,6,Total,Total,Total,Sí,Total
España,2007,11,3,Total,Total,Total,No,Total
España,2007,11,0,Total,Total,Total,No contesta,Total
España,2007,11,4,Total,Total,Total,Sí,Total
España,2007,10,3,Total,Total,Total,No,Total
España,2007,10,0,Total,Total,Total,No contesta,Total
España,2007,10,2,Total,Total,Total,Sí,Total
España,2007,9,1,Total,Total,Total,No,Total
España,2007,9,0,Total,Total,Total,No contesta,Total
España,2007,9,3,Total,Total,Total,Sí,Total
España,2008,4,4,Total,Total,Total,No,Total
España,2008,4,0,Total,Total,Total,No contesta,Total
España,2008,4,1,Total,Total,Total,Sí,Total
España,2008,8,3,Total,Total,Total,No,Total
España,2008,8,0,Total,Total,Total,No contesta,Total
España,2008,8,5,Total,Total,Total,Sí,Total
España,2008,12,3,Total,Total,Total,No,Total
España,2008,12,0,Total,Total,Total,No contesta,Total
España,2008,12,8,Total,Total,Total,Sí,Total
España,2008,1,1,Total,Total,Total,No,Total
España,2008,1,0,Total,Total,Total,No contesta,Total
España,2008,1,6,Total,Total,Total,Sí,Total
España,2008,2,3,Total,Total,Total,No,Total
España,2008,2,0,Total,Total,Total,No contesta,Total
España,2008,2,5,Total,Total,Total,Sí,Total
España,2008,7,4,Total,Total,Total,No,Total
España,2008,7,0,Total,Total,Total,No contesta,Total
España,2008,7,1,Total,Total,Total,Sí,Total
España,2008,6,1,Total,Total,Total,No,Total
España,2008,6,0,Total,Total,Total,No contesta,Total
España,2008,6,4,Total,Total,Total,Sí,Total
España,2008,3,2,Total,Total,Total,No,Total
España,2008,3,0,Total,Total,Total,No contesta,Total
España,2008,3,2,Total,Total,Total,Sí,Total
España,2008,5,2,Total,Total,Total,No,Total
España,2008,5,0,Total,Total,Total,No contesta,Total
España,2008,5,1,Total,Total,Total,Sí,Total
España,2008,11,3,Total,Total,Total,No,Total
España,2008,11,0,Total,Total,Total,No contesta,Total
España,2008,11,3,Total,Total,Total,Sí,Total
España,2008,10,5,Total,Total,Total,No,Total
España,2008,10,0,Total,Total,Total,No contesta,Total
España,2008,10,2,Total,Total,Total,Sí,Total
España,2008,9,5,Total,Total,Total,No,Total
España,2008,9,0,Total,Total,Total,No contesta,Total
España,2008,9,2,Total,Total,Total,Sí,Total
España,2009,4,0,Total,Total,Total,No,Total
España,2009,4,0,Total,Total,Total,No contesta,Total
España,2009,4,2,Total,Total,Total,Sí,Total
España,2009,8,1,Total,Total,Total,No,Total
España,2009,8,0,Total,Total,Total,No contesta,Total
España,2009,8,5,Total,Total,Total,Sí,Total
España,2009,12,1,Total,Total,Total,No,Total
España,2009,12,0,Total,Total,Total,No contesta,Total
España,2009,12,4,Total,Total,Total,Sí,Total
España,2009,2,4,Total,Total,Total,No,Total
España,2009,2,0,Total,Total,Total,No contesta,Total
España,2009,2,1,Total,Total,Total,Sí,Total
España,2009,7,2,Total,Total,Total,No,Total
España,2009,7,0,Total,Total,Total,No contesta,Total
España,2009,7,4,Total,Total,Total,Sí,Total
España,2009,6,3,Total,Total,Total,No,Total
España,2009,6,0,Total,Total,Total,No contesta,Total
España,2009,6,3,Total,Total,Total,Sí,Total
España,2009,3,2,Total,Total,Total,No,Total
España,2009,3,1,Total,Total,Total,No contesta,Total
España,2009,3,3,Total,Total,Total,Sí,Total
España,2009,5,5,Total,Total,Total,No,Total
España,2009,5,0,Total,Total,Total,No contesta,Total
España,2009,5,4,Total,Total,Total,Sí,Total
España,2009,11,1,Total,Total,Total,No,Total
España,2009,11,0,Total,Total,Total,No contesta,Total
España,2009,11,0,Total,Total,Total,Sí,Total
España,2009,10,1,Total,Total,Total,No,Total
España,2009,10,0,Total,Total,Total,No contesta,Total
España,2009,10,5,Total,Total,Total,Sí,Total
España,2009,9,2,Total,Total,Total,No,Total
España,2009,9,0,Total,Total,Total,No contesta,Total
España,2009,9,4,Total,Total,Total,Sí,Total
España,2010,4,2,Total,Total,Total,No,Total
España,2010,4,0,Total,Total,Total,No contesta,Total
España,2010,4,6,Total,Total,Total,Sí,Total
España,2010,8,0,Total,Total,Total,No,Total
España,2010,8,0,Total,Total,Total,No contesta,Total
España,2010,8,2,Total,Total,Total,Sí,Total
España,2010,12,2,Total,Total,Total,No,Total
España,2010,12,0,Total,Total,Total,No contesta,Total
España,2010,12,5,Total,Total,Total,Sí,Total
España,2010,1,1,Total,Total,Total,No,Total
España,2010,1,0,Total,Total,Total,No contesta,Total
España,2010,1,2,Total,Total,Total,Sí,Total
España,2010,2,0,Total,Total,Total,No,Total
España,2010,2,0,Total,Total,Total,No contesta,Total
España,2010,2,4,Total,Total,Total,Sí,Total
España,2010,7,4,Total,Total,Total,No,Total
España,2010,7,0,Total,Total,Total,No contesta,Total
España,2010,7,7,Total,Total,Total,Sí,Total
España,2010,6,2,Total,Total,Total,No,Total
España,2010,6,0,Total,Total,Total,No contesta,Total
España,2010,6,3,Total,Total,Total,Sí,Total
España,2010,3,4,Total,Total,Total,No,Total
España,2010,3,0,Total,Total,Total,No contesta,Total
España,2010,3,3,Total,Total,Total,Sí,Total
España,2010,5,1,Total,Total,Total,No,Total
España,2010,5,0,Total,Total,Total,No contesta,Total
España,2010,5,5,Total,Total,Total,Sí,Total
España,2010,11,3,Total,Total,Total,No,Total
España,2010,11,0,Total,Total,Total,No contesta,Total
España,2010,11,4,Total,Total,Total,Sí,Total
España,2010,10,1,Total,Total,Total,No,Total
España,2010,10,0,Total,Total,Total,No contesta,Total
España,2010,10,5,Total,Total,Total,Sí,Total
España,2010,9,6,Total,Total,Total,No,Total
España,2010,9,0,Total,Total,Total,No contesta,Total
España,2010,9,2,Total,Total,Total,Sí,Total
España,2011,4,1,Total,Total,Total,No,Total
España,2011,4,0,Total,Total,Total,No contesta,Total
España,2011,4,2,Total,Total,Total,Sí,Total
España,2011,8,2,Total,Total,Total,No,Total
España,2011,8,0,Total,Total,Total,No contesta,Total
España,2011,8,2,Total,Total,Total,Sí,Total
España,2011,12,3,Total,Total,Total,No,Total
España,2011,12,0,Total,Total,Total,No contesta,Total
España,2011,12,3,Total,Total,Total,Sí,Total
España,2011,1,1,Total,Total,Total,No,Total
España,2011,1,0,Total,Total,Total,No contesta,Total
España,2011,1,7,Total,Total,Total,Sí,Total
España,2011,2,3,Total,Total,Total,No,Total
España,2011,2,0,Total,Total,Total,No contesta,Total
España,2011,2,3,Total,Total,Total,Sí,Total
España,2011,7,2,Total,Total,Total,No,Total
España,2011,7,0,Total,Total,Total,No contesta,Total
España,2011,7,5,Total,Total,Total,Sí,Total
España,2011,6,0,Total,Total,Total,No,Total
España,2011,6,0,Total,Total,Total,No contesta,Total
España,2011,6,2,Total,Total,Total,Sí,Total
España,2011,3,2,Total,Total,Total,No,Total
España,2011,3,0,Total,Total,Total,No contesta,Total
España,2011,3,1,Total,Total,Total,Sí,Total
España,2011,5,4,Total,Total,Total,No,Total
España,2011,5,0,Total,Total,Total,No contesta,Total
España,2011,5,4,Total,Total,Total,Sí,Total
España,2011,11,1,Total,Total,Total,No,Total
España,2011,11,0,Total,Total,Total,No contesta,Total
España,2011,11,2,Total,Total,Total,Sí,Total
España,2011,10,1,Total,Total,Total,No,Total
España,2011,10,0,Total,Total,Total,No contesta,Total
España,2011,10,5,Total,Total,Total,Sí,Total
España,2011,9,2,Total,Total,Total,No,Total
España,2011,9,0,Total,Total,Total,No contesta,Total
España,2011,9,4,Total,Total,Total,Sí,Total
España,2012,4,1,Total,Total,Total,No,Total
España,2012,4,0,Total,Total,Total,No contesta,Total
España,2012,4,3,Total,Total,Total,Sí,Total
España,2012,8,1,Total,Total,Total,No,Total
España,2012,8,0,Total,Total,Total,No contesta,Total
España,2012,8,1,Total,Total,Total,Sí,Total
España,2012,12,2,Total,Total,Total,No,Total
España,2012,12,0,Total,Total,Total,No contesta,Total
España,2012,12,1,Total,Total,Total,Sí,Total
España,2012,1,1,Total,Total,Total,No,Total
España,2012,1,0,Total,Total,Total,No contesta,Total
España,2012,1,7,Total,Total,Total,Sí,Total
España,2012,2,2,Total,Total,Total,No,Total
España,2012,2,0,Total,Total,Total,No contesta,Total
España,2012,2,0,Total,Total,Total,Sí,Total
España,2012,7,1,Total,Total,Total,No,Total
España,2012,7,0,Total,Total,Total,No contesta,Total
España,2012,7,2,Total,Total,Total,Sí,Total
España,2012,6,1,Total,Total,Total,No,Total
España,2012,6,0,Total,Total,Total,No contesta,Total
España,2012,6,9,Total,Total,Total,Sí,Total
España,2012,3,0,Total,Total,Total,No,Total
España,2012,3,0,Total,Total,Total,No contesta,Total
España,2012,3,2,Total,Total,Total,Sí,Total
España,2012,5,0,Total,Total,Total,No,Total
España,2012,5,0,Total,Total,Total,No contesta,Total
España,2012,5,3,Total,Total,Total,Sí,Total
España,2012,11,0,Total,Total,Total,No,Total
España,2012,11,0,Total,Total,Total,No contesta,Total
España,2012,11,6,Total,Total,Total,Sí,Total
España,2012,10,3,Total,Total,Total,No,Total
España,2012,10,0,Total,Total,Total,No contesta,Total
España,2012,10,3,Total,Total,Total,Sí,Total
España,2012,9,2,Total,Total,Total,No,Total
España,2012,9,0,Total,Total,Total,No contesta,Total
España,2012,9,0,Total,Total,Total,Sí,Total
España,2013,4,0,Total,Total,Total,No,Total
España,2013,4,0,Total,Total,Total,No contesta,Total
España,2013,4,6,Total,Total,Total,Sí,Total
España,2013,8,1,Total,Total,Total,No,Total
España,2013,8,0,Total,Total,Total,No contesta,Total
España,2013,8,1,Total,Total,Total,Sí,Total
España,2013,12,1,Total,Total,Total,No,Total
España,2013,12,0,Total,Total,Total,No contesta,Total
España,2013,12,1,Total,Total,Total,Sí,Total
España,2013,1,2,Total,Total,Total,No,Total
España,2013,1,0,Total,Total,Total,No contesta,Total
España,2013,1,2,Total,Total,Total,Sí,Total
España,2013,2,3,Total,Total,Total,No,Total
España,2013,2,0,Total,Total,Total,No contesta,Total
España,2013,2,1,Total,Total,Total,Sí,Total
España,2013,7,2,Total,Total,Total,No,Total
España,2013,7,0,Total,Total,Total,No contesta,Total
España,2013,7,0,Total,Total,Total,Sí,Total
España,2013,6,1,Total,Total,Total,No,Total
España,2013,6,0,Total,Total,Total,No contesta,Total
España,2013,6,1,Total,Total,Total,Sí,Total
España,2013,3,1,Total,Total,Total,No,Total
España,2013,3,0,Total,Total,Total,No contesta,Total
España,2013,3,7,Total,Total,Total,Sí,Total
España,2013,5,4,Total,Total,Total,No,Total
España,2013,5,0,Total,Total,Total,No contesta,Total
España,2013,5,2,Total,Total,Total,Sí,Total
España,2013,11,4,Total,Total,Total,No,Total
España,2013,11,0,Total,Total,Total,No contesta,Total
España,2013,11,1,Total,Total,Total,Sí,Total
España,2013,10,2,Total,Total,Total,No,Total
España,2013,10,0,Total,Total,Total,No contesta,Total
España,2013,10,3,Total,Total,Total,Sí,Total
España,2013,9,3,Total,Total,Total,No,Total
España,2013,9,0,Total,Total,Total,No contesta,Total
España,2013,9,5,Total,Total,Total,Sí,Total
España,2014,4,1,Total,Total,Total,No,Total
España,2014,4,0,Total,Total,Total,No contesta,Total
España,2014,4,3,Total,Total,Total,Sí,Total
España,2014,8,1,Total,Total,Total,No,Total
España,2014,8,0,Total,Total,Total,No contesta,Total
España,2014,8,7,Total,Total,Total,Sí,Total
España,2014,12,2,Total,Total,Total,No,Total
España,2014,12,0,Total,Total,Total,No contesta,Total
España,2014,12,4,Total,Total,Total,Sí,Total
España,2014,1,1,Total,Total,Total,No,Total
España,2014,1,0,Total,Total,Total,No contesta,Total
España,2014,1,6,Total,Total,Total,Sí,Total
España,2014,2,2,Total,Total,Total,No,Total
España,2014,2,0,Total,Total,Total,No contesta,Total
España,2014,2,3,Total,Total,Total,Sí,Total
España,2014,7,2,Total,Total,Total,No,Total
España,2014,7,0,Total,Total,Total,No contesta,Total
España,2014,7,2,Total,Total,Total,Sí,Total
España,2014,6,2,Total,Total,Total,No,Total
España,2014,6,0,Total,Total,Total,No contesta,Total
España,2014,6,1,Total,Total,Total,Sí,Total
España,2014,3,4,Total,Total,Total,No,Total
España,2014,3,0,Total,Total,Total,No contesta,Total
España,2014,3,4,Total,Total,Total,Sí,Total
España,2014,5,1,Total,Total,Total,No,Total
España,2014,5,0,Total,Total,Total,No contesta,Total
España,2014,5,2,Total,Total,Total,Sí,Total
España,2014,11,2,Total,Total,Total,No,Total
España,2014,11,0,Total,Total,Total,No contesta,Total
España,2014,11,3,Total,Total,Total,Sí,Total
España,2014,10,0,Total,Total,Total,No,Total
España,2014,10,0,Total,Total,Total,No contesta,Total
España,2014,10,2,Total,Total,Total,Sí,Total
España,2014,9,0,Total,Total,Total,No,Total
España,2014,9,0,Total,Total,Total,No contesta,Total
España,2014,9,2,Total,Total,Total,Sí,Total
España,2015,4,0,Total,Total,Total,No,Total
España,2015,4,0,Total,Total,Total,No contesta,Total
España,2015,4,1,Total,Total,Total,Sí,Total
España,2015,8,4,Total,Total,Total,No,Total
España,2015,8,0,Total,Total,Total,No contesta,Total
España,2015,8,2,Total,Total,Total,Sí,Total
España,2015,12,2,Total,Total,Total,No,Total
España,2015,12,0,Total,Total,Total,No contesta,Total
España,2015,12,7,Total,Total,Total,Sí,Total
España,2015,1,0,Total,Total,Total,No,Total
España,2015,1,0,Total,Total,Total,No contesta,Total
España,2015,1,3,Total,Total,Total,Sí,Total
España,2015,2,1,Total,Total,Total,No,Total
España,2015,2,0,Total,Total,Total,No contesta,Total
España,2015,2,1,Total,Total,Total,Sí,Total
España,2015,7,5,Total,Total,Total,No,Total
España,2015,7,0,Total,Total,Total,No contesta,Total
España,2015,7,4,Total,Total,Total,Sí,Total
España,2015,6,1,Total,Total,Total,No,Total
España,2015,6,0,Total,Total,Total,No contesta,Total
España,2015,6,4,Total,Total,Total,Sí,Total
España,2015,3,0,Total,Total,Total,No,Total
España,2015,3,0,Total,Total,Total,No contesta,Total
España,2015,3,4,Total,Total,Total,Sí,Total
España,2015,5,1,Total,Total,Total,No,Total
España,2015,5,0,Total,Total,Total,No contesta,Total
España,2015,5,3,Total,Total,Total,Sí,Total
España,2015,11,1,Total,Total,Total,No,Total
España,2015,11,0,Total,Total,Total,No contesta,Total
España,2015,11,6,Total,Total,Total,Sí,Total
España,2015,10,3,Total,Total,Total,No,Total
España,2015,10,0,Total,Total,Total,No contesta,Total
España,2015,10,4,Total,Total,Total,Sí,Total
España,2015,9,2,Total,Total,Total,No,Total
España,2015,9,0,Total,Total,Total,No contesta,Total
España,2015,9,0,Total,Total,Total,Sí,Total
España,2016,4,2,Total,Total,Total,No,Total
España,2016,4,0,Total,Total,Total,No contesta,Total
España,2016,4,2,Total,Total,Total,Sí,Total
España,2016,8,1,Total,Total,Total,No,Total
España,2016,8,0,Total,Total,Total,No contesta,Total
España,2016,8,2,Total,Total,Total,Sí,Total
España,2016,12,2,Total,Total,Total,No,Total
España,2016,12,0,Total,Total,Total,No contesta,Total
España,2016,12,3,Total,Total,Total,Sí,Total
España,2016,1,1,Total,Total,Total,No,Total
España,2016,1,0,Total,Total,Total,No contesta,Total
España,2016,1,6,Total,Total,Total,Sí,Total
España,2016,2,3,Total,Total,Total,No,Total
España,2016,2,0,Total,Total,Total,No contesta,Total
España,2016,2,1,Total,Total,Total,Sí,Total
España,2016,7,4,Total,Total,Total,No,Total
España,2016,7,0,Total,Total,Total,No contesta,Total
España,2016,7,2,Total,Total,Total,Sí,Total
España,2016,6,1,Total,Total,Total,No,Total
España,2016,6,0,Total,Total,Total,No contesta,Total
España,2016,6,2,Total,Total,Total,Sí,Total
España,2016,3,1,Total,Total,Total,No,Total
España,2016,3,0,Total,Total,Total,No contesta,Total
España,2016,3,1,Total,Total,Total,Sí,Total
España,2016,5,1,Total,Total,Total,No,Total
España,2016,5,0,Total,Total,Total,No contesta,Total
España,2016,5,3,Total,Total,Total,Sí,Total
España,2016,11,2,Total,Total,Total,No,Total
España,2016,11,0,Total,Total,Total,No contesta,Total
España,2016,11,3,Total,Total,Total,Sí,Total
España,2016,10,1,Total,Total,Total,No,Total
España,2016,10,0,Total,Total,Total,No contesta,Total
España,2016,10,3,Total,Total,Total,Sí,Total
España,2016,9,0,Total,Total,Total,No,Total
España,2016,9,0,Total,Total,Total,No contesta,Total
España,2016,9,2,Total,Total,Total,Sí,Total
España,2017,4,2,Total,Total,Total,No,Total
España,2017,4,0,Total,Total,Total,No contesta,Total
España,2017,4,2,Total,Total,Total,Sí,Total
España,2017,8,1,Total,Total,Total,No,Total
España,2017,8,0,Total,Total,Total,No contesta,Total
España,2017,8,2,Total,Total,Total,Sí,Total
España,2017,12,2,Total,Total,Total,No,Total
España,2017,12,0,Total,Total,Total,No contesta,Total
España,2017,12,1,Total,Total,Total,Sí,Total
España,2017,1,2,Total,Total,Total,No,Total
España,2017,1,0,Total,Total,Total,No contesta,Total
España,2017,1,3,Total,Total,Total,Sí,Total
España,2017,2,4,Total,Total,Total,No,Total
España,2017,2,1,Total,Total,Total,No contesta,Total
España,2017,2,5,Total,Total,Total,Sí,Total
España,2017,7,0,Total,Total,Total,No,Total
España,2017,7,0,Total,Total,Total,No contesta,Total
España,2017,7,2,Total,Total,Total,Sí,Total
España,2017,6,2,Total,Total,Total,No,Total
España,2017,6,0,Total,Total,Total,No contesta,Total
España,2017,6,2,Total,Total,Total,Sí,Total
España,2017,3,0,Total,Total,Total,No,Total
España,2017,3,0,Total,Total,Total,No contesta,Total
España,2017,3,3,Total,Total,Total,Sí,Total
España,2017,5,2,Total,Total,Total,No,Total
España,2017,5,0,Total,Total,Total,No contesta,Total
España,2017,5,4,Total,Total,Total,Sí,Total
España,2017,11,2,Total,Total,Total,No,Total
España,2017,11,0,Total,Total,Total,No contesta,Total
España,2017,11,0,Total,Total,Total,Sí,Total
España,2017,10,1,Total,Total,Total,No,Total
España,2017,10,0,Total,Total,Total,No contesta,Total
España,2017,10,4,Total,Total,Total,Sí,Total
España,2017,9,1,Total,Total,Total,No,Total
España,2017,9,0,Total,Total,Total,No contesta,Total
España,2017,9,1,Total,Total,Total,Sí,Total
España,2018,4,3,Total,Total,Total,No,Total
España,2018,4,1,Total,Total,Total,No contesta,Total
España,2018,4,0,Total,Total,Total,Sí,Total
España,2018,8,0,Total,Total,Total,No,Total
España,2018,8,0,Total,Total,Total,No contesta,Total
España,2018,8,8,Total,Total,Total,Sí,Total
España,2018,12,0,Total,Total,Total,No,Total
España,2018,12,0,Total,Total,Total,No contesta,Total
España,2018,12,2,Total,Total,Total,Sí,Total
España,2018,1,0,Total,Total,Total,No,Total
España,2018,1,0,Total,Total,Total,No contesta,Total
España,2018,1,2,Total,Total,Total,Sí,Total
España,2018,2,1,Total,Total,Total,No,Total
España,2018,2,0,Total,Total,Total,No contesta,Total
España,2018,2,1,Total,Total,Total,Sí,Total
España,2018,7,1,Total,Total,Total,No,Total
España,2018,7,1,Total,Total,Total,No contesta,Total
España,2018,7,6,Total,Total,Total,Sí,Total
España,2018,6,2,Total,Total,Total,No,Total
España,2018,6,0,Total,Total,Total,No contesta,Total
España,2018,6,4,Total,Total,Total,Sí,Total
España,2018,3,1,Total,Total,Total,No,Total
España,2018,3,0,Total,Total,Total,No contesta,Total
España,2018,3,2,Total,Total,Total,Sí,Total
España,2018,5,1,Total,Total,Total,No,Total
España,2018,5,0,Total,Total,Total,No contesta,Total
España,2018,5,0,Total,Total,Total,Sí,Total
España,2018,11,2,Total,Total,Total,No,Total
España,2018,11,0,Total,Total,Total,No contesta,Total
España,2018,11,0,Total,Total,Total,Sí,Total
España,2018,10,3,Total,Total,Total,No,Total
España,2018,10,0,Total,Total,Total,No contesta,Total
España,2018,10,1,Total,Total,Total,Sí,Total
España,2018,9,2,Total,Total,Total,No,Total
España,2018,9,1,Total,Total,Total,No contesta,Total
España,2018,9,7,Total,Total,Total,Sí,Total
España,2019,4,0,Total,Total,Total,No,Total
España,2019,4,0,Total,Total,Total,No contesta,Total
España,2019,4,6,Total,Total,Total,Sí,Total
España,2019,8,2,Total,Total,Total,No,Total
España,2019,8,1,Total,Total,Total,No contesta,Total
España,2019,8,1,Total,Total,Total,Sí,Total
España,2019,12,0,Total,Total,Total,No,Total
España,2019,12,0,Total,Total,Total,No contesta,Total
España,2019,12,1,Total,Total,Total,Sí,Total
España,2019,1,5,Total,Total,Total,No,Total
España,2019,1,0,Total,Total,Total,No contesta,Total
España,2019,1,3,Total,Total,Total,Sí,Total
España,2019,2,0,Total,Total,Total,No,Total
España,2019,2,0,Total,Total,Total,No contesta,Total
España,2019,2,3,Total,Total,Total,Sí,Total
España,2019,7,2,Total,Total,Total,No,Total
España,2019,7,1,Total,Total,Total,No contesta,Total
España,2019,7,6,Total,Total,Total,Sí,Total
España,2019,6,1,Total,Total,Total,No,Total
España,2019,6,2,Total,Total,Total,No contesta,Total
España,2019,6,4,Total,Total,Total,Sí,Total
España,2019,3,1,Total,Total,Total,No,Total
España,2019,3,0,Total,Total,Total,No contesta,Total
España,2019,3,4,Total,Total,Total,Sí,Total
España,2019,5,0,Total,Total,Total,No,Total
España,2019,5,1,Total,Total,Total,No contesta,Total
España,2019,5,2,Total,Total,Total,Sí,Total
España,2019,11,0,Total,Total,Total,No,Total
España,2019,11,0,Total,Total,Total,No contesta,Total
España,2019,11,2,Total,Total,Total,Sí,Total
España,2019,10,1,Total,Total,Total,No,Total
España,2019,10,0,Total,Total,Total,No contesta,Total
España,2019,10,3,Total,Total,Total,Sí,Total
España,2019,9,1,Total,Total,Total,No,Total
España,2019,9,1,Total,Total,Total,No contesta,Total
España,2019,9,2,Total,Total,Total,Sí,Total
España,2020,4,0,Total,Total,Total,No,Total
España,2020,4,0,Total,Total,Total,No contesta,Total
España,2020,4,2,Total,Total,Total,Sí,Total
España,2020,8,1,Total,Total,Total,No,Total
España,2020,8,0,Total,Total,Total,No contesta,Total
España,2020,8,6,Total,Total,Total,Sí,Total
España,2020,12,1,Total,Total,Total,No,Total
España,2020,12,0,Total,Total,Total,No contesta,Total
España,2020,12,4,Total,Total,Total,Sí,Total
España,2020,1,2,Total,Total,Total,No,Total
España,2020,1,0,Total,Total,Total,No contesta,Total
España,2020,1,6,Total,Total,Total,Sí,Total
España,2020,2,1,Total,Total,Total,No,Total
España,2020,2,3,Total,Total,Total,No contesta,Total
España,2020,2,3,Total,Total,Total,Sí,Total
España,2020,7,1,Total,Total,Total,No,Total
España,2020,7,0,Total,Total,Total,No contesta,Total
España,2020,7,3,Total,Total,Total,Sí,Total
España,2020,6,0,Total,Total,Total,No,Total
España,2020,6,0,Total,Total,Total,No contesta,Total
España,2020,6,2,Total,Total,Total,Sí,Total
España,2020,3,0,Total,Total,Total,No,Total
España,2020,3,0,Total,Total,Total,No contesta,Total
España,2020,3,4,Total,Total,Total,Sí,Total
España,2020,5,0,Total,Total,Total,No,Total
España,2020,5,0,Total,Total,Total,No contesta,Total
España,2020,5,2,Total,Total,Total,Sí,Total
España,2020,11,1,Total,Total,Total,No,Total
España,2020,11,0,Total,Total,Total,No contesta,Total
España,2020,11,3,Total,Total,Total,Sí,Total
España,2020,10,1,Total,Total,Total,No,Total
España,2020,10,0,Total,Total,Total,No contesta,Total
España,2020,10,0,Total,Total,Total,Sí,Total
España,2020,9,0,Total,Total,Total,No,Total
España,2020,9,0,Total,Total,Total,No contesta,Total
España,2020,9,4,Total,Total,Total,Sí,Total
España,2021,4,2,Total,Total,Total,No,Total
España,2021,4,0,Total,Total,Total,No contesta,Total
España,2021,4,2,Total,Total,Total,Sí,Total
España,2021,8,0,Total,Total,Total,No,Total
España,2021,8,0,Total,Total,Total,No contesta,Total
España,2021,8,3,Total,Total,Total,Sí,Total
España,2021,12,5,Total,Total,Total,No,Total
España,2021,12,1,Total,Total,Total,No contesta,Total
España,2021,12,2,Total,Total,Total,Sí,Total
España,2021,1,0,Total,Total,Total,No,Total
España,2021,1,0,Total,Total,Total,No contesta,Total
España,2021,1,1,Total,Total,Total,Sí,Total
España,2021,2,1,Total,Total,Total,No,Total
España,2021,2,0,Total,Total,Total,No contesta,Total
España,2021,2,2,Total,Total,Total,Sí,Total
España,2021,7,1,Total,Total,Total,No,Total
España,2021,7,1,Total,Total,Total,No contesta,Total
España,2021,7,4,Total,Total,Total,Sí,Total
España,2021,6,4,Total,Total,Total,No,Total
España,2021,6,2,Total,Total,Total,No contesta,Total
España,2021,6,4,Total,Total,Total,Sí,Total
España,2021,3,1,Total,Total,Total,No,Total
España,2021,3,0,Total,Total,Total,No contesta,Total
España,2021,3,1,Total,Total,Total,Sí,Total
España,2021,5,2,Total,Total,Total,No,Total
España,2021,5,1,Total,Total,Total,No contesta,Total
España,2021,5,4,Total,Total,Total,Sí,Total
España,2021,11,0,Total,Total,Total,No,Total
España,2021,11,0,Total,Total,Total,No contesta,Total
España,2021,11,1,Total,Total,Total,Sí,Total
España,2021,10,0,Total,Total,Total,No,Total
España,2021,10,0,Total,Total,Total,No contesta,Total
España,2021,10,2,Total,Total,Total,Sí,Total
España,2021,9,0,Total,Total,Total,No,Total
España,2021,9,0,Total,Total,Total,No contesta,Total
España,2021,9,2,Total,Total,Total,Sí,Total
España,2022,4,1,Total,Total,Total,No,Total
España,2022,4,1,Total,Total,Total,No contesta,Total
España,2022,4,3,Total,Total,Total,Sí,Total
España,2022,8,0,Total,Total,Total,No,Total
España,2022,8,0,Total,Total,Total,No contesta,Total
España,2022,8,3,Total,Total,Total,Sí,Total
España,2022,12,2,Total,Total,Total,No,Total
España,2022,12,1,Total,Total,Total,No contesta,Total
España,2022,12,7,Total,Total,Total,Sí,Total
España,2022,1,0,Total,Total,Total,No,Total
España,2022,1,0,Total,Total,Total,No contesta,Total
España,2022,1,2,Total,Total,Total,Sí,Total
España,2022,2,1,Total,Total,Total,No,Total
España,2022,2,0,Total,Total,Total,No contesta,Total
España,2022,2,1,Total,Total,Total,Sí,Total
España,2022,7,2,Total,Total,Total,No,Total
España,2022,7,0,Total,Total,Total,No contesta,Total
España,2022,7,2,Total,Total,Total,Sí,Total
España,2022,6,0,Total,Total,Total,No,Total
España,2022,6,0,Total,Total,Total,No contesta,Total
España,2022,6,4,Total,Total,Total,Sí,Total
España,2022,3,3,Total,Total,Total,No,Total
España,2022,3,0,Total,Total,Total,No contesta,Total
España,2022,3,2,Total,Total,Total,Sí,Total
España,2022,5,1,Total,Total,Total,No,Total
España,2022,5,1,Total,Total,Total,No contesta,Total
España,2022,5,4,Total,Total,Total,Sí,Total
España,2022,11,0,Total,Total,Total,No,Total
España,2022,11,0,Total,Total,Total,No contesta,Total
España,2022,11,3,Total,Total,Total,Sí,Total
España,2022,10,0,Total,Total,Total,No,Total
España,2022,10,0,Total,Total,Total,No contesta,Total
España,2022,10,1,Total,Total,Total,Sí,Total
España,2022,9,1,Total,Total,Total,No,Total
España,2022,9,1,Total,Total,Total,No contesta,Total
España,2022,9,3,Total,Total,Total,Sí,Total
España,2023,4,1,Total,Total,Total,No,Total
España,2023,4,0,Total,Total,Total,No contesta,Total
España,2023,4,2,Total,Total,Total,Sí,Total
España,2023,8,1,Total,Total,Total,No,Total
España,2023,8,0,Total,Total,Total,No contesta,Total
España,2023,8,7,Total,Total,Total,Sí,Total
España,2023,12,0,Total,Total,Total,No,Total
España,2023,12,1,Total,Total,Total,No contesta,Total
España,2023,12,1,Total,Total,Total,Sí,Total
España,2023,1,2,Total,Total,Total,No,Total
España,2023,1,1,Total,Total,Total,No contesta,Total
España,2023,1,4,Total,Total,Total,Sí,Total
España,2023,2,1,Total,Total,Total,No,Total
España,2023,2,0,Total,Total,Total,No contesta,Total
España,2023,2,2,Total,Total,Total,Sí,Total
España,2023,7,2,Total,Total,Total,No,Total
España,2023,7,1,Total,Total,Total,No contesta,Total
España,2023,7,4,Total,Total,Total,Sí,Total
España,2023,6,1,Total,Total,Total,No,Total
España,2023,6,0,Total,Total,Total,No contesta,Total
España,2023,6,4,Total,Total,Total,Sí,Total
España,2023,3,1,Total,Total,Total,No,Total
España,2023,3,0,Total,Total,Total,No contesta,Total
España,2023,3,1,Total,Total,Total,Sí,Total
España,2023,5,2,Total,Total,Total,No,Total
España,2023,5,0,Total,Total,Total,No contesta,Total
España,2023,5,4,Total,Total,Total,Sí,Total
España,2023,11,2,Total,Total,Total,No,Total
España,2023,11,0,Total,Total,Total,No contesta,Total
España,2023,11,2,Total,Total,Total,Sí,Total
España,2023,10,0,Total,Total,Total,No,Total
España,2023,10,0,Total,Total,Total,No contesta,Total
España,2023,10,1,Total,Total,Total,Sí,Total
España,2023,9,2,Total,Total,Total,No,Total
España,2023,9,1,Total,Total,Total,No contesta,Total
España,2023,9,7,Total,Total,Total,Sí,Total
España,2024,4,2,Total,Total,Total,No,Total
España,2024,4,1,Total,Total,Total,No contesta,Total
España,2024,4,1,Total,Total,Total,Sí,Total
España,2024,8,1,Total,Total,Total,No,Total
España,2024,8,0,Total,Total,Total,No contesta,Total
España,2024,8,4,Total,Total,Total,Sí,Total
España,2024,12,1,Total,Total,Total,No,Total
España,2024,12,0,Total,Total,Total,No contesta,Total
España,2024,12,3,Total,Total,Total,Sí,Total
España,2024,1,1,Total,Total,Total,No,Total
España,2024,1,0,Total,Total,Total,No contesta,Total
España,2024,1,1,Total,Total,Total,Sí,Total
España,2024,2,0,Total,Total,Total,No,Total
España,2024,2,0,Total,Total,Total,No contesta,Total
España,2024,2,3,Total,Total,Total,Sí,Total
España,2024,7,1,Total,Total,Total,No,Total
España,2024,7,0,Total,Total,Total,No contesta,Total
España,2024,7,7,Total,Total,Total,Sí,Total
España,2024,6,2,Total,Total,Total,No,Total
España,2024,6,1,Total,Total,Total,No contesta,Total
España,2024,6,4,Total,Total,Total,Sí,Total
España,2024,3,1,Total,Total,Total,No,Total
España,2024,3,1,Total,Total,Total,No contesta,Total
España,2024,3,0,Total,Total,Total,Sí,Total
España,2024,5,1,Total,Total,Total,No,Total
España,2024,5,0,Total,Total,Total,No contesta,Total
España,2024,5,0,Total,Total,Total,Sí,Total
España,2024,11,2,Total,Total,Total,No,Total
España,2024,11,0,Total,Total,Total,No contesta,Total
España,2024,11,2,Total,Total,Total,Sí,Total
España,2024,10,2,Total,Total,Total,No,Total
España,2024,10,1,Total,Total,Total,No contesta,Total
España,2024,10,2,Total,Total,Total,Sí,Total
España,2024,9,0,Total,Total,Total,No,Total
España,2024,9,0,Total,Total,Total,No contesta,Total
España,2024,9,4,Total,Total,Total,Sí,Total
España,2025,4,0,Total,Total,Total,No,Total
España,2025,4,0,Total,Total,Total,No contesta,Total
España,2025,4,4,Total,Total,Total,Sí,Total
España,2025,8,0,Total,Total,Total,No,Total
España,2025,8,0,Total,Total,Total,No contesta,Total
España,2025,8,2,Total,Total,Total,Sí,Total
España,2025,12,0,Total,Total,Total,No,Total
España,2025,12,0,Total,Total,Total,No contesta,Total
España,2025,12,5,Total,Total,Total,Sí,Total
España,2025,1,0,Total,Total,Total,No,Total
España,2025,1,0,Total,Total,Total,No contesta,Total
España,2025,1,1,Total,Total,Total,Sí,Total
España,2025,2,0,Total,Total,Total,No,Total
España,2025,2,0,Total,Total,Total,No contesta,Total
España,2025,2,2,Total,Total,Total,Sí,Total
España,2025,7,0,Total,Total,Total,No,Total
España,2025,7,0,Total,Total,Total,No contesta,Total
España,2025,7,3,Total,Total,Total,Sí,Total
España,2025,6,0,Total,Total,Total,No,Total
España,2025,6,0,Total,Total,Total,No contesta,Total
España,2025,6,8,Total,Total,Total,Sí,Total
España,2025,3,0,Total,Total,Total,No,Total
España,2025,3,0,Total,Total,Total,No contesta,Total
España,2025,3,5,Total,Total,Total,Sí,Total
España,2025,5,0,Total,Total,Total,No,Total
España,2025,5,0,Total,Total,Total,No contesta,Total
España,2025,5,1,Total,Total,Total,Sí,Total
España,2025,11,3,Total,Total,Total,No,Total
España,2025,11,0,Total,Total,Total,No contesta,Total
España,2025,11,4,Total,Total,Total,Sí,Total
España,2025,10,2,Total,Total,Total,No,Total
España,2025,10,0,Total,Total,Total,No contesta,Total
España,2025,10,3,Total,Total,Total,Sí,Total
España,2025,9,3,Total,Total,Total,No,Total
España,2025,9,0,Total,Total,Total,No contesta,Total
España,2025,9,2,Total,Total,Total,Sí,Total
España,2026,4,2,Total,Total,Total,No,Total
España,2026,4,0,Total,Total,Total,No contesta,Total
España,2026,4,0,Total,Total,Total,Sí,Total
España,2026,1,4,Total,Total,Total,No,Total
España,2026,1,0,Total,Total,Total,No contesta,Total
España,2026,1,2,Total,Total,Total,Sí,Total
España,2026,2,4,Total,Total,Total,No,Total
España,2026,2,0,Total,Total,Total,No contesta,Total
España,2026,2,1,Total,Total,Total,Sí,Total
España,2026,7,2,Total,Total,Total,No,Total
España,2026,7,0,Total,Total,Total,No contesta,Total
España,2026,7,4,Total,Total,Total,Sí,Total
España,2026,6,0,Total,Total,Total,No,Total
España,2026,6,0,Total,Total,Total,No contesta,Total
España,2026,6,3,Total,Total,Total,Sí,Total
España,2026,3,2,Total,Total,Total,No,Total
España,2026,3,0,Total,Total,Total,No contesta,Total
España,2026,3,3,Total,Total,Total,Sí,Total
España,2026,5,1,Total,Total,Total,No,Total
España,2026,5,0,Total,Total,Total,No contesta,Total
España,2026,5,4,Total,Total,Total,Sí,Total
España,2003,4,0,Total,Total,Total,Total,Había denuncia
España,2003,4,5,Total,Total,Total,Total,No consta denuncia
España,2003,4,0,Total,Total,Total,Total,No había denuncia
España,2003,8,0,Total,Total,Total,Total,Había denuncia
España,2003,8,8,Total,Total,Total,Total,No consta denuncia
España,2003,8,0,Total,Total,Total,Total,No había denuncia
España,2003,12,0,Total,Total,Total,Total,Había denuncia
España,2003,12,3,Total,Total,Total,Total,No consta denuncia
España,2003,12,0,Total,Total,Total,Total,No había denuncia
España,2003,1,0,Total,Total,Total,Total,Había denuncia
España,2003,1,8,Total,Total,Total,Total,No consta denuncia
España,2003,1,0,Total,Total,Total,Total,No había denuncia
España,2003,2,0,Total,Total,Total,Total,Había denuncia
España,2003,2,4,Total,Total,Total,Total,No consta denuncia
España,2003,2,0,Total,Total,Total,Total,No había denuncia
España,2003,7,0,Total,Total,Total,Total,Había denuncia
España,2003,7,8,Total,Total,Total,Total,No consta denuncia
España,2003,7,0,Total,Total,Total,Total,No había denuncia
España,2003,6,0,Total,Total,Total,Total,Había denuncia
España,2003,6,7,Total,Total,Total,Total,No consta denuncia
España,2003,6,0,Total,Total,Total,Total,No había denuncia
España,2003,3,0,Total,Total,Total,Total,Había denuncia
España,2003,3,6,Total,Total,Total,Total,No consta denuncia
España,2003,3,0,Total,Total,Total,Total,No había denuncia
España,2003,5,0,Total,Total,Total,Total,Había denuncia
España,2003,5,7,Total,Total,Total,Total,No consta denuncia
España,2003,5,0,Total,Total,Total,Total,No había denuncia
España,2003,11,0,Total,Total,Total,Total,Había denuncia
España,2003,11,9,Total,Total,Total,Total,No consta denuncia
España,2003,11,0,Total,Total,Total,Total,No había denuncia
España,2003,10,0,Total,Total,Total,Total,Había denuncia
España,2003,10,2,Total,Total,Total,Total,No consta denuncia
España,2003,10,0,Total,Total,Total,Total,No había denuncia
España,2003,9,0,Total,Total,Total,Total,Había denuncia
España,2003,9,4,Total,Total,Total,Total,No consta denuncia
España,2003,9,0,Total,Total,Total,Total,No había denuncia
España,2004,4,0,Total,Total,Total,Total,Había denuncia
España,2004,4,6,Total,Total,Total,Total,No consta denuncia
España,2004,4,0,Total,Total,Total,Total,No había denuncia
España,2004,8,0,Total,Total,Total,Total,Había denuncia
España,2004,8,6,Total,Total,Total,Total,No consta denuncia
España,2004,8,0,Total,Total,Total,Total,No había denuncia
España,2004,12,0,Total,Total,Total,Total,Había denuncia
España,2004,12,8,Total,Total,Total,Total,No consta denuncia
España,2004,12,0,Total,Total,Total,Total,No había denuncia
España,2004,1,0,Total,Total,Total,Total,Había denuncia
España,2004,1,2,Total,Total,Total,Total,No consta denuncia
España,2004,1,0,Total,Total,Total,Total,No había denuncia
España,2004,2,0,Total,Total,Total,Total,Había denuncia
España,2004,2,5,Total,Total,Total,Total,No consta denuncia
España,2004,2,0,Total,Total,Total,Total,No había denuncia
España,2004,7,0,Total,Total,Total,Total,Había denuncia
España,2004,7,7,Total,Total,Total,Total,No consta denuncia
España,2004,7,0,Total,Total,Total,Total,No había denuncia
España,2004,6,0,Total,Total,Total,Total,Había denuncia
España,2004,6,6,Total,Total,Total,Total,No consta denuncia
España,2004,6,0,Total,Total,Total,Total,No había denuncia
España,2004,3,0,Total,Total,Total,Total,Había denuncia
España,2004,3,6,Total,Total,Total,Total,No consta denuncia
España,2004,3,0,Total,Total,Total,Total,No había denuncia
España,2004,5,0,Total,Total,Total,Total,Había denuncia
España,2004,5,8,Total,Total,Total,Total,No consta denuncia
España,2004,5,0,Total,Total,Total,Total,No había denuncia
España,2004,11,0,Total,Total,Total,Total,Había denuncia
España,2004,11,4,Total,Total,Total,Total,No consta denuncia
España,2004,11,0,Total,Total,Total,Total,No había denuncia
España,2004,10,0,Total,Total,Total,Total,Había denuncia
España,2004,10,7,Total,Total,Total,Total,No consta denuncia
España,2004,10,0,Total,Total,Total,Total,No había denuncia
España,2004,9,0,Total,Total,Total,Total,Había denuncia
España,2004,9,7,Total,Total,Total,Total,No consta denuncia
España,2004,9,0,Total,Total,Total,Total,No había denuncia
España,2005,4,0,Total,Total,Total,Total,Había denuncia
España,2005,4,4,Total,Total,Total,Total,No consta denuncia
España,2005,4,0,Total,Total,Total,Total,No había denuncia
España,2005,8,0,Total,Total,Total,Total,Había denuncia
España,2005,8,6,Total,Total,Total,Total,No consta denuncia
España,2005,8,0,Total,Total,Total,Total,No había denuncia
España,2005,12,0,Total,Total,Total,Total,Había denuncia
España,2005,12,3,Total,Total,Total,Total,No consta denuncia
España,2005,12,0,Total,Total,Total,Total,No había denuncia
España,2005,1,0,Total,Total,Total,Total,Había denuncia
España,2005,1,6,Total,Total,Total,Total,No consta denuncia
España,2005,1,0,Total,Total,Total,Total,No había denuncia
España,2005,2,0,Total,Total,Total,Total,Había denuncia
España,2005,2,6,Total,Total,Total,Total,No consta denuncia
España,2005,2,0,Total,Total,Total,Total,No había denuncia
España,2005,7,0,Total,Total,Total,Total,Había denuncia
España,2005,7,4,Total,Total,Total,Total,No consta denuncia
España,2005,7,0,Total,Total,Total,Total,No había denuncia
España,2005,6,0,Total,Total,Total,Total,Había denuncia
España,2005,6,6,Total,Total,Total,Total,No consta denuncia
España,2005,6,0,Total,Total,Total,Total,No había denuncia
España,2005,3,0,Total,Total,Total,Total,Había denuncia
España,2005,3,3,Total,Total,Total,Total,No consta denuncia
España,2005,3,0,Total,Total,Total,Total,No había denuncia
España,2005,5,0,Total,Total,Total,Total,Había denuncia
España,2005,5,4,Total,Total,Total,Total,No consta denuncia
España,2005,5,0,Total,Total,Total,Total,No había denuncia
España,2005,11,0,Total,Total,Total,Total,Había denuncia
España,2005,11,6,Total,Total,Total,Total,No consta denuncia
España,2005,11,0,Total,Total,Total,Total,No había denuncia
España,2005,10,0,Total,Total,Total,Total,Había denuncia
España,2005,10,5,Total,Total,Total,Total,No consta denuncia
España,2005,10,0,Total,Total,Total,Total,No había denuncia
España,2005,9,0,Total,Total,Total,Total,Había denuncia
España,2005,9,4,Total,Total,Total,Total,No consta denuncia
España,2005,9,0,Total,Total,Total,Total,No había denuncia
España,2006,4,0,Total,Total,Total,Total,Había denuncia
España,2006,4,0,Total,Total,Total,Total,No consta denuncia
España,2006,4,5,Total,Total,Total,Total,No había denuncia
España,2006,8,2,Total,Total,Total,Total,Había denuncia
España,2006,8,0,Total,Total,Total,Total,No consta denuncia
España,2006,8,7,Total,Total,Total,Total,No había denuncia
España,2006,12,3,Total,Total,Total,Total,Había denuncia
España,2006,12,0,Total,Total,Total,Total,No consta denuncia
España,2006,12,3,Total,Total,Total,Total,No había denuncia
España,2006,1,4,Total,Total,Total,Total,Había denuncia
España,2006,1,0,Total,Total,Total,Total,No consta denuncia
España,2006,1,5,Total,Total,Total,Total,No había denuncia
España,2006,2,1,Total,Total,Total,Total,Había denuncia
España,2006,2,0,Total,Total,Total,Total,No consta denuncia
España,2006,2,3,Total,Total,Total,Total,No había denuncia
España,2006,7,1,Total,Total,Total,Total,Había denuncia
España,2006,7,0,Total,Total,Total,Total,No consta denuncia
España,2006,7,7,Total,Total,Total,Total,No había denuncia
España,2006,6,1,Total,Total,Total,Total,Había denuncia
España,2006,6,0,Total,Total,Total,Total,No consta denuncia
España,2006,6,1,Total,Total,Total,Total,No había denuncia
España,2006,3,5,Total,Total,Total,Total,Había denuncia
España,2006,3,0,Total,Total,Total,Total,No consta denuncia
España,2006,3,4,Total,Total,Total,Total,No había denuncia
España,2006,5,2,Total,Total,Total,Total,Había denuncia
España,2006,5,0,Total,Total,Total,Total,No consta denuncia
España,2006,5,3,Total,Total,Total,Total,No había denuncia
España,2006,11,1,Total,Total,Total,Total,Había denuncia
España,2006,11,0,Total,Total,Total,Total,No consta denuncia
España,2006,11,1,Total,Total,Total,Total,No había denuncia
España,2006,10,1,Total,Total,Total,Total,Había denuncia
España,2006,10,0,Total,Total,Total,Total,No consta denuncia
España,2006,10,5,Total,Total,Total,Total,No había denuncia
España,2006,9,1,Total,Total,Total,Total,Había denuncia
España,2006,9,0,Total,Total,Total,Total,No consta denuncia
España,2006,9,3,Total,Total,Total,Total,No había denuncia
España,2007,4,1,Total,Total,Total,Total,Había denuncia
España,2007,4,0,Total,Total,Total,Total,No consta denuncia
España,2007,4,3,Total,Total,Total,Total,No había denuncia
España,2007,8,1,Total,Total,Total,Total,Había denuncia
España,2007,8,0,Total,Total,Total,Total,No consta denuncia
España,2007,8,6,Total,Total,Total,Total,No había denuncia
España,2007,12,0,Total,Total,Total,Total,Había denuncia
España,2007,12,0,Total,Total,Total,Total,No consta denuncia
España,2007,12,1,Total,Total,Total,Total,No había denuncia
España,2007,1,1,Total,Total,Total,Total,Había denuncia
España,2007,1,0,Total,Total,Total,Total,No consta denuncia
España,2007,1,4,Total,Total,Total,Total,No había denuncia
España,2007,2,3,Total,Total,Total,Total,Había denuncia
España,2007,2,0,Total,Total,Total,Total,No consta denuncia
España,2007,2,6,Total,Total,Total,Total,No había denuncia
España,2007,7,4,Total,Total,Total,Total,Había denuncia
España,2007,7,0,Total,Total,Total,Total,No consta denuncia
España,2007,7,4,Total,Total,Total,Total,No había denuncia
España,2007,6,6,Total,Total,Total,Total,Había denuncia
España,2007,6,0,Total,Total,Total,Total,No consta denuncia
España,2007,6,4,Total,Total,Total,Total,No había denuncia
España,2007,3,2,Total,Total,Total,Total,Había denuncia
España,2007,3,0,Total,Total,Total,Total,No consta denuncia
España,2007,3,2,Total,Total,Total,Total,No había denuncia
España,2007,5,0,Total,Total,Total,Total,Había denuncia
España,2007,5,0,Total,Total,Total,Total,No consta denuncia
España,2007,5,7,Total,Total,Total,Total,No había denuncia
España,2007,11,3,Total,Total,Total,Total,Había denuncia
España,2007,11,0,Total,Total,Total,Total,No consta denuncia
España,2007,11,4,Total,Total,Total,Total,No había denuncia
España,2007,10,0,Total,Total,Total,Total,Había denuncia
España,2007,10,0,Total,Total,Total,Total,No consta denuncia
España,2007,10,5,Total,Total,Total,Total,No había denuncia
España,2007,9,0,Total,Total,Total,Total,Había denuncia
España,2007,9,0,Total,Total,Total,Total,No consta denuncia
España,2007,9,4,Total,Total,Total,Total,No había denuncia
España,2008,4,2,Total,Total,Total,Total,Había denuncia
España,2008,4,0,Total,Total,Total,Total,No consta denuncia
España,2008,4,3,Total,Total,Total,Total,No había denuncia
España,2008,8,1,Total,Total,Total,Total,Había denuncia
España,2008,8,0,Total,Total,Total,Total,No consta denuncia
España,2008,8,7,Total,Total,Total,Total,No había denuncia
España,2008,12,4,Total,Total,Total,Total,Había denuncia
España,2008,12,0,Total,Total,Total,Total,No consta denuncia
España,2008,12,7,Total,Total,Total,Total,No había denuncia
España,2008,1,0,Total,Total,Total,Total,Había denuncia
España,2008,1,0,Total,Total,Total,Total,No consta denuncia
España,2008,1,7,Total,Total,Total,Total,No había denuncia
España,2008,2,3,Total,Total,Total,Total,Había denuncia
España,2008,2,0,Total,Total,Total,Total,No consta denuncia
España,2008,2,5,Total,Total,Total,Total,No había denuncia
España,2008,7,1,Total,Total,Total,Total,Había denuncia
España,2008,7,0,Total,Total,Total,Total,No consta denuncia
España,2008,7,4,Total,Total,Total,Total,No había denuncia
España,2008,6,1,Total,Total,Total,Total,Había denuncia
España,2008,6,0,Total,Total,Total,Total,No consta denuncia
España,2008,6,4,Total,Total,Total,Total,No había denuncia
España,2008,3,1,Total,Total,Total,Total,Había denuncia
España,2008,3,0,Total,Total,Total,Total,No consta denuncia
España,2008,3,3,Total,Total,Total,Total,No había denuncia
España,2008,5,1,Total,Total,Total,Total,Había denuncia
España,2008,5,0,Total,Total,Total,Total,No consta denuncia
España,2008,5,2,Total,Total,Total,Total,No había denuncia
España,2008,11,1,Total,Total,Total,Total,Había denuncia
España,2008,11,0,Total,Total,Total,Total,No consta denuncia
España,2008,11,5,Total,Total,Total,Total,No había denuncia
España,2008,10,2,Total,Total,Total,Total,Había denuncia
España,2008,10,0,Total,Total,Total,Total,No consta denuncia
España,2008,10,5,Total,Total,Total,Total,No había denuncia
España,2008,9,1,Total,Total,Total,Total,Había denuncia
España,2008,9,0,Total,Total,Total,Total,No consta denuncia
España,2008,9,6,Total,Total,Total,Total,No había denuncia
España,2009,4,1,Total,Total,Total,Total,Había denuncia
España,2009,4,0,Total,Total,Total,Total,No consta denuncia
España,2009,4,1,Total,Total,Total,Total,No había denuncia
España,2009,8,1,Total,Total,Total,Total,Había denuncia
España,2009,8,0,Total,Total,Total,Total,No consta denuncia
España,2009,8,5,Total,Total,Total,Total,No había denuncia
España,2009,12,0,Total,Total,Total,Total,Había denuncia
España,2009,12,0,Total,Total,Total,Total,No consta denuncia
España,2009,12,5,Total,Total,Total,Total,No había denuncia
España,2009,2,1,Total,Total,Total,Total,Había denuncia
España,2009,2,0,Total,Total,Total,Total,No consta denuncia
España,2009,2,4,Total,Total,Total,Total,No había denuncia
España,2009,7,1,Total,Total,Total,Total,Había denuncia
España,2009,7,0,Total,Total,Total,Total,No consta denuncia
España,2009,7,5,Total,Total,Total,Total,No había denuncia
España,2009,6,2,Total,Total,Total,Total,Había denuncia
España,2009,6,0,Total,Total,Total,Total,No consta denuncia
España,2009,6,4,Total,Total,Total,Total,No había denuncia
España,2009,3,3,Total,Total,Total,Total,Había denuncia
España,2009,3,0,Total,Total,Total,Total,No consta denuncia
España,2009,3,3,Total,Total,Total,Total,No había denuncia
España,2009,5,4,Total,Total,Total,Total,Había denuncia
España,2009,5,0,Total,Total,Total,Total,No consta denuncia
España,2009,5,5,Total,Total,Total,Total,No había denuncia
España,2009,11,0,Total,Total,Total,Total,Había denuncia
España,2009,11,0,Total,Total,Total,Total,No consta denuncia
España,2009,11,1,Total,Total,Total,Total,No había denuncia
España,2009,10,0,Total,Total,Total,Total,Había denuncia
España,2009,10,0,Total,Total,Total,Total,No consta denuncia
España,2009,10,6,Total,Total,Total,Total,No había denuncia
España,2009,9,2,Total,Total,Total,Total,Había denuncia
España,2009,9,0,Total,Total,Total,Total,No consta denuncia
España,2009,9,4,Total,Total,Total,Total,No había denuncia
España,2010,4,3,Total,Total,Total,Total,Había denuncia
España,2010,4,0,Total,Total,Total,Total,No consta denuncia
España,2010,4,5,Total,Total,Total,Total,No había denuncia
España,2010,8,1,Total,Total,Total,Total,Había denuncia
España,2010,8,0,Total,Total,Total,Total,No consta denuncia
España,2010,8,1,Total,Total,Total,Total,No había denuncia
España,2010,12,4,Total,Total,Total,Total,Había denuncia
España,2010,12,0,Total,Total,Total,Total,No consta denuncia
España,2010,12,3,Total,Total,Total,Total,No había denuncia
España,2010,1,0,Total,Total,Total,Total,Había denuncia
España,2010,1,0,Total,Total,Total,Total,No consta denuncia
España,2010,1,3,Total,Total,Total,Total,No había denuncia
España,2010,2,1,Total,Total,Total,Total,Había denuncia
España,2010,2,0,Total,Total,Total,Total,No consta denuncia
España,2010,2,3,Total,Total,Total,Total,No había denuncia
España,2010,7,4,Total,Total,Total,Total,Había denuncia
España,2010,7,0,Total,Total,Total,Total,No consta denuncia
España,2010,7,7,Total,Total,Total,Total,No había denuncia
España,2010,6,1,Total,Total,Total,Total,Había denuncia
España,2010,6,0,Total,Total,Total,Total,No consta denuncia
España,2010,6,4,Total,Total,Total,Total,No había denuncia
España,2010,3,1,Total,Total,Total,Total,Había denuncia
España,2010,3,0,Total,Total,Total,Total,No consta denuncia
España,2010,3,6,Total,Total,Total,Total,No había denuncia
España,2010,5,0,Total,Total,Total,Total,Había denuncia
España,2010,5,0,Total,Total,Total,Total,No consta denuncia
España,2010,5,6,Total,Total,Total,Total,No había denuncia
España,2010,11,3,Total,Total,Total,Total,Había denuncia
España,2010,11,0,Total,Total,Total,Total,No consta denuncia
España,2010,11,4,Total,Total,Total,Total,No había denuncia
España,2010,10,1,Total,Total,Total,Total,Había denuncia
España,2010,10,0,Total,Total,Total,Total,No consta denuncia
España,2010,10,5,Total,Total,Total,Total,No había denuncia
España,2010,9,3,Total,Total,Total,Total,Había denuncia
España,2010,9,0,Total,Total,Total,Total,No consta denuncia
España,2010,9,5,Total,Total,Total,Total,No había denuncia
España,2011,4,0,Total,Total,Total,Total,Había denuncia
España,2011,4,0,Total,Total,Total,Total,No consta denuncia
España,2011,4,3,Total,Total,Total,Total,No había denuncia
España,2011,8,1,Total,Total,Total,Total,Había denuncia
España,2011,8,0,Total,Total,Total,Total,No consta denuncia
España,2011,8,3,Total,Total,Total,Total,No había denuncia
España,2011,12,1,Total,Total,Total,Total,Había denuncia
España,2011,12,0,Total,Total,Total,Total,No consta denuncia
España,2011,12,5,Total,Total,Total,Total,No había denuncia
España,2011,1,1,Total,Total,Total,Total,Había denuncia
España,2011,1,0,Total,Total,Total,Total,No consta denuncia
España,2011,1,7,Total,Total,Total,Total,No había denuncia
España,2011,2,2,Total,Total,Total,Total,Había denuncia
España,2011,2,0,Total,Total,Total,Total,No consta denuncia
España,2011,2,4,Total,Total,Total,Total,No había denuncia
España,2011,7,4,Total,Total,Total,Total,Había denuncia
España,2011,7,0,Total,Total,Total,Total,No consta denuncia
España,2011,7,3,Total,Total,Total,Total,No había denuncia
España,2011,6,0,Total,Total,Total,Total,Había denuncia
España,2011,6,0,Total,Total,Total,Total,No consta denuncia
España,2011,6,2,Total,Total,Total,Total,No había denuncia
España,2011,3,2,Total,Total,Total,Total,Había denuncia
España,2011,3,0,Total,Total,Total,Total,No consta denuncia
España,2011,3,1,Total,Total,Total,Total,No había denuncia
España,2011,5,2,Total,Total,Total,Total,Había denuncia
España,2011,5,0,Total,Total,Total,Total,No consta denuncia
España,2011,5,6,Total,Total,Total,Total,No había denuncia
España,2011,11,0,Total,Total,Total,Total,Había denuncia
España,2011,11,0,Total,Total,Total,Total,No consta denuncia
España,2011,11,3,Total,Total,Total,Total,No había denuncia
España,2011,10,0,Total,Total,Total,Total,Había denuncia
España,2011,10,0,Total,Total,Total,Total,No consta denuncia
España,2011,10,6,Total,Total,Total,Total,No había denuncia
España,2011,9,2,Total,Total,Total,Total,Había denuncia
España,2011,9,0,Total,Total,Total,Total,No consta denuncia
España,2011,9,4,Total,Total,Total,Total,No había denuncia
España,2012,4,0,Total,Total,Total,Total,Había denuncia
España,2012,4,0,Total,Total,Total,Total,No consta denuncia
España,2012,4,4,Total,Total,Total,Total,No había denuncia
España,2012,8,0,Total,Total,Total,Total,Había denuncia
España,2012,8,0,Total,Total,Total,Total,No consta denuncia
España,2012,8,2,Total,Total,Total,Total,No había denuncia
España,2012,12,1,Total,Total,Total,Total,Había denuncia
España,2012,12,0,Total,Total,Total,Total,No consta denuncia
España,2012,12,2,Total,Total,Total,Total,No había denuncia
España,2012,1,0,Total,Total,Total,Total,Había denuncia
España,2012,1,0,Total,Total,Total,Total,No consta denuncia
España,2012,1,8,Total,Total,Total,Total,No había denuncia
España,2012,2,0,Total,Total,Total,Total,Había denuncia
España,2012,2,0,Total,Total,Total,Total,No consta denuncia
España,2012,2,2,Total,Total,Total,Total,No había denuncia
España,2012,7,1,Total,Total,Total,Total,Había denuncia
España,2012,7,0,Total,Total,Total,Total,No consta denuncia
España,2012,7,2,Total,Total,Total,Total,No había denuncia
España,2012,6,5,Total,Total,Total,Total,Había denuncia
España,2012,6,0,Total,Total,Total,Total,No consta denuncia
España,2012,6,5,Total,Total,Total,Total,No había denuncia
España,2012,3,0,Total,Total,Total,Total,Había denuncia
España,2012,3,0,Total,Total,Total,Total,No consta denuncia
España,2012,3,2,Total,Total,Total,Total,No había denuncia
España,2012,5,0,Total,Total,Total,Total,Había denuncia
España,2012,5,0,Total,Total,Total,Total,No consta denuncia
España,2012,5,3,Total,Total,Total,Total,No había denuncia
España,2012,11,1,Total,Total,Total,Total,Había denuncia
España,2012,11,0,Total,Total,Total,Total,No consta denuncia
España,2012,11,5,Total,Total,Total,Total,No había denuncia
España,2012,10,1,Total,Total,Total,Total,Había denuncia
España,2012,10,0,Total,Total,Total,Total,No consta denuncia
España,2012,10,5,Total,Total,Total,Total,No había denuncia
España,2012,9,0,Total,Total,Total,Total,Había denuncia
España,2012,9,0,Total,Total,Total,Total,No consta denuncia
España,2012,9,2,Total,Total,Total,Total,No había denuncia
España,2013,4,1,Total,Total,Total,Total,Había denuncia
España,2013,4,0,Total,Total,Total,Total,No consta denuncia
España,2013,4,5,Total,Total,Total,Total,No había denuncia
España,2013,8,1,Total,Total,Total,Total,Había denuncia
España,2013,8,0,Total,Total,Total,Total,No consta denuncia
España,2013,8,1,Total,Total,Total,Total,No había denuncia
España,2013,12,1,Total,Total,Total,Total,Había denuncia
España,2013,12,0,Total,Total,Total,Total,No consta denuncia
España,2013,12,1,Total,Total,Total,Total,No había denuncia
España,2013,1,0,Total,Total,Total,Total,Había denuncia
España,2013,1,0,Total,Total,Total,Total,No consta denuncia
España,2013,1,4,Total,Total,Total,Total,No había denuncia
España,2013,2,1,Total,Total,Total,Total,Había denuncia
España,2013,2,0,Total,Total,Total,Total,No consta denuncia
España,2013,2,3,Total,Total,Total,Total,No había denuncia
España,2013,7,0,Total,Total,Total,Total,Había denuncia
España,2013,7,0,Total,Total,Total,Total,No consta denuncia
España,2013,7,2,Total,Total,Total,Total,No había denuncia
España,2013,6,0,Total,Total,Total,Total,Había denuncia
España,2013,6,0,Total,Total,Total,Total,No consta denuncia
España,2013,6,2,Total,Total,Total,Total,No había denuncia
España,2013,3,2,Total,Total,Total,Total,Había denuncia
España,2013,3,0,Total,Total,Total,Total,No consta denuncia
España,2013,3,6,Total,Total,Total,Total,No había denuncia
España,2013,5,1,Total,Total,Total,Total,Había denuncia
España,2013,5,0,Total,Total,Total,Total,No consta denuncia
España,2013,5,5,Total,Total,Total,Total,No había denuncia
España,2013,11,1,Total,Total,Total,Total,Había denuncia
España,2013,11,0,Total,Total,Total,Total,No consta denuncia
España,2013,11,4,Total,Total,Total,Total,No había denuncia
España,2013,10,1,Total,Total,Total,Total,Había denuncia
España,2013,10,0,Total,Total,Total,Total,No consta denuncia
España,2013,10,4,Total,Total,Total,Total,No había denuncia
España,2013,9,1,Total,Total,Total,Total,Había denuncia
España,2013,9,0,Total,Total,Total,Total,No consta denuncia
España,2013,9,7,Total,Total,Total,Total,No había denuncia
España,2014,4,0,Total,Total,Total,Total,Había denuncia
España,2014,4,0,Total,Total,Total,Total,No consta denuncia
España,2014,4,4,Total,Total,Total,Total,No había denuncia
España,2014,8,1,Total,Total,Total,Total,Había denuncia
España,2014,8,0,Total,Total,Total,Total,No consta denuncia
España,2014,8,7,Total,Total,Total,Total,No había denuncia
España,2014,12,2,Total,Total,Total,Total,Había denuncia
España,2014,12,0,Total,Total,Total,Total,No consta denuncia
España,2014,12,4,Total,Total,Total,Total,No había denuncia
España,2014,1,3,Total,Total,Total,Total,Había denuncia
España,2014,1,0,Total,Total,Total,Total,No consta denuncia
España,2014,1,4,Total,Total,Total,Total,No había denuncia
España,2014,2,2,Total,Total,Total,Total,Había denuncia
España,2014,2,0,Total,Total,Total,Total,No consta denuncia
España,2014,2,3,Total,Total,Total,Total,No había denuncia
España,2014,7,1,Total,Total,Total,Total,Había denuncia
España,2014,7,0,Total,Total,Total,Total,No consta denuncia
España,2014,7,3,Total,Total,Total,Total,No había denuncia
España,2014,6,1,Total,Total,Total,Total,Había denuncia
España,2014,6,0,Total,Total,Total,Total,No consta denuncia
España,2014,6,2,Total,Total,Total,Total,No había denuncia
España,2014,3,1,Total,Total,Total,Total,Había denuncia
España,2014,3,0,Total,Total,Total,Total,No consta denuncia
España,2014,3,7,Total,Total,Total,Total,No había denuncia
España,2014,5,1,Total,Total,Total,Total,Había denuncia
España,2014,5,0,Total,Total,Total,Total,No consta denuncia
España,2014,5,2,Total,Total,Total,Total,No había denuncia
España,2014,11,3,Total,Total,Total,Total,Había denuncia
España,2014,11,0,Total,Total,Total,Total,No consta denuncia
España,2014,11,2,Total,Total,Total,Total,No había denuncia
España,2014,10,1,Total,Total,Total,Total,Había denuncia
España,2014,10,0,Total,Total,Total,Total,No consta denuncia
España,2014,10,1,Total,Total,Total,Total,No había denuncia
España,2014,9,0,Total,Total,Total,Total,Había denuncia
España,2014,9,0,Total,Total,Total,Total,No consta denuncia
España,2014,9,2,Total,Total,Total,Total,No había denuncia
España,2015,4,0,Total,Total,Total,Total,Había denuncia
España,2015,4,0,Total,Total,Total,Total,No consta denuncia
España,2015,4,1,Total,Total,Total,Total,No había denuncia
España,2015,8,0,Total,Total,Total,Total,Había denuncia
España,2015,8,0,Total,Total,Total,Total,No consta denuncia
España,2015,8,6,Total,Total,Total,Total,No había denuncia
España,2015,12,3,Total,Total,Total,Total,Había denuncia
España,2015,12,0,Total,Total,Total,Total,No consta denuncia
España,2015,12,6,Total,Total,Total,Total,No había denuncia
España,2015,1,1,Total,Total,Total,Total,Había denuncia
España,2015,1,0,Total,Total,Total,Total,No consta denuncia
España,2015,1,2,Total,Total,Total,Total,No había denuncia
España,2015,2,0,Total,Total,Total,Total,Había denuncia
España,2015,2,0,Total,Total,Total,Total,No consta denuncia
España,2015,2,2,Total,Total,Total,Total,No había denuncia
España,2015,7,1,Total,Total,Total,Total,Había denuncia
España,2015,7,0,Total,Total,Total,Total,No consta denuncia
España,2015,7,8,Total,Total,Total,Total,No había denuncia
España,2015,6,1,Total,Total,Total,Total,Había denuncia
España,2015,6,0,Total,Total,Total,Total,No consta denuncia
España,2015,6,4,Total,Total,Total,Total,No había denuncia
España,2015,3,0,Total,Total,Total,Total,Había denuncia
España,2015,3,0,Total,Total,Total,Total,No consta denuncia
España,2015,3,4,Total,Total,Total,Total,No había denuncia
España,2015,5,1,Total,Total,Total,Total,Había denuncia
España,2015,5,0,Total,Total,Total,Total,No consta denuncia
España,2015,5,3,Total,Total,Total,Total,No había denuncia
España,2015,11,2,Total,Total,Total,Total,Había denuncia
España,2015,11,0,Total,Total,Total,Total,No consta denuncia
España,2015,11,5,Total,Total,Total,Total,No había denuncia
España,2015,10,3,Total,Total,Total,Total,Había denuncia
España,2015,10,0,Total,Total,Total,Total,No consta denuncia
España,2015,10,4,Total,Total,Total,Total,No había denuncia
España,2015,9,0,Total,Total,Total,Total,Había denuncia
España,2015,9,0,Total,Total,Total,Total,No consta denuncia
España,2015,9,2,Total,Total,Total,Total,No había denuncia
España,2016,4,3,Total,Total,Total,Total,Había denuncia
España,2016,4,0,Total,Total,Total,Total,No consta denuncia
España,2016,4,1,Total,Total,Total,Total,No había denuncia
España,2016,8,1,Total,Total,Total,Total,Había denuncia
España,2016,8,0,Total,Total,Total,Total,No consta denuncia
España,2016,8,2,Total,Total,Total,Total,No había denuncia
España,2016,12,0,Total,Total,Total,Total,Había denuncia
España,2016,12,0,Total,Total,Total,Total,No consta denuncia
España,2016,12,5,Total,Total,Total,Total,No había denuncia
España,2016,1,2,Total,Total,Total,Total,Había denuncia
España,2016,1,0,Total,Total,Total,Total,No consta denuncia
España,2016,1,5,Total,Total,Total,Total,No había denuncia
España,2016,2,1,Total,Total,Total,Total,Había denuncia
España,2016,2,0,Total,Total,Total,Total,No consta denuncia
España,2016,2,3,Total,Total,Total,Total,No había denuncia
España,2016,7,4,Total,Total,Total,Total,Había denuncia
España,2016,7,0,Total,Total,Total,Total,No consta denuncia
España,2016,7,2,Total,Total,Total,Total,No había denuncia
España,2016,6,0,Total,Total,Total,Total,Había denuncia
España,2016,6,0,Total,Total,Total,Total,No consta denuncia
España,2016,6,3,Total,Total,Total,Total,No había denuncia
España,2016,3,2,Total,Total,Total,Total,Había denuncia
España,2016,3,0,Total,Total,Total,Total,No consta denuncia
España,2016,3,0,Total,Total,Total,Total,No había denuncia
España,2016,5,1,Total,Total,Total,Total,Había denuncia
España,2016,5,0,Total,Total,Total,Total,No consta denuncia
España,2016,5,3,Total,Total,Total,Total,No había denuncia
España,2016,11,1,Total,Total,Total,Total,Había denuncia
España,2016,11,0,Total,Total,Total,Total,No consta denuncia
España,2016,11,4,Total,Total,Total,Total,No había denuncia
España,2016,10,2,Total,Total,Total,Total,Había denuncia
España,2016,10,0,Total,Total,Total,Total,No consta denuncia
España,2016,10,2,Total,Total,Total,Total,No había denuncia
España,2016,9,0,Total,Total,Total,Total,Había denuncia
España,2016,9,0,Total,Total,Total,Total,No consta denuncia
España,2016,9,2,Total,Total,Total,Total,No había denuncia
España,2017,4,0,Total,Total,Total,Total,Había denuncia
España,2017,4,0,Total,Total,Total,Total,No consta denuncia
España,2017,4,4,Total,Total,Total,Total,No había denuncia
España,2017,8,1,Total,Total,Total,Total,Había denuncia
España,2017,8,0,Total,Total,Total,Total,No consta denuncia
España,2017,8,2,Total,Total,Total,Total,No había denuncia
España,2017,12,2,Total,Total,Total,Total,Había denuncia
España,2017,12,0,Total,Total,Total,Total,No consta denuncia
España,2017,12,1,Total,Total,Total,Total,No había denuncia
España,2017,1,2,Total,Total,Total,Total,Había denuncia
España,2017,1,0,Total,Total,Total,Total,No consta denuncia
España,2017,1,3,Total,Total,Total,Total,No había denuncia
España,2017,2,2,Total,Total,Total,Total,Había denuncia
España,2017,2,0,Total,Total,Total,Total,No consta denuncia
España,2017,2,8,Total,Total,Total,Total,No había denuncia
España,2017,7,0,Total,Total,Total,Total,Había denuncia
España,2017,7,0,Total,Total,Total,Total,No consta denuncia
España,2017,7,2,Total,Total,Total,Total,No había denuncia
España,2017,6,1,Total,Total,Total,Total,Había denuncia
España,2017,6,0,Total,Total,Total,Total,No consta denuncia
España,2017,6,3,Total,Total,Total,Total,No había denuncia
España,2017,3,0,Total,Total,Total,Total,Había denuncia
España,2017,3,0,Total,Total,Total,Total,No consta denuncia
España,2017,3,3,Total,Total,Total,Total,No había denuncia
España,2017,5,2,Total,Total,Total,Total,Había denuncia
España,2017,5,0,Total,Total,Total,Total,No consta denuncia
España,2017,5,4,Total,Total,Total,Total,No había denuncia
España,2017,11,1,Total,Total,Total,Total,Había denuncia
España,2017,11,0,Total,Total,Total,Total,No consta denuncia
España,2017,11,1,Total,Total,Total,Total,No había denuncia
España,2017,10,0,Total,Total,Total,Total,Había denuncia
España,2017,10,0,Total,Total,Total,Total,No consta denuncia
España,2017,10,5,Total,Total,Total,Total,No había denuncia
España,2017,9,1,Total,Total,Total,Total,Había denuncia
España,2017,9,0,Total,Total,Total,Total,No consta denuncia
España,2017,9,1,Total,Total,Total,Total,No había denuncia
España,2018,4,1,Total,Total,Total,Total,Había denuncia
España,2018,4,0,Total,Total,Total,Total,No consta denuncia
España,2018,4,3,Total,Total,Total,Total,No había denuncia
España,2018,8,1,Total,Total,Total,Total,Había denuncia
España,2018,8,0,Total,Total,Total,Total,No consta denuncia
España,2018,8,7,Total,Total,Total,Total,No había denuncia
España,2018,12,0,Total,Total,Total,Total,Había denuncia
España,2018,12,0,Total,Total,Total,Total,No consta denuncia
España,2018,12,2,Total,Total,Total,Total,No había denuncia
España,2018,1,1,Total,Total,Total,Total,Había denuncia
España,2018,1,0,Total,Total,Total,Total,No consta denuncia
España,2018,1,1,Total,Total,Total,Total,No había denuncia
España,2018,2,0,Total,Total,Total,Total,Había denuncia
España,2018,2,0,Total,Total,Total,Total,No consta denuncia
España,2018,2,2,Total,Total,Total,Total,No había denuncia
España,2018,7,2,Total,Total,Total,Total,Había denuncia
España,2018,7,0,Total,Total,Total,Total,No consta denuncia
España,2018,7,6,Total,Total,Total,Total,No había denuncia
España,2018,6,1,Total,Total,Total,Total,Había denuncia
España,2018,6,0,Total,Total,Total,Total,No consta denuncia
España,2018,6,5,Total,Total,Total,Total,No había denuncia
España,2018,3,1,Total,Total,Total,Total,Había denuncia
España,2018,3,0,Total,Total,Total,Total,No consta denuncia
España,2018,3,2,Total,Total,Total,Total,No había denuncia
España,2018,5,0,Total,Total,Total,Total,Había denuncia
España,2018,5,0,Total,Total,Total,Total,No consta denuncia
España,2018,5,1,Total,Total,Total,Total,No había denuncia
España,2018,11,1,Total,Total,Total,Total,Había denuncia
España,2018,11,0,Total,Total,Total,Total,No consta denuncia
España,2018,11,1,Total,Total,Total,Total,No había denuncia
España,2018,10,3,Total,Total,Total,Total,Había denuncia
España,2018,10,0,Total,Total,Total,Total,No consta denuncia
España,2018,10,1,Total,Total,Total,Total,No había denuncia
España,2018,9,4,Total,Total,Total,Total,Había denuncia
España,2018,9,0,Total,Total,Total,Total,No consta denuncia
España,2018,9,6,Total,Total,Total,Total,No había denuncia
España,2019,4,1,Total,Total,Total,Total,Había denuncia
España,2019,4,0,Total,Total,Total,Total,No consta denuncia
España,2019,4,5,Total,Total,Total,Total,No había denuncia
España,2019,8,2,Total,Total,Total,Total,Había denuncia
España,2019,8,0,Total,Total,Total,Total,No consta denuncia
España,2019,8,2,Total,Total,Total,Total,No había denuncia
España,2019,12,0,Total,Total,Total,Total,Había denuncia
España,2019,12,0,Total,Total,Total,Total,No consta denuncia
España,2019,12,1,Total,Total,Total,Total,No había denuncia
España,2019,1,1,Total,Total,Total,Total,Había denuncia
España,2019,1,0,Total,Total,Total,Total,No consta denuncia
España,2019,1,7,Total,Total,Total,Total,No había denuncia
España,2019,2,1,Total,Total,Total,Total,Había denuncia
España,2019,2,0,Total,Total,Total,Total,No consta denuncia
España,2019,2,2,Total,Total,Total,Total,No había denuncia
España,2019,7,2,Total,Total,Total,Total,Había denuncia
España,2019,7,0,Total,Total,Total,Total,No consta denuncia
España,2019,7,7,Total,Total,Total,Total,No había denuncia
España,2019,6,2,Total,Total,Total,Total,Había denuncia
España,2019,6,0,Total,Total,Total,Total,No consta denuncia
España,2019,6,5,Total,Total,Total,Total,No había denuncia
España,2019,3,0,Total,Total,Total,Total,Había denuncia
España,2019,3,0,Total,Total,Total,Total,No consta denuncia
España,2019,3,5,Total,Total,Total,Total,No había denuncia
España,2019,5,2,Total,Total,Total,Total,Había denuncia
España,2019,5,0,Total,Total,Total,Total,No consta denuncia
España,2019,5,1,Total,Total,Total,Total,No había denuncia
España,2019,11,0,Total,Total,Total,Total,Había denuncia
España,2019,11,0,Total,Total,Total,Total,No consta denuncia
España,2019,11,2,Total,Total,Total,Total,No había denuncia
España,2019,10,1,Total,Total,Total,Total,Había denuncia
España,2019,10,0,Total,Total,Total,Total,No consta denuncia
España,2019,10,3,Total,Total,Total,Total,No había denuncia
España,2019,9,1,Total,Total,Total,Total,Había denuncia
España,2019,9,0,Total,Total,Total,Total,No consta denuncia
España,2019,9,3,Total,Total,Total,Total,No había denuncia
España,2020,4,1,Total,Total,Total,Total,Había denuncia
España,2020,4,0,Total,Total,Total,Total,No consta denuncia
España,2020,4,1,Total,Total,Total,Total,No había denuncia
España,2020,8,0,Total,Total,Total,Total,Había denuncia
España,2020,8,0,Total,Total,Total,Total,No consta denuncia
España,2020,8,7,Total,Total,Total,Total,No había denuncia
España,2020,12,2,Total,Total,Total,Total,Había denuncia
España,2020,12,0,Total,Total,Total,Total,No consta denuncia
España,2020,12,3,Total,Total,Total,Total,No había denuncia
España,2020,1,0,Total,Total,Total,Total,Había denuncia
España,2020,1,0,Total,Total,Total,Total,No consta denuncia
España,2020,1,8,Total,Total,Total,Total,No había denuncia
España,2020,2,1,Total,Total,Total,Total,Había denuncia
España,2020,2,0,Total,Total,Total,Total,No consta denuncia
España,2020,2,6,Total,Total,Total,Total,No había denuncia
España,2020,7,2,Total,Total,Total,Total,Había denuncia
España,2020,7,0,Total,Total,Total,Total,No consta denuncia
España,2020,7,2,Total,Total,Total,Total,No había denuncia
España,2020,6,0,Total,Total,Total,Total,Había denuncia
España,2020,6,0,Total,Total,Total,Total,No consta denuncia
España,2020,6,2,Total,Total,Total,Total,No había denuncia
España,2020,3,0,Total,Total,Total,Total,Había denuncia
España,2020,3,0,Total,Total,Total,Total,No consta denuncia
España,2020,3,4,Total,Total,Total,Total,No había denuncia
España,2020,5,1,Total,Total,Total,Total,Había denuncia
España,2020,5,0,Total,Total,Total,Total,No consta denuncia
España,2020,5,1,Total,Total,Total,Total,No había denuncia
España,2020,11,0,Total,Total,Total,Total,Había denuncia
España,2020,11,0,Total,Total,Total,Total,No consta denuncia
España,2020,11,4,Total,Total,Total,Total,No había denuncia
España,2020,10,0,Total,Total,Total,Total,Había denuncia
España,2020,10,0,Total,Total,Total,Total,No consta denuncia
España,2020,10,1,Total,Total,Total,Total,No había denuncia
España,2020,9,0,Total,Total,Total,Total,Había denuncia
España,2020,9,0,Total,Total,Total,Total,No consta denuncia
España,2020,9,4,Total,Total,Total,Total,No había denuncia
España,2021,4,0,Total,Total,Total,Total,Había denuncia
España,2021,4,0,Total,Total,Total,Total,No consta denuncia
España,2021,4,4,Total,Total,Total,Total,No había denuncia
España,2021,8,0,Total,Total,Total,Total,Había denuncia
España,2021,8,0,Total,Total,Total,Total,No consta denuncia
España,2021,8,3,Total,Total,Total,Total,No había denuncia
España,2021,12,2,Total,Total,Total,Total,Había denuncia
España,2021,12,0,Total,Total,Total,Total,No consta denuncia
España,2021,12,6,Total,Total,Total,Total,No había denuncia
España,2021,1,0,Total,Total,Total,Total,Había denuncia
España,2021,1,0,Total,Total,Total,Total,No consta denuncia
España,2021,1,1,Total,Total,Total,Total,No había denuncia
España,2021,2,0,Total,Total,Total,Total,Había denuncia
España,2021,2,0,Total,Total,Total,Total,No consta denuncia
España,2021,2,3,Total,Total,Total,Total,No había denuncia
España,2021,7,2,Total,Total,Total,Total,Había denuncia
España,2021,7,0,Total,Total,Total,Total,No consta denuncia
España,2021,7,4,Total,Total,Total,Total,No había denuncia
España,2021,6,2,Total,Total,Total,Total,Había denuncia
España,2021,6,0,Total,Total,Total,Total,No consta denuncia
España,2021,6,8,Total,Total,Total,Total,No había denuncia
España,2021,3,0,Total,Total,Total,Total,Había denuncia
España,2021,3,0,Total,Total,Total,Total,No consta denuncia
España,2021,3,2,Total,Total,Total,Total,No había denuncia
España,2021,5,4,Total,Total,Total,Total,Había denuncia
España,2021,5,0,Total,Total,Total,Total,No consta denuncia
España,2021,5,3,Total,Total,Total,Total,No había denuncia
España,2021,11,0,Total,Total,Total,Total,Había denuncia
España,2021,11,0,Total,Total,Total,Total,No consta denuncia
España,2021,11,1,Total,Total,Total,Total,No había denuncia
España,2021,10,0,Total,Total,Total,Total,Había denuncia
España,2021,10,0,Total,Total,Total,Total,No consta denuncia
España,2021,10,2,Total,Total,Total,Total,No había denuncia
España,2021,9,0,Total,Total,Total,Total,Había denuncia
España,2021,9,0,Total,Total,Total,Total,No consta denuncia
España,2021,9,2,Total,Total,Total,Total,No había denuncia
España,2022,4,2,Total,Total,Total,Total,Había denuncia
España,2022,4,0,Total,Total,Total,Total,No consta denuncia
España,2022,4,3,Total,Total,Total,Total,No había denuncia
España,2022,8,2,Total,Total,Total,Total,Había denuncia
España,2022,8,0,Total,Total,Total,Total,No consta denuncia
España,2022,8,1,Total,Total,Total,Total,No había denuncia
España,2022,12,6,Total,Total,Total,Total,Había denuncia
España,2022,12,0,Total,Total,Total,Total,No consta denuncia
España,2022,12,4,Total,Total,Total,Total,No había denuncia
España,2022,1,0,Total,Total,Total,Total,Había denuncia
España,2022,1,0,Total,Total,Total,Total,No consta denuncia
España,2022,1,2,Total,Total,Total,Total,No había denuncia
España,2022,2,0,Total,Total,Total,Total,Había denuncia
España,2022,2,0,Total,Total,Total,Total,No consta denuncia
España,2022,2,2,Total,Total,Total,Total,No había denuncia
España,2022,7,0,Total,Total,Total,Total,Había denuncia
España,2022,7,0,Total,Total,Total,Total,No consta denuncia
España,2022,7,4,Total,Total,Total,Total,No había denuncia
España,2022,6,2,Total,Total,Total,Total,Había denuncia
España,2022,6,0,Total,Total,Total,Total,No consta denuncia
España,2022,6,2,Total,Total,Total,Total,No había denuncia
España,2022,3,3,Total,Total,Total,Total,Había denuncia
España,2022,3,0,Total,Total,Total,Total,No consta denuncia
España,2022,3,2,Total,Total,Total,Total,No había denuncia
España,2022,5,2,Total,Total,Total,Total,Había denuncia
España,2022,5,0,Total,Total,Total,Total,No consta denuncia
España,2022,5,4,Total,Total,Total,Total,No había denuncia
España,2022,11,2,Total,Total,Total,Total,Había denuncia
España,2022,11,0,Total,Total,Total,Total,No consta denuncia
España,2022,11,1,Total,Total,Total,Total,No había denuncia
España,2022,10,0,Total,Total,Total,Total,Había denuncia
España,2022,10,0,Total,Total,Total,Total,No consta denuncia
España,2022,10,1,Total,Total,Total,Total,No había denuncia
España,2022,9,2,Total,Total,Total,Total,Había denuncia
España,2022,9,0,Total,Total,Total,Total,No consta denuncia
España,2022,9,3,Total,Total,Total,Total,No había denuncia
España,2023,4,0,Total,Total,Total,Total,Había denuncia
España,2023,4,0,Total,Total,Total,Total,No consta denuncia
España,2023,4,3,Total,Total,Total,Total,No había denuncia
España,2023,8,1,Total,Total,Total,Total,Había denuncia
España,2023,8,0,Total,Total,Total,Total,No consta denuncia
España,2023,8,7,Total,Total,Total,Total,No había denuncia
España,2023,12,1,Total,Total,Total,Total,Había denuncia
España,2023,12,0,Total,Total,Total,Total,No consta denuncia
España,2023,12,1,Total,Total,Total,Total,No había denuncia
España,2023,1,2,Total,Total,Total,Total,Había denuncia
España,2023,1,0,Total,Total,Total,Total,No consta denuncia
España,2023,1,5,Total,Total,Total,Total,No había denuncia
España,2023,2,0,Total,Total,Total,Total,Había denuncia
España,2023,2,0,Total,Total,Total,Total,No consta denuncia
España,2023,2,3,Total,Total,Total,Total,No había denuncia
España,2023,7,0,Total,Total,Total,Total,Había denuncia
España,2023,7,0,Total,Total,Total,Total,No consta denuncia
España,2023,7,7,Total,Total,Total,Total,No había denuncia
España,2023,6,2,Total,Total,Total,Total,Había denuncia
España,2023,6,0,Total,Total,Total,Total,No consta denuncia
España,2023,6,3,Total,Total,Total,Total,No había denuncia
España,2023,3,2,Total,Total,Total,Total,Había denuncia
España,2023,3,0,Total,Total,Total,Total,No consta denuncia
España,2023,3,0,Total,Total,Total,Total,No había denuncia
España,2023,5,1,Total,Total,Total,Total,Había denuncia
España,2023,5,0,Total,Total,Total,Total,No consta denuncia
España,2023,5,5,Total,Total,Total,Total,No había denuncia
España,2023,11,3,Total,Total,Total,Total,Había denuncia
España,2023,11,0,Total,Total,Total,Total,No consta denuncia
España,2023,11,1,Total,Total,Total,Total,No había denuncia
España,2023,10,0,Total,Total,Total,Total,Había denuncia
España,2023,10,0,Total,Total,Total,Total,No consta denuncia
España,2023,10,1,Total,Total,Total,Total,No había denuncia
España,2023,9,3,Total,Total,Total,Total,Había denuncia
España,2023,9,0,Total,Total,Total,Total,No consta denuncia
España,2023,9,7,Total,Total,Total,Total,No había denuncia
España,2024,4,2,Total,Total,Total,Total,Había denuncia
España,2024,4,0,Total,Total,Total,Total,No consta denuncia
España,2024,4,2,Total,Total,Total,Total,No había denuncia
España,2024,8,0,Total,Total,Total,Total,Había denuncia
España,2024,8,0,Total,Total,Total,Total,No consta denuncia
España,2024,8,5,Total,Total,Total,Total,No había denuncia
España,2024,12,3,Total,Total,Total,Total,Había denuncia
España,2024,12,0,Total,Total,Total,Total,No consta denuncia
España,2024,12,1,Total,Total,Total,Total,No había denuncia
España,2024,1,0,Total,Total,Total,Total,Había denuncia
España,2024,1,0,Total,Total,Total,Total,No consta denuncia
España,2024,1,2,Total,Total,Total,Total,No había denuncia
España,2024,2,1,Total,Total,Total,Total,Había denuncia
España,2024,2,0,Total,Total,Total,Total,No consta denuncia
España,2024,2,2,Total,Total,Total,Total,No había denuncia
España,2024,7,3,Total,Total,Total,Total,Había denuncia
España,2024,7,0,Total,Total,Total,Total,No consta denuncia
España,2024,7,5,Total,Total,Total,Total,No había denuncia
España,2024,6,1,Total,Total,Total,Total,Había denuncia
España,2024,6,0,Total,Total,Total,Total,No consta denuncia
España,2024,6,6,Total,Total,Total,Total,No había denuncia
España,2024,3,0,Total,Total,Total,Total,Había denuncia
España,2024,3,0,Total,Total,Total,Total,No consta denuncia
España,2024,3,2,Total,Total,Total,Total,No había denuncia
España,2024,5,0,Total,Total,Total,Total,Había denuncia
España,2024,5,0,Total,Total,Total,Total,No consta denuncia
España,2024,5,1,Total,Total,Total,Total,No había denuncia
España,2024,11,2,Total,Total,Total,Total,Había denuncia
España,2024,11,0,Total,Total,Total,Total,No consta denuncia
España,2024,11,2,Total,Total,Total,Total,No había denuncia
España,2024,10,3,Total,Total,Total,Total,Había denuncia
España,2024,10,0,Total,Total,Total,Total,No consta denuncia
España,2024,10,2,Total,Total,Total,Total,No había denuncia
España,2024,9,1,Total,Total,Total,Total,Había denuncia
España,2024,9,0,Total,Total,Total,Total,No consta denuncia
España,2024,9,3,Total,Total,Total,Total,No había denuncia
España,2025,4,1,Total,Total,Total,Total,Había denuncia
España,2025,4,0,Total,Total,Total,Total,No consta denuncia
España,2025,4,3,Total,Total,Total,Total,No había denuncia
España,2025,8,2,Total,Total,Total,Total,Había denuncia
España,2025,8,0,Total,Total,Total,Total,No consta denuncia
España,2025,8,0,Total,Total,Total,Total,No había denuncia
España,2025,12,0,Total,Total,Total,Total,Había denuncia
España,2025,12,0,Total,Total,Total,Total,No consta denuncia
España,2025,12,5,Total,Total,Total,Total,No había denuncia
España,2025,1,0,Total,Total,Total,Total,Había denuncia
España,2025,1,0,Total,Total,Total,Total,No consta denuncia
España,2025,1,1,Total,Total,Total,Total,No había denuncia
España,2025,2,1,Total,Total,Total,Total,Había denuncia
España,2025,2,0,Total,Total,Total,Total,No consta denuncia
España,2025,2,1,Total,Total,Total,Total,No había denuncia
España,2025,7,1,Total,Total,Total,Total,Había denuncia
España,2025,7,0,Total,Total,Total,Total,No consta denuncia
España,2025,7,2,Total,Total,Total,Total,No había denuncia
España,2025,6,2,Total,Total,Total,Total,Había denuncia
España,2025,6,0,Total,Total,Total,Total,No consta denuncia
España,2025,6,6,Total,Total,Total,Total,No había denuncia
España,2025,3,0,Total,Total,Total,Total,Había denuncia
España,2025,3,0,Total,Total,Total,Total,No consta denuncia
España,2025,3,5,Total,Total,Total,Total,No había denuncia
España,2025,5,0,Total,Total,Total,Total,Había denuncia
España,2025,5,0,Total,Total,Total,Total,No consta denuncia
España,2025,5,1,Total,Total,Total,Total,No había denuncia
España,2025,11,2,Total,Total,Total,Total,Había denuncia
España,2025,11,0,Total,Total,Total,Total,No consta denuncia
España,2025,11,5,Total,Total,Total,Total,No había denuncia
España,2025,10,1,Total,Total,Total,Total,Había denuncia
España,2025,10,0,Total,Total,Total,Total,No consta denuncia
España,2025,10,4,Total,Total,Total,Total,No había denuncia
España,2025,9,1,Total,Total,Total,Total,Había denuncia
España,2025,9,0,Total,Total,Total,Total,No consta denuncia
España,2025,9,4,Total,Total,Total,Total,No había denuncia
España,2026,4,2,Total,Total,Total,Total,Había denuncia
España,2026,4,0,Total,Total,Total,Total,No consta denuncia
España,2026,4,0,Total,Total,Total,Total,No había denuncia
España,2026,1,3,Total,Total,Total,Total,Había denuncia
España,2026,1,0,Total,Total,Total,Total,No consta denuncia
España,2026,1,3,Total,Total,Total,Total,No había denuncia
España,2026,2,2,Total,Total,Total,Total,Había denuncia
España,2026,2,0,Total,Total,Total,Total,No consta denuncia
España,2026,2,3,Total,Total,Total,Total,No había denuncia
España,2026,7,1,Total,Total,Total,Total,Había denuncia
España,2026,7,0,Total,Total,Total,Total,No consta denuncia
España,2026,7,5,Total,Total,Total,Total,No había denuncia
España,2026,6,0,Total,Total,Total,Total,Había denuncia
España,2026,6,0,Total,Total,Total,Total,No consta denuncia
España,2026,6,3,Total,Total,Total,Total,No había denuncia
España,2026,3,0,Total,Total,Total,Total,Había denuncia
España,2026,3,0,Total,Total,Total,Total,No consta denuncia
España,2026,3,5,Total,Total,Total,Total,No había denuncia
España,2026,5,2,Total,Total,Total,Total,Había denuncia
España,2026,5,0,Total,Total,Total,Total,No consta denuncia
España,2026,5,3,Total,Total,Total,Total,No había denuncia
España,2003,4,5,Total,Total,Total,Total,Total
España,2003,8,8,Total,Total,Total,Total,Total
España,2003,12,3,Total,Total,Total,Total,Total
España,2003,1,8,Total,Total,Total,Total,Total
España,2003,2,4,Total,Total,Total,Total,Total
España,2003,7,8,Total,Total,Total,Total,Total
España,2003,6,7,Total,Total,Total,Total,Total
España,2003,3,6,Total,Total,Total,Total,Total
España,2003,5,7,Total,Total,Total,Total,Total
España,2003,11,9,Total,Total,Total,Total,Total
España,2003,10,2,Total,Total,Total,Total,Total
España,2003,9,4,Total,Total,Total,Total,Total
España,2004,4,6,Total,Total,Total,Total,Total
España,2004,8,6,Total,Total,Total,Total,Total
España,2004,12,8,Total,Total,Total,Total,Total
España,2004,1,2,Total,Total,Total,Total,Total
España,2004,2,5,Total,Total,Total,Total,Total
España,2004,7,7,Total,Total,Total,Total,Total
España,2004,6,6,Total,Total,Total,Total,Total
España,2004,3,6,Total,Total,Total,Total,Total
España,2004,5,8,Total,Total,Total,Total,Total
España,2004,11,4,Total,Total,Total,Total,Total
España,2004,10,7,Total,Total,Total,Total,Total
España,2004,9,7,Total,Total,Total,Total,Total
España,2005,4,4,Total,Total,Total,Total,Total
España,2005,8,6,Total,Total,Total,Total,Total
España,2005,12,3,Total,Total,Total,Total,Total
España,2005,1,6,Total,Total,Total,Total,Total
España,2005,2,6,Total,Total,Total,Total,Total
España,2005,7,4,Total,Total,Total,Total,Total
España,2005,6,6,Total,Total,Total,Total,Total
España,2005,3,3,Total,Total,Total,Total,Total
España,2005,5,4,Total,Total,Total,Total,Total
España,2005,11,6,Total,Total,Total,Total,Total
España,2005,10,5,Total,Total,Total,Total,Total
España,2005,9,4,Total,Total,Total,Total,Total
España,2006,4,5,Total,Total,Total,Total,Total
España,2006,8,9,Total,Total,Total,Total,Total
España,2006,12,6,Total,Total,Total,Total,Total
España,2006,1,9,Total,Total,Total,Total,Total
España,2006,2,4,Total,Total,Total,Total,Total
España,2006,7,8,Total,Total,Total,Total,Total
España,2006,6,2,Total,Total,Total,Total,Total
España,2006,3,9,Total,Total,Total,Total,Total
España,2006,5,5,Total,Total,Total,Total,Total
España,2006,11,2,Total,Total,Total,Total,Total
España,2006,10,6,Total,Total,Total,Total,Total
España,2006,9,4,Total,Total,Total,Total,Total
España,2007,4,4,Total,Total,Total,Total,Total
España,2007,8,7,Total,Total,Total,Total,Total
España,2007,12,1,Total,Total,Total,Total,Total
España,2007,1,5,Total,Total,Total,Total,Total
España,2007,2,9,Total,Total,Total,Total,Total
España,2007,7,8,Total,Total,Total,Total,Total
España,2007,6,10,Total,Total,Total,Total,Total
España,2007,3,4,Total,Total,Total,Total,Total
España,2007,5,7,Total,Total,Total,Total,Total
España,2007,11,7,Total,Total,Total,Total,Total
España,2007,10,5,Total,Total,Total,Total,Total
España,2007,9,4,Total,Total,Total,Total,Total
España,2008,4,5,Total,Total,Total,Total,Total
España,2008,8,8,Total,Total,Total,Total,Total
España,2008,12,11,Total,Total,Total,Total,Total
España,2008,1,7,Total,Total,Total,Total,Total
España,2008,2,8,Total,Total,Total,Total,Total
España,2008,7,5,Total,Total,Total,Total,Total
España,2008,6,5,Total,Total,Total,Total,Total
España,2008,3,4,Total,Total,Total,Total,Total
España,2008,5,3,Total,Total,Total,Total,Total
España,2008,11,6,Total,Total,Total,Total,Total
España,2008,10,7,Total,Total,Total,Total,Total
España,2008,9,7,Total,Total,Total,Total,Total
España,2009,4,2,Total,Total,Total,Total,Total
España,2009,8,6,Total,Total,Total,Total,Total
España,2009,12,5,Total,Total,Total,Total,Total
España,2009,2,5,Total,Total,Total,Total,Total
España,2009,7,6,Total,Total,Total,Total,Total
España,2009,6,6,Total,Total,Total,Total,Total
España,2009,3,6,Total,Total,Total,Total,Total
España,2009,5,9,Total,Total,Total,Total,Total
España,2009,11,1,Total,Total,Total,Total,Total
España,2009,10,6,Total,Total,Total,Total,Total
España,2009,9,6,Total,Total,Total,Total,Total
España,2010,4,8,Total,Total,Total,Total,Total
España,2010,8,2,Total,Total,Total,Total,Total
España,2010,12,7,Total,Total,Total,Total,Total
España,2010,1,3,Total,Total,Total,Total,Total
España,2010,2,4,Total,Total,Total,Total,Total
España,2010,7,11,Total,Total,Total,Total,Total
España,2010,6,5,Total,Total,Total,Total,Total
España,2010,3,7,Total,Total,Total,Total,Total
España,2010,5,6,Total,Total,Total,Total,Total
España,2010,11,7,Total,Total,Total,Total,Total
España,2010,10,6,Total,Total,Total,Total,Total
España,2010,9,8,Total,Total,Total,Total,Total
España,2011,4,3,Total,Total,Total,Total,Total
España,2011,8,4,Total,Total,Total,Total,Total
España,2011,12,6,Total,Total,Total,Total,Total
España,2011,1,8,Total,Total,Total,Total,Total
España,2011,2,6,Total,Total,Total,Total,Total
España,2011,7,7,Total,Total,Total,Total,Total
España,2011,6,2,Total,Total,Total,Total,Total
España,2011,3,3,Total,Total,Total,Total,Total
España,2011,5,8,Total,Total,Total,Total,Total
España,2011,11,3,Total,Total,Total,Total,Total
España,2011,10,6,Total,Total,Total,Total,Total
España,2011,9,6,Total,Total,Total,Total,Total
España,2012,4,4,Total,Total,Total,Total,Total
España,2012,8,2,Total,Total,Total,Total,Total
España,2012,12,3,Total,Total,Total,Total,Total
España,2012,1,8,Total,Total,Total,Total,Total
España,2012,2,2,Total,Total,Total,Total,Total
España,2012,7,3,Total,Total,Total,Total,Total
España,2012,6,10,Total,Total,Total,Total,Total
España,2012,3,2,Total,Total,Total,Total,Total
España,2012,5,3,Total,Total,Total,Total,Total
España,2012,11,6,Total,Total,Total,Total,Total
España,2012,10,6,Total,Total,Total,Total,Total
España,2012,9,2,Total,Total,Total,Total,Total
España,2013,4,6,Total,Total,Total,Total,Total
España,2013,8,2,Total,Total,Total,Total,Total
España,2013,12,2,Total,Total,Total,Total,Total
España,2013,1,4,Total,Total,Total,Total,Total
España,2013,2,4,Total,Total,Total,Total,Total
España,2013,7,2,Total,Total,Total,Total,Total
España,2013,6,2,Total,Total,Total,Total,Total
España,2013,3,8,Total,Total,Total,Total,Total
España,2013,5,6,Total,Total,Total,Total,Total
España,2013,11,5,Total,Total,Total,Total,Total
España,2013,10,5,Total,Total,Total,Total,Total
España,2013,9,8,Total,Total,Total,Total,Total
España,2014,4,4,Total,Total,Total,Total,Total
España,2014,8,8,Total,Total,Total,Total,Total
España,2014,12,6,Total,Total,Total,Total,Total
España,2014,1,7,Total,Total,Total,Total,Total
España,2014,2,5,Total,Total,Total,Total,Total
España,2014,7,4,Total,Total,Total,Total,Total
España,2014,6,3,Total,Total,Total,Total,Total
España,2014,3,8,Total,Total,Total,Total,Total
España,2014,5,3,Total,Total,Total,Total,Total
España,2014,11,5,Total,Total,Total,Total,Total
España,2014,10,2,Total,Total,Total,Total,Total
España,2014,9,2,Total,Total,Total,Total,Total
España,2015,4,1,Total,Total,Total,Total,Total
España,2015,8,6,Total,Total,Total,Total,Total
España,2015,12,9,Total,Total,Total,Total,Total
España,2015,1,3,Total,Total,Total,Total,Total
España,2015,2,2,Total,Total,Total,Total,Total
España,2015,7,9,Total,Total,Total,Total,Total
España,2015,6,5,Total,Total,Total,Total,Total
España,2015,3,4,Total,Total,Total,Total,Total
España,2015,5,4,Total,Total,Total,Total,Total
España,2015,11,7,Total,Total,Total,Total,Total
España,2015,10,7,Total,Total,Total,Total,Total
España,2015,9,2,Total,Total,Total,Total,Total
España,2016,4,4,Total,Total,Total,Total,Total
España,2016,8,3,Total,Total,Total,Total,Total
España,2016,12,5,Total,Total,Total,Total,Total
España,2016,1,7,Total,Total,Total,Total,Total
España,2016,2,4,Total,Total,Total,Total,Total
España,2016,7,6,Total,Total,Total,Total,Total
España,2016,6,3,Total,Total,Total,Total,Total
España,2016,3,2,Total,Total,Total,Total,Total
España,2016,5,4,Total,Total,Total,Total,Total
España,2016,11,5,Total,Total,Total,Total,Total
España,2016,10,4,Total,Total,Total,Total,Total
España,2016,9,2,Total,Total,Total,Total,Total
España,2017,4,4,Total,Total,Total,Total,Total
España,2017,8,3,Total,Total,Total,Total,Total
España,2017,12,3,Total,Total,Total,Total,Total
España,2017,1,5,Total,Total,Total,Total,Total
España,2017,2,10,Total,Total,Total,Total,Total
España,2017,7,2,Total,Total,Total,Total,Total
España,2017,6,4,Total,Total,Total,Total,Total
España,2017,3,3,Total,Total,Total,Total,Total
España,2017,5,6,Total,Total,Total,Total,Total
España,2017,11,2,Total,Total,Total,Total,Total
España,2017,10,5,Total,Total,Total,Total,Total
España,2017,9,2,Total,Total,Total,Total,Total
España,2018,4,4,Total,Total,Total,Total,Total
España,2018,8,8,Total,Total,Total,Total,Total
España,2018,12,2,Total,Total,Total,Total,Total
España,2018,1,2,Total,Total,Total,Total,Total
España,2018,2,2,Total,Total,Total,Total,Total
España,2018,7,8,Total,Total,Total,Total,Total
España,2018,6,6,Total,Total,Total,Total,Total
España,2018,3,3,Total,Total,Total,Total,Total
España,2018,5,1,Total,Total,Total,Total,Total
España,2018,11,2,Total,Total,Total,Total,Total
España,2018,10,4,Total,Total,Total,Total,Total
España,2018,9,10,Total,Total,Total,Total,Total
España,2019,4,6,Total,Total,Total,Total,Total
España,2019,8,4,Total,Total,Total,Total,Total
España,2019,12,1,Total,Total,Total,Total,Total
España,2019,1,8,Total,Total,Total,Total,Total
España,2019,2,3,Total,Total,Total,Total,Total
España,2019,7,9,Total,Total,Total,Total,Total
España,2019,6,7,Total,Total,Total,Total,Total
España,2019,3,5,Total,Total,Total,Total,Total
España,2019,5,3,Total,Total,Total,Total,Total
España,2019,11,2,Total,Total,Total,Total,Total
España,2019,10,4,Total,Total,Total,Total,Total
España,2019,9,4,Total,Total,Total,Total,Total
España,2020,4,2,Total,Total,Total,Total,Total
España,2020,8,7,Total,Total,Total,Total,Total
España,2020,12,5,Total,Total,Total,Total,Total
España,2020,1,8,Total,Total,Total,Total,Total
España,2020,2,7,Total,Total,Total,Total,Total
España,2020,7,4,Total,Total,Total,Total,Total
España,2020,6,2,Total,Total,Total,Total,Total
España,2020,3,4,Total,Total,Total,Total,Total
España,2020,5,2,Total,Total,Total,Total,Total
España,2020,11,4,Total,Total,Total,Total,Total
España,2020,10,1,Total,Total,Total,Total,Total
España,2020,9,4,Total,Total,Total,Total,Total
España,2021,4,4,Total,Total,Total,Total,Total
España,2021,8,3,Total,Total,Total,Total,Total
España,2021,12,8,Total,Total,Total,Total,Total
España,2021,1,1,Total,Total,Total,Total,Total
España,2021,2,3,Total,Total,Total,Total,Total
España,2021,7,6,Total,Total,Total,Total,Total
España,2021,6,10,Total,Total,Total,Total,Total
España,2021,3,2,Total,Total,Total,Total,Total
España,2021,5,7,Total,Total,Total,Total,Total
España,2021,11,1,Total,Total,Total,Total,Total
España,2021,10,2,Total,Total,Total,Total,Total
España,2021,9,2,Total,Total,Total,Total,Total
España,2022,4,5,Total,Total,Total,Total,Total
España,2022,8,3,Total,Total,Total,Total,Total
España,2022,12,10,Total,Total,Total,Total,Total
España,2022,1,2,Total,Total,Total,Total,Total
España,2022,2,2,Total,Total,Total,Total,Total
España,2022,7,4,Total,Total,Total,Total,Total
España,2022,6,4,Total,Total,Total,Total,Total
España,2022,3,5,Total,Total,Total,Total,Total
España,2022,5,6,Total,Total,Total,Total,Total
España,2022,11,3,Total,Total,Total,Total,Total
España,2022,10,1,Total,Total,Total,Total,Total
España,2022,9,5,Total,Total,Total,Total,Total
España,2023,4,3,Total,Total,Total,Total,Total
España,2023,8,8,Total,Total,Total,Total,Total
España,2023,12,2,Total,Total,Total,Total,Total
España,2023,1,7,Total,Total,Total,Total,Total
España,2023,2,3,Total,Total,Total,Total,Total
España,2023,7,7,Total,Total,Total,Total,Total
España,2023,6,5,Total,Total,Total,Total,Total
España,2023,3,2,Total,Total,Total,Total,Total
España,2023,5,6,Total,Total,Total,Total,Total
España,2023,11,4,Total,Total,Total,Total,Total
España,2023,10,1,Total,Total,Total,Total,Total
España,2023,9,10,Total,Total,Total,Total,Total
España,2024,4,4,Total,Total,Total,Total,Total
España,2024,8,5,Total,Total,Total,Total,Total
España,2024,12,4,Total,Total,Total,Total,Total
España,2024,1,2,Total,Total,Total,Total,Total
España,2024,2,3,Total,Total,Total,Total,Total
España,2024,7,8,Total,Total,Total,Total,Total
España,2024,6,7,Total,Total,Total,Total,Total
España,2024,3,2,Total,Total,Total,Total,Total
España,2024,5,1,Total,Total,Total,Total,Total
España,2024,11,4,Total,Total,Total,Total,Total
España,2024,10,5,Total,Total,Total,Total,Total
España,2024,9,4,Total,Total,Total,Total,Total
España,2025,4,4,Total,Total,Total,Total,Total
España,2025,8,2,Total,Total,Total,Total,Total
España,2025,12,5,Total,Total,Total,Total,Total
España,2025,1,1,Total,Total,Total,Total,Total
España,2025,2,2,Total,Total,Total,Total,Total
España,2025,7,3,Total,Total,Total,Total,Total
España,2025,6,8,Total,Total,Total,Total,Total
España,2025,3,5,Total,Total,Total,Total,Total
España,2025,5,1,Total,Total,Total,Total,Total
España,2025,11,7,Total,Total,Total,Total,Total
España,2025,10,5,Total,Total,Total,Total,Total
España,2025,9,5,Total,Total,Total,Total,Total
España,2026,4,2,Total,Total,Total,Total,Total
España,2026,1,6,Total,Total,Total,Total,Total
España,2026,2,5,Total,Total,Total,Total,Total
España,2026,7,6,Total,Total,Total,Total,Total
España,2026,6,3,Total,Total,Total,Total,Total
España,2026,3,5,Total,Total,Total,Total,Total
España,2026,5,5,Total,Total,Total,Total,Total
